A,0.0,0.0,0.0,-0.36834229442290284,-0.1287274733226998,0.025080844770435904,-0.7548226665471086,-0.31608643105602424,0.04000286089887411,-1.051438885660085,-0.5222355226535333,-0.008346585442901988,-0.5452287091922231,-1.387957663675498,0.018754926097079627,-0.2815370020921138,-0.9981845184628989,0.010578095529545377,-0.3405260451015339,-0.7155230999162716,-0.27729301173200316,-0.3781457538855547,-0.5172842982494387,-0.4849223377818383,-0.32776806808814146,-0.37853040281117867,-0.09553558443729059,-0.006858016511554575,-0.9995663348689128,-0.02863755936276636,-0.07122470942860645,-0.6883444822429212,-0.2830100050499255,-0.02960210357242788,-0.49834519897328017,-0.4975761732674184,-0.011460500055712025,-0.28685931403804654,-0.13616106783581253,0.31556589437961485,-0.9350116250665423,0.03171928845247354,0.31575685375332874,-0.5846217784759916,-0.2955590529104981,0.34086684361803843,-0.4109766293540732,-0.5168015517553701,0.29440849586445006,-0.32063557212095406,-0.1968149011883848,0.6803381465642377,-0.7521983691878051,-0.02715956182856709,0.6734234128384949,-0.5239989206501806,-0.33702266154673677,0.6972990244501281,-0.32009876449021224,-0.41699678158127024,0.6247145168890228,-0.1625845075546786,-0.18922996301422113
A,0.0,0.0,0.0,-0.3195456988670697,-0.19787175361377218,-0.017587949334398716,-0.6318551078968881,-0.3003507951907844,0.08282883924833918,-0.9151465172943679,-0.4789194611533458,0.07448505239245044,-0.5123478199470975,-1.3002978470826039,0.05166632667851854,-0.3007072127153868,-0.9629215784607157,0.03054085001710905,-0.3330509204413111,-0.6721004489145448,-0.3281024020987933,-0.31075684825962985,-0.4854625050324538,-0.4028494767522563,-0.3373060635277261,-0.4458533985144035,-0.1272713940961274,0.0063428923879434475,-0.9978812236757306,0.06475207449635398,-0.046051669497172404,-0.6517692192153887,-0.29225107702394815,-0.03163951097184995,-0.5608819096830702,-0.4711195200574332,-0.021408258464933248,-0.33702408361472874,-0.1286499363044905,0.3652480614977911,-0.8982745100282695,0.03426373078325428,0.3633437786693302,-0.6178702467451384,-0.3301927450073723,0.29347209213553305,-0.4640560546601992,-0.46518350122409624,0.29935671365349514,-0.32257820037025925,-0.1349589529803103,0.582222127453239,-0.8565565302323876,0.060362203730476495,0.6090268134925241,-0.47822492717036946,-0.3133027246745729,0.5943218219823726,-0.3945805012893625,-0.4934563347132782,0.5771526243034362,-0.18622070108910493,-0.08503058507421775
A,0.0,0.0,0.0,-0.3057735887923835,-0.2112535011888457,-0.018105512277684258,-0.6651091729767103,-0.4119208047032696,0.008722221281590057,-1.009118819040457,-0.5373696428118829,0.044464833597412476,-0.4726257727637105,-1.4251348744962833,0.05819725574155559,-0.290852765398602,-1.0446773325209788,0.05884127329995174,-0.2990690031122727,-0.7185755033916967,-0.2687313399025691,-0.22315866709731233,-0.6080175958982436,-0.5209959192684468,-0.3125259358377992,-0.3807979788560135,-0.189235450870099,0.029311587652697077,-0.9993809513801085,0.01945622902484428,0.10940160815728259,-0.7231493289661158,-0.27455358617721437,0.02176144723878298,-0.5773726543954831,-0.4556008283246868,0.02834316731999258,-0.35858816024965723,-0.17155784158694265,0.3011701793815536,-1.0030917554865673,-0.017837239329420423,0.3073166781507906,-0.5911476911363022,-0.3079417174652841,0.366866035007168,-0.4433721251255436,-0.5031773527540678,0.3588601374849099,-0.3280039927781543,-0.10037349020044614,0.7091824174546986,-0.8829389949288657,0.043003931118792624,0.7333631372804121,-0.5258499349934285,-0.35571057039662607,0.7356237939607791,-0.36059331817318013,-0.49952784211106416,0.6693080457042863,-0.1301425947694562,-0.10566268960659245
A,0.0,0.0,0.0,-0.3038560195245852,-0.13794167066104301,-0.08399277758460943,-0.6800404994729901,-0.3366683070804266,-0.015420629249057839,-0.995124710330083,-0.5648128545250779,-0.031773707906345,-0.5127278713056734,-1.4112706580858867,-0.06420214780709504,-0.29821063252232527,-1.014292629040598,-0.05456904929125343,-0.3129288485992178,-0.6780530683471061,-0.4083898259601972,-0.3245380964400114,-0.4563653093784969,-0.46961027573761,-0.31562638188956005,-0.2999435347339389,-0.2506082666306597,0.10110077009128834,-0.9944344389692604,0.029644238543784757,0.09741357319603128,-0.5994716677922365,-0.3604552775385477,0.024992916288804085,-0.443533540597064,-0.5372473499517002,0.031196071273555975,-0.34785708281572,-0.23719744541616503,0.42553693398824866,-0.9936773132174163,-0.04296381345827095,0.4669463125055207,-0.5147819336966578,-0.4723381266049755,0.46168097627759824,-0.4496443879654807,-0.5673612521663504,0.4137526005602458,-0.24440072316685763,-0.27714513530877016,0.8211879196615711,-0.841645560815273,-0.09675423838976915,0.7235960084378718,-0.4527429988116613,-0.4553883046889734,0.7144515036660469,-0.2724307019318701,-0.5785076606553473,0.8151798361081166,-0.1136095981168844,-0.21403948505231338
A,0.0,0.0,0.0,-0.2907435375849809,-0.2277884341870044,0.06444840660199351,-0.7193443253134766,-0.3711325276341952,-0.0183374255770725,-0.9522635953143204,-0.5136664348699717,0.0063527940928596,-0.4895585386128823,-1.3067697351256395,-0.07497123601158924,-0.3140818829130782,-0.9702317761163813,0.014965651745848029,-0.3614699166820962,-0.7445007776216169,-0.3233232993209059,-0.33516322007328175,-0.560857670921151,-0.4712433072700687,-0.36740781968400943,-0.3576442925064295,-0.15167990620086014,0.0002108396514652444,-0.9994856296884379,0.032069168884586996,0.01459961732682427,-0.6687791272978002,-0.30267937961219754,-0.02520494325186615,-0.546048713956703,-0.5044607289805891,0.05337415838360862,-0.4109659779836561,-0.14155804782671105,0.33725675655013787,-0.9224073471531394,0.0054600320856862585,0.3250493093113106,-0.6475446784877922,-0.3042749476037318,0.30960452977361397,-0.4533112478924465,-0.44204502064149626,0.3101059950303224,-0.300656445812631,-0.0959220332220071,0.6828009817787378,-0.7896067237111982,-0.0006271994652643659,0.6337107779669001,-0.5108041714610839,-0.2710840565918869,0.5864241807829516,-0.3273383003734183,-0.42469804205026457,0.6607423805018219,-0.22389365703378575,-0.08893287486191416
A,0.0,0.0,0.0,-0.38283314293867066,-0.2065767725267454,0.01784149897707586,-0.6927824992227938,-0.31524284467991004,0.07124705912993635,-0.9821120407542691,-0.5416929122588559,0.051436824391599106,-0.5830193290235697,-1.2768007764330063,-0.016309202306607935,-0.3764973977345331,-0.9138296022878405,0.06300353430927964,-0.3893918725109099,-0.627517683824519,-0.2950437180179416,-0.34258348261846694,-0.5297223860790746,-0.4542370172145029,-0.3890130495270433,-0.3019688772054534,-0.12637777201703979,-0.04775584605917817,-0.9932692608125884,0.10552513772550222,-0.07410788166123099,-0.6518932063903935,-0.23082976310131703,-0.05476024119411006,-0.4266026813486724,-0.38482845830359963,-0.029595327375169764,-0.3358674759110188,-0.12393939358618672,0.25958551233232313,-0.8714033701421375,0.06438583758161105,0.27771708080869867,-0.5877169667452018,-0.2766890207490594,0.2889084380219503,-0.40669991036432773,-0.4554099174700403,0.2794714113424332,-0.269654266033649,-0.060291014159877726,0.5737992411012679,-0.8317703406200941,0.06570400029965681,0.6410323552151164,-0.42037593060352796,-0.25938809809298513,0.5632492958018042,-0.3483627052851759,-0.3965426887599398,0.5414631087769386,-0.1584380037659058,-0.15736761733582974
A,0.0,0.0,0.0,-0.3416676400622281,-0.13330507572432057,-0.06135648938378017,-0.6319683952934131,-0.3786905349040202,-0.021218881366874835,-0.959594020950991,-0.46803466025695484,-0.04233280574456554,-0.402931850380805,-1.3611647548285997,-0.02585717959971946,-0.23808877163718342,-0.9790372325400977,-0.0073126280124117295,-0.305408471167668,-0.669643979367758,-0.33756902284888635,-0.2693582269324103,-0.49259591782165846,-0.5375660268493436,-0.2622359510937248,-0.3456626858514545,-0.23136294907140026,0.03403246965879382,-0.9991557506676452,-0.02301253824977843,0.03123545293123273,-0.6642236363438451,-0.3392544930153198,0.09129799822666675,-0.4770002092546728,-0.49181221526420915,0.09048506883577101,-0.348241780322514,-0.19719023314916057,0.383846774191202,-0.9266083176950854,0.027070498252705442,0.41898079136526467,-0.557244014871593,-0.39047927032029506,0.3956410880667728,-0.46435388610459466,-0.5463523475616485,0.3727705004203428,-0.27541659745823793,-0.16742351258581528,0.7837348873660636,-0.9229734121822014,-0.03801478620281569,0.7331217887889867,-0.5164590532259595,-0.33496446684890757,0.7208661911254038,-0.3680798846324006,-0.5182596557562384,0.7113135693075219,-0.13682456167644655,-0.24128102604852317
A,0.0,0.0,0.0,-0.24668196735043904,-0.21899469420743015,-0.015721958739053386,-0.6086875611868956,-0.31377401986099834,-0.037818433556433814,-0.930659544046212,-0.5504197704965442,-0.007363025101214996,-0.4899733364221116,-1.3480071283195678,-0.02800618015013053,-0.3316826945008332,-1.0034541932864935,-0.05877699246012268,-0.3422706918464671,-0.6649333723797536,-0.34654856871440154,-0.329182062602148,-0.44592673240893155,-0.521121056036006,-0.2852373068644198,-0.299328502136339,-0.15865685776701222,0.11660102255473222,-0.9924744453138231,0.03739888953177606,0.05541701792197156,-0.6945395921016267,-0.383683192963521,0.07001749172035955,-0.5624524639533746,-0.48746099660831493,0.04804964544785218,-0.36065194068511486,-0.20105297543174655,0.3639390974134522,-0.9400462208310965,-0.01614954689453343,0.3780742793710763,-0.6309055969871451,-0.3499652176554368,0.3640911211006561,-0.4793012348887713,-0.5078181349743817,0.3670253572421918,-0.323532723296824,-0.1723819082278633,0.7583503891858726,-0.7806416750089,-0.0270400526065353,0.7178656592148304,-0.5519922053199287,-0.3121237661074436,0.7067246760743957,-0.33068085331502406,-0.5369894526529985,0.6705574119504458,-0.1536800613575912,-0.14673104989661787
A,0.0,0.0,0.0,-0.3635071602487646,-0.09823485502958926,-0.026748960063225958,-0.7241002713691636,-0.22863768200153378,-0.02024014860692252,-1.0597501936197136,-0.48941746764523864,-0.028822676432765443,-0.5411353151656149,-1.3997612618683102,-0.027481659031261617,-0.362995028951209,-1.0485405759541049,-0.099866428739006,-0.33314039732869416,-0.6117278578471969,-0.3877142706005638,-0.34983675992868624,-0.4380296017439131,-0.47172037772685926,-0.3749299644870631,-0.2937191697151053,-0.19878333764085698,0.018110364169440476,-0.9998353635759172,-0.0011226988302687785,-0.054385903912761144,-0.5618835420508362,-0.3513434942584945,-0.005653253050649958,-0.4247477503611304,-0.6136442513052783,0.03416502634508957,-0.1922141267641729,-0.1406121416324633,0.4074630592038732,-0.9161419375891261,0.05552735216861834,0.3863282387666027,-0.5290447421751654,-0.3519545748249398,0.4118047299710591,-0.3537553912429792,-0.5354248590189862,0.3357887729087034,-0.19791694490181985,-0.15773653945978117,0.7397598047395527,-0.8387745670993298,-0.013772405990522795,0.7325333483581782,-0.3954572367432195,-0.3893647375678531,0.688496787875245,-0.23249057018494232,-0.5293556746333467,0.8033228198298619,-0.06000980510589364,-0.21492553354100888
A,0.0,0.0,0.0,-0.3897607505824653,-0.07654386625451419,-0.09085872749828539,-0.7905637149754061,-0.29756170578058766,-0.07317226435910966,-1.1432180004506012,-0.43362573732339743,-0.07138327298388586,-0.5558099214207206,-1.3072531021315423,-0.11675850896303251,-0.46001583955506004,-0.9566162604401264,-0.020065834458983137,-0.3935399444742566,-0.6919173913256345,-0.4094256301202307,-0.35717030979759457,-0.478313192058976,-0.546006587224332,-0.3787597039570518,-0.3347475660925286,-0.23627078980453317,-0.11020658308785991,-0.9925608269636351,-0.05174469848557903,-0.05120925455818151,-0.6301526327950049,-0.43605232108801306,-0.08927429531210378,-0.45251697924883355,-0.599070838108602,-0.0387829113419122,-0.27986757058899525,-0.15867616433955375,0.3504292470465683,-0.8417054863729944,-0.0755238361798196,0.2771800004632388,-0.5681459429905422,-0.3614972595729107,0.32838419257790025,-0.4616517418327031,-0.5171479692994024,0.31495006622734517,-0.22382542853380788,-0.281261537161552,0.5682234485086558,-0.7787814220266615,-0.08692954468052536,0.6278921587916698,-0.4843679421232313,-0.4057402578093559,0.6179020733417349,-0.21169800948754813,-0.5799136043573504,0.6035217620122382,-0.1297702142501628,-0.17498067747975501
A,0.0,0.0,0.0,-0.387896394207607,-0.09423264944396767,-0.020101149752196117,-0.7616767901737926,-0.3663506333838433,-0.001559861340192332,-1.0843471261460875,-0.4725526771392381,-0.030005153066114558,-0.4960761179439707,-1.38830805242354,0.017914367543936688,-0.35072501465399136,-1.0384922028829695,-0.08002936484264807,-0.2907794667014494,-0.7137359736763792,-0.35696364424930244,-0.3611695682272806,-0.5408498189880894,-0.5836251772649954,-0.3797303293223178,-0.3160904190207147,-0.20698331026773353,0.02360587745625089,-0.9997087180295551,0.005024106410487983,0.03673912969202254,-0.7085349267931899,-0.37653592981942285,-0.06736035281560648,-0.49913725965963207,-0.5751079761251768,-0.028476445862885707,-0.28920374175829866,-0.1769394022231641,0.3844678261367742,-1.0009632363256131,-0.029123742933901468,0.37517883692077186,-0.6393650930156867,-0.34998247589860054,0.38952164981525883,-0.35083646026387244,-0.6647771909931419,0.37248806282617825,-0.2749104330821568,-0.10718829502528739,0.7386133303414547,-0.8081521327031855,0.008748823423880552,0.6792705179517631,-0.5203941434458409,-0.39245365861704024,0.7855230889788438,-0.26348542831534294,-0.47505526820795374,0.7627828603699343,-0.10424234690652552,-0.288545460610742
A,0.0,0.0,0.0,-0.374609367718108,-0.13245486817666663,0.06009497558664976,-0.6647489493313707,-0.4041183902618478,0.07495556026386338,-1.0488262765415741,-0.5239888284126896,0.05036615074821221,-0.685723534892095,-1.3133148401401267,0.006688930953710779,-0.4054299892994561,-0.9761775390492204,0.028010271669056785,-0.35955219357075463,-0.6658450083083391,-0.27046843287014377,-0.43356283783716454,-0.5201240325408384,-0.4832526270539282,-0.36155865307806,-0.3355129668551993,-0.09560933203436452,-0.04903138191790653,-0.9983065937441594,0.03130285089499212,-0.03416823671931489,-0.6794645000278469,-0.3195286183479454,-0.018520057739127536,-0.5181247745211985,-0.41423432250108067,-0.04772377313745689,-0.3329712104458876,-0.13606998295284797,0.35899759550906324,-0.8968768969116367,0.04779265753642615,0.27734804351870895,-0.5847771146085782,-0.3564768377348471,0.2830074365601584,-0.40878780810475784,-0.4838274372176988,0.29817369501605856,-0.2789075826630608,-0.07733671457227885,0.6282082511610703,-0.756376857072786,0.05127997160435847,0.5646129492663784,-0.45119342531197815,-0.2784067503372957,0.5601879517472804,-0.3668656612806977,-0.4589730942482005,0.5465996425628904,-0.16963866118308507,-0.15679510733774962
A,0.0,0.0,0.0,-0.3287726004564229,-0.08901508947095149,-0.03486387961536488,-0.6985321489852354,-0.24637228061772534,0.04019945137350806,-1.0771884494185437,-0.41596321086105664,-0.03114043146496625,-0.5080204097923298,-1.4109333366036891,-0.00674323776101377,-0.35931897770021665,-0.9761542424665156,-0.03858569188619815,-0.3924100685904064,-0.6290120422868464,-0.3865687401230152,-0.33360407192426633,-0.4198674556425214,-0.52478886789555,-0.38079439306929586,-0.2602014094875803,-0.2422048565412643,-0.06373496391317275,-0.9969470072094611,0.04510564478072845,-0.013298344792776171,-0.6422785503566002,-0.37847368810174287,-0.01764626539051053,-0.44217229953687526,-0.49254097602540564,-0.016694585952923287,-0.29721982628570665,-0.1969800403247195,0.3539328628484496,-0.9155428226961954,-0.012013312006276831,0.3300597256977173,-0.5899302211551203,-0.35560559942141656,0.35182425954479823,-0.4526315978966717,-0.5469827179843125,0.4005696287105873,-0.2707270168266451,-0.15160061461693955,0.6853390766563894,-0.8348310304611609,0.018748548572829784,0.6530814682767465,-0.4728908339684508,-0.44067841948215963,0.6728213750824009,-0.296147996213947,-0.5768994151128161,0.6833932821217386,-0.11371011542555634,-0.1648444245033622
A,0.0,0.0,0.0,-0.313701531800658,-0.19538393424906658,-0.016551303158815443,-0.5704367501694105,-0.4087749795548483,-0.03017453459892604,-0.9160878039815274,-0.5251586990099326,-0.040807990660587525,-0.43733708826059786,-1.4276557731060493,-0.06554671187636447,-0.26008355464304483,-0.9881073135341752,-0.024048304854303957,-0.28351585427676035,-0.7039161530084045,-0.3242017374648373,-0.24741772148463764,-0.49587616992619393,-0.5030143661072922,-0.2652457352252118,-0.4180352037386107,-0.19823195987973646,0.07994546046463365,-0.9945535959457519,-0.06687202810197815,0.0627478779265873,-0.6747633236321217,-0.32269487847959016,0.1041086655677547,-0.528735481316391,-0.48070944244368685,0.018733174304456205,-0.3101515124241334,-0.17288457439031943,0.3417164012784313,-0.9396998605713173,-0.05190885578400968,0.36204061813539173,-0.6196655003071141,-0.27444882824424177,0.3259916737943571,-0.4293199982245788,-0.51056131768377,0.38819973767877913,-0.26799109536661797,-0.16037542463097895,0.6759783116553582,-0.9024440926510583,-0.010663011440129364,0.7073625678258414,-0.5519233878189411,-0.3467324413441691,0.647906586201115,-0.40190837684952724,-0.4681963689422862,0.7240944731965316,-0.16760004186074134,-0.18858808600454674
A,0.0,0.0,0.0,-0.42564906437852973,-0.17736896522475365,0.0624534025889874,-0.7480279774132881,-0.2899996383810293,0.10382004044945671,-1.1492360247885245,-0.4642409381915865,-0.009796367375030448,-0.5545275847497202,-1.40638209888714,0.058729038631792026,-0.3802027652570995,-1.070828168209975,-0.0023876869610552627,-0.41114605295658835,-0.6167666183413842,-0.3338106403980205,-0.3908517197147374,-0.4831455881827648,-0.49689839554473403,-0.39583458154486006,-0.3388474048112865,-0.11295885191163561,-0.03723470193392195,-0.9975436736640331,0.059331240546250226,-0.019199027014820236,-0.6756350782698283,-0.356631925967073,-0.008646266797689713,-0.5368998360861015,-0.47902818374416567,-0.053754896982687594,-0.268607729868218,-0.09619347157709249,0.3133890029738989,-0.9783069619681994,0.08419563986008509,0.3005571331883593,-0.572720222956969,-0.30184033338334665,0.31068076293854346,-0.4961003246459874,-0.5449493305972645,0.3468758472794873,-0.2528371885801503,-0.061358896760911,0.7054643555861667,-0.898877285508564,0.003951403461698404,0.6416630734058019,-0.41141151483878496,-0.28368716904434127,0.7367061807797217,-0.41939289795277324,-0.46877900771421893,0.6910162045499454,-0.09139107962345269,-0.17391214617203302
A,0.0,0.0,0.0,-0.3405777207797032,-0.1454253590002907,0.06542925659754321,-0.6718992106050479,-0.2988294948944314,-0.0041043745602066615,-1.000384601359813,-0.498722893649058,0.05439739307601347,-0.5965929340227049,-1.2481346632669446,0.026825196109082183,-0.35964928091446635,-0.8787888106254464,0.06679760079599165,-0.29606962094949196,-0.6364072492394395,-0.32380494690718914,-0.4167284910618491,-0.4991950596614286,-0.41150529692944426,-0.37413633209107355,-0.3365984351088105,-0.12031038275567417,-0.020044127176957097,-0.9986105920441399,0.04873518670290058,0.00844716737617461,-0.6736618158184721,-0.36719619252462476,-0.000725512848788365,-0.45754717457476657,-0.4643174919085957,-0.0552965901115982,-0.30403156463742603,-0.12755465853396314,0.2923161726919155,-0.9304020517156028,0.06264213220230003,0.3177286885395096,-0.5369038429142281,-0.32778260872394815,0.27209660489222315,-0.42195854636418306,-0.3744148316803498,0.2854760379781461,-0.2631615935566913,-0.13670025100028832,0.5593435022099826,-0.8159943969235952,0.047961107110122865,0.5851542085699126,-0.4747240538968737,-0.277596199389568,0.6024890693208667,-0.3652247681735113,-0.4834053590998215,0.6007306359123786,-0.17330876776202805,-0.1341559768054451
A,0.0,0.0,0.0,-0.2880264993120642,-0.209175009759272,-0.05257034025426113,-0.6690383432856308,-0.3253875463718144,-0.07862694215704111,-0.9479908379972881,-0.5349020842141271,-0.09339784017335781,-0.48105264802391406,-1.2516356409902505,-0.036937570809254236,-0.2788111950645972,-0.9308914916777054,-0.008665361132410464,-0.29989637991829743,-0.6652934757449531,-0.3774073934231289,-0.27231716974575687,-0.4967756685857462,-0.533641656677499,-0.34108907603212923,-0.3828292490280513,-0.26030868241982874,0.012136820858347898,-0.9996807953417028,-0.022158632729318124,0.030905350643773085,-0.6464205643225251,-0.3631474114300912,-0.017257643882833663,-0.5187498644392335,-0.5466727115040204,0.040736415490841324,-0.32461979582797623,-0.19823671425933045,0.32296240480966487,-0.9985979020532854,-0.012771360054311837,0.3786833343121516,-0.547152865196419,-0.3136483379364005,0.3402156842985659,-0.40907276058649333,-0.4667932736647165,0.3132898068792463,-0.3274773333690814,-0.1528723216948894,0.6724845311498923,-0.8411038419139846,-0.018370630895556798,0.6373380360381649,-0.5471847585886555,-0.3647320117539664,0.7023050784672077,-0.39348942378204926,-0.5901181177342297,0.7412401562293024,-0.1924946614980618,-0.18518040419786214
A,0.0,0.0,0.0,-0.33881709109179503,-0.12950774613967836,0.050231356670439896,-0.6638892823546224,-0.3071978085686853,0.035588284150047354,-1.0292514884976034,-0.5156923894157917,0.05620859465243047,-0.5742239945736135,-1.3725547852588527,-0.010569922368418066,-0.3545819267418962,-0.9896725509076509,-0.004346478664152856,-0.3097102202377324,-0.6600293242402212,-0.30515876565072675,-0.38414173851370953,-0.48629243221645535,-0.540219840372571,-0.30456324154729625,-0.25023551987054377,-0.17028169202443502,-0.03595134702873526,-0.9980934830790077,0.05016871218233313,0.0547355689942738,-0.699307575160345,-0.3641476606280248,0.01745352542924563,-0.479407860686058,-0.5307778580922288,0.07027451872860531,-0.31169405599676764,-0.14809157611351503,0.3193537104881463,-0.8999331420550886,0.010633178124960844,0.280343526761633,-0.6247666308081338,-0.35357879839940176,0.3200690388831082,-0.4454371617302288,-0.5815164518945511,0.3211036137454325,-0.22187112883514326,-0.1678871418111809,0.6992118962445802,-0.8580866508692816,0.02275118828467405,0.6426878904263987,-0.4180323796287888,-0.2954219537369957,0.696893245450788,-0.30157311366727024,-0.4442361086942222,0.6524663410995362,-0.11345434661478634,-0.17923275785412363
A,0.0,0.0,0.0,-0.36243177075868993,-0.14175135906100855,-0.013805699537566142,-0.6201015710514727,-0.3254353829253033,0.053790208988431815,-1.0577852680895388,-0.5011682527358041,-0.0026458285610372325,-0.45877938006700303,-1.3681242471029837,0.024544516075030023,-0.3323944048836567,-1.0989276660606297,-0.07349930830853854,-0.2699795348155956,-0.6714486547332219,-0.32959972164550944,-0.32140300826481777,-0.523893416483796,-0.5258386839940231,-0.38119542065432077,-0.3567940671378941,-0.17647696611088398,0.09566887277151569,-0.9949817517951665,-0.02930495482421535,0.00916591623070225,-0.632820409689462,-0.3131595710267047,0.04432547561786431,-0.5013568953682035,-0.5123595784980591,0.002920833040111439,-0.26800429215774957,-0.1811715501178912,0.4242913633038775,-1.021856595496359,-0.01258654036759675,0.39142486795576514,-0.6437120779493415,-0.39182703120780693,0.3920320895569095,-0.41117170855643803,-0.48713797970131073,0.4290739841501828,-0.2770921790846589,-0.20206179755497367,0.7351170817344888,-0.8844591520267895,-0.02910380217765208,0.7632414440554429,-0.500389995385325,-0.3266697951419762,0.7171232847831425,-0.30921471622182933,-0.5483340710161624,0.7672774411787041,-0.12536534988761075,-0.15749842929887667
A,0.0,0.0,0.0,-0.36722278572229894,-0.17738495639706994,-0.047756182333709464,-0.6775919074315732,-0.2730053168125801,0.010921192239352118,-1.0784725075467285,-0.522035200484868,-0.011282340378593188,-0.5396414721959076,-1.3421387223450882,-0.006823407092068352,-0.34061144184178327,-0.9786723947023204,0.00010638511416552926,-0.38247418022121815,-0.6757101379821422,-0.3452788931686894,-0.388332135081599,-0.4496638240340732,-0.5099213117581047,-0.3282944542184219,-0.3425580821170525,-0.11334719989054329,-0.008248973163589135,-0.9972253213492518,0.07398386919881814,-0.06773582207369397,-0.6448286324541848,-0.314790246957823,0.04289900209083302,-0.5510196436162647,-0.4572214215975108,-0.04805030343249432,-0.2928104812540606,-0.19835188821084018,0.2961607285285846,-0.9768553812287991,-0.008880774078666148,0.3621509261661877,-0.6041995380413395,-0.3100277826327752,0.36107575275096204,-0.39762317967170996,-0.4885742841888255,0.28245118822672205,-0.24536959273329587,-0.1491607009906626,0.6124996259821999,-0.8444342675281591,-0.017819768303070214,0.6567000105691428,-0.5089394674780457,-0.26019721011294183,0.6138605314801642,-0.2621048401079506,-0.4801430295312066,0.6743794326288656,-0.11836012508707706,-0.19489176140415734
A,0.0,0.0,0.0,-0.33550594266575584,-0.23539986523168893,0.030509183707351138,-0.6977893151686902,-0.37204308541493897,0.005368076119421051,-1.0438223750987776,-0.5374626919949296,-0.012840281707648855,-0.48939877558719214,-1.3763222332841005,-0.009931130072110547,-0.4120919401475133,-1.0052365674442794,-0.05173039429825364,-0.3250565062979157,-0.6591055972052692,-0.3759363113304007,-0.37507235993520777,-0.5189137544730451,-0.5229858839173064,-0.2913190372236506,-0.3182601015007296,-0.17917584432311667,-0.014801041750908657,-0.999411403642978,-0.030947947128369815,0.031907687848070014,-0.7233382058502318,-0.36022012959215216,-0.009860356721237418,-0.5533365176705838,-0.5408091397728825,-0.012385468250691067,-0.3511057337905991,-0.150028642331352,0.3622746858117581,-1.0190486257123996,-0.04219633434037496,0.3375551114998879,-0.6247043950580108,-0.37214069234810315,0.3877124241127541,-0.4797863543921417,-0.5477387218449288,0.2940536569662823,-0.28324809094107745,-0.17915494857617437,0.6378960695366256,-0.8685185914660777,-0.04682710326276186,0.6818560451975766,-0.5015741158273009,-0.3193711482405896,0.6631138520035136,-0.406383109901709,-0.5285622266824351,0.6595890174081697,-0.15231477237383131,-0.14628570313384492
A,0.0,0.0,0.0,-0.3452331706365978,-0.19696699511071192,-0.040343480446759866,-0.6216402332700216,-0.3418497650505984,-0.07239568667615093,-0.8956520603621644,-0.4683297278545434,-0.08144888647122896,-0.45623426805019074,-1.25795920834734,-0.04752386207892146,-0.3389968217796612,-0.9308843762078315,-0.08646792791353483,-0.3126069365431416,-0.619178581489716,-0.3315002259244729,-0.36982171750677306,-0.4488416258120767,-0.5712940480410501,-0.34418217949663027,-0.2828484540141766,-0.26919660507117305,0.012910554430415376,-0.9999121089321504,0.00301529354434104,-0.030490905038610194,-0.630280732561045,-0.38687397907470855,-0.023443398310477995,-0.4617828659686329,-0.5559535074482592,-0.008931060182933838,-0.26528046892091733,-0.21807552129061225,0.31914497659074736,-0.855450112110423,-0.0957726863919231,0.3878314205937535,-0.5651416447917053,-0.39485094472313326,0.2551502583917314,-0.3671918123164725,-0.4953612382611149,0.3408183726669331,-0.15327584002319702,-0.2327526307321855,0.6540362673728545,-0.8000683743750048,-0.1315777769864302,0.6337684670281256,-0.4978627828208542,-0.4019915686040325,0.5741105575299377,-0.2615899708062823,-0.5122962625329195,0.6529208571951891,-0.1260871748866577,-0.24869607203417776
A,0.0,0.0,0.0,-0.2895753753784166,-0.16124305890212942,0.11658678973354443,-0.6645420797019916,-0.31177358772887687,0.10575933593360556,-1.0203585154722472,-0.4444428328292618,0.07127361682984959,-0.49822319721486535,-1.3213288028238113,0.10313571254544358,-0.32917288657406646,-1.01524899657996,0.07631091899603165,-0.3526233517823633,-0.6029366510131188,-0.30079971139356,-0.3277418974947421,-0.46865220837227956,-0.48268381042893205,-0.2912926706335341,-0.3026879793744735,-0.17312742490046557,-0.02707046265182069,-0.9950515019378275,0.09560177060645894,0.006325882922727734,-0.6768054832905913,-0.24786384283788465,0.0123013091689124,-0.4484827727362866,-0.4053057917655141,0.04309923833446426,-0.30400487935383763,-0.06783188029411734,0.30806913465330116,-0.9493261818897466,0.14479291070747632,0.3585283218076264,-0.5633168960022926,-0.24795078528636305,0.35612805104197404,-0.46260812563077564,-0.42308142519818903,0.3248626265058615,-0.2310417738972087,-0.089624809201053,0.6721059690167785,-0.804740785706134,0.07191215965603454,0.731275997368423,-0.4699735009986664,-0.28050999895989537,0.6815331769420867,-0.3238251507892234,-0.4572438938314119,0.6929074544439868,-0.17853084669717992,-0.09632736194846651
A,0.0,0.0,0.0,-0.38158103720147274,-0.1908386454699526,0.04653731009205085,-0.6709097395954107,-0.37953288822425324,0.01235619295662054,-0.9618968192782131,-0.49670250757361634,-0.011603221085610755,-0.5128012406049431,-1.248646537273519,0.03479489785624099,-0.36301820068947566,-0.9295183154658299,0.050203948552123345,-0.41277131966485664,-0.6049162505079805,-0.2570059635622165,-0.34817076814979103,-0.4510820268173291,-0.4349770366126809,-0.3621932600705676,-0.3369683469754561,-0.14766168594509602,-0.08540823323350087,-0.9958369018998078,0.031848053480935674,-0.06053127477997248,-0.6222096721751901,-0.3283396015474564,-0.09708046010841438,-0.43065436516043093,-0.4185079692940538,-0.043721739781997795,-0.32974344728121335,-0.12584637154176131,0.26788653870758933,-0.8691636066791864,0.024974896432627316,0.23666969563983561,-0.5958574770628868,-0.24956316388047833,0.21432005590089137,-0.4141023191121914,-0.4285779872383047,0.2699836886708078,-0.25324407572736096,-0.16239334411150355,0.5342254384313941,-0.7714687677359005,-0.01205874940690057,0.5184173103370918,-0.49027181994625596,-0.31406185262865116,0.5694245422617341,-0.3444130111206496,-0.4455965032578862,0.5894972515770457,-0.15622018311098412,-0.14734097767487803
A,0.0,0.0,0.0,-0.3315721104364634,-0.16415186793278985,-0.08477821877586723,-0.6742234452561122,-0.36013294010337793,-0.04412686239022279,-1.0662351321313892,-0.5073592795465279,-0.09543577927989022,-0.5432631810152083,-1.4020932072571453,-0.0331486971231182,-0.4217444485250308,-1.0186342469850342,-0.10936246796036299,-0.35469306533921424,-0.5954044566477075,-0.4372114104913947,-0.3590574455876692,-0.5613520543092189,-0.6169567152742624,-0.4100492846826582,-0.3241297214785693,-0.2036218936332371,0.052968241785680936,-0.9983784374239739,-0.020853322253253585,-0.033355459977277624,-0.7200824119395327,-0.474264902663317,0.006670079388869698,-0.46185983035273787,-0.5626276366841416,0.03770092375531539,-0.33140833977705614,-0.2008381767995933,0.3337409030631722,-0.9868409698236359,-0.029509851234261263,0.3168599107529553,-0.606226937441518,-0.37121684546562456,0.4017723117842047,-0.383482796416013,-0.5785677268442659,0.39128769724314894,-0.2710899233815502,-0.23599763463384257,0.6836477800405939,-0.8540152033156571,-0.11903075656298515,0.7149193410887922,-0.5057758486656097,-0.4254826266540622,0.6939250290880202,-0.3400878529399091,-0.5607832936786762,0.7212010536518614,-0.11300433938923371,-0.24236733002235575
A,0.0,0.0,0.0,-0.4439783412287391,-0.09294191564542167,-0.003067316125996189,-0.7563631603699674,-0.29572540955253046,-0.032262336700338394,-1.0540022518025522,-0.5246199624428326,0.050900494931975133,-0.6177091049110219,-1.338293346864617,0.01173935186146414,-0.4870123150991094,-0.9895634569985527,-0.02048123821366963,-0.43528859075235127,-0.6434670350297851,-0.3283436176631588,-0.3851196933021188,-0.5395762102683471,-0.444226918031663,-0.4121036033556593,-0.3208761478223712,-0.115850318304251,-0.05629693062455521,-0.9983960096804511,0.0060052857056837146,-0.13046715863734104,-0.6117777228786642,-0.28260811154673926,-0.023016453153901342,-0.4834515006111621,-0.5405455091911024,-0.03953958512870633,-0.26007234211367397,-0.07535313806699005,0.2820543043245864,-0.9295383186941373,0.04222005006557854,0.20405364197523496,-0.5422389037922283,-0.36867399987904714,0.20519806505076324,-0.3763077801030227,-0.4626301871807732,0.24255778683757828,-0.23801743959080784,-0.20227571560924865,0.6094307238913761,-0.7945235317887571,0.023260929532063702,0.5879602633879216,-0.49632660427056874,-0.30991677391725,0.6297696400808088,-0.2764570957006015,-0.47700293133559585,0.6200413317086724,-0.12044075390900288,-0.08655459447366447
A,0.0,0.0,0.0,-0.34132137950676783,-0.11664745718375966,0.08126694997805928,-0.6513904126235351,-0.3471653760900973,0.04038519155482299,-1.040564623792903,-0.4723098944550605,0.05087095747173243,-0.48843816685653285,-1.2788057948202878,0.014152154608275328,-0.3775871285091897,-0.9771591208109016,-0.014387209556408088,-0.4068472243649646,-0.6328893035887849,-0.29652403679398165,-0.30676835317053086,-0.4765673530609109,-0.45314689523143864,-0.3783380526713462,-0.37462796350512223,-0.12368191287424232,-0.07446030824200395,-0.9936249503595702,0.08464703491231905,0.011178352343812582,-0.6740179929200116,-0.2858627954396623,-0.021437951971444835,-0.5127997899076644,-0.45728769711254463,-0.015156559930053352,-0.29582853613671906,-0.09090042675802114,0.25429688355774377,-0.9380636599941895,0.03051094331889902,0.33790482672631894,-0.5845145454529841,-0.27669260586044697,0.3066596059540022,-0.4688360233241108,-0.4515013178798167,0.28502556575261073,-0.2882295291844061,-0.167342736182644,0.600441123204075,-0.8580990984647534,-0.005907942775497889,0.5944086549433436,-0.5095407563212327,-0.29238691063263805,0.6263619893529032,-0.3100454009086593,-0.38688985571070783,0.6171905986281848,-0.15197266920979724,-0.21760707627518178
A,0.0,0.0,0.0,-0.3649739059984506,-0.13359444228922746,0.015940188858063368,-0.7078891070448,-0.2800250820605005,0.026694232206555243,-1.088616057994693,-0.5117171520242483,0.05367467129540909,-0.5211504670455928,-1.3226458230311362,0.040961743379142684,-0.34386376206278946,-1.0049002333387684,-0.008830787691094572,-0.345840819701443,-0.5642545782491996,-0.378719865097034,-0.3116671662671752,-0.4785811186706818,-0.47716011937131203,-0.35328055953089493,-0.3414563110327591,-0.1714077946704428,-0.05944085067841543,-0.9964459582798251,0.059684482894865915,-0.03915504782752393,-0.6598041686836539,-0.3390297218388943,-0.02282674929693808,-0.47984700224493765,-0.46387354322000357,-0.018513375745956566,-0.3343387169367085,-0.16104315966493138,0.3101198693661835,-0.8692872215788595,0.08126568236804808,0.3115179900845268,-0.5834584110677922,-0.3482576861002947,0.35229486291651924,-0.4258081404493665,-0.4290123139323513,0.2966261823616927,-0.17508177733460026,-0.18265987431966316,0.6000531724243912,-0.8209682002875804,-0.01178640098159203,0.5931955546270918,-0.45531421895318264,-0.2991080893833195,0.6005950856230854,-0.3127803417856837,-0.46437038816367715,0.6870164461740965,-0.201297493118313,-0.15549152450966633
A,0.0,0.0,0.0,-0.3109168390978245,-0.2237346751236122,-0.05277386439021448,-0.6266209702953398,-0.34783761124421003,-0.06743131053443133,-0.9654772656903424,-0.49578400851631155,0.005050524743400909,-0.4637479362248672,-1.3391788857953728,-0.021698408179509063,-0.3071897738433798,-0.9617491550766113,0.026040849702002156,-0.25265861237180315,-0.646970150566691,-0.358682561457262,-0.22311985138516835,-0.5588905846426724,-0.4291783023022895,-0.3476304211401087,-0.3759944022291749,-0.12159919708990632,0.06927769568938735,-0.9974779684062036,0.015437079523058173,0.034413232904371864,-0.6288813444878331,-0.34443217120788244,0.09040879359460628,-0.5137161068500748,-0.4893632298872849,0.11641372626320456,-0.3356893065516852,-0.19805692309665443,0.3765592395499627,-0.984727294393344,-0.02466566490031477,0.38507754193871796,-0.6388949050205324,-0.357407216119347,0.3824695159239689,-0.4373592596251155,-0.44777322786813456,0.3704952217081173,-0.29850518015135785,-0.14754675431374847,0.6652869770765304,-0.8995917286561604,-0.03231290024697445,0.6618562338018606,-0.5012132569131116,-0.27928060158167434,0.6809610492871194,-0.376415664020307,-0.48726671301835356,0.6552847668604718,-0.16627784155863679,-0.16688126165295797
A,0.0,0.0,0.0,-0.3148387140012972,-0.16659293979231474,-0.02802487551966883,-0.6368883499482705,-0.2947483554959374,-0.009816887855616086,-0.9510701834069716,-0.4530054244621937,0.044296122285555246,-0.5609397477084409,-1.3118800784147262,0.023173920228674726,-0.30715662354217815,-0.917861443547104,0.08515469655205019,-0.3305017271095252,-0.6684743629850695,-0.31096769256045703,-0.33996965631732456,-0.44346942061062045,-0.5027869426054111,-0.3194934266242175,-0.3237177100868728,-0.1051619290282417,0.02335655305585609,-0.9987766103507171,0.04358616805456794,0.011567215725755104,-0.6656026175698231,-0.2781214403081087,-0.03515171610683956,-0.5349710586485188,-0.4723423948720124,-0.0874067203173454,-0.2856519221171787,-0.10473909864376672,0.299826806303678,-0.8760734189983886,0.007207427993291566,0.25468823059862505,-0.631911207686542,-0.30254326081327215,0.2858862225894548,-0.4149284427687594,-0.4465988125868556,0.3408217966257298,-0.27639262393569886,-0.19493286715771108,0.5780699830344807,-0.8221816472803323,0.027513292740427443,0.6655782594862415,-0.44084307235647746,-0.3103957369406628,0.654017029124734,-0.32084184219735196,-0.5099636752104478,0.5854187347373446,-0.10807832723457246,-0.1479313918201629
A,0.0,0.0,0.0,-0.29702763205171645,-0.18230142662766033,0.014657404083791768,-0.647611618738565,-0.33368838852834803,-0.004453340931024914,-0.9086380118786993,-0.5618012389583378,-0.03924536293771033,-0.44287870900367965,-1.3053895854995683,-0.028128245591310837,-0.3159384782191494,-1.0102457680297194,-0.028856930719901752,-0.3266496264404223,-0.7218470984518653,-0.3303428574560138,-0.29802956719715096,-0.5028526981178914,-0.5417805903133665,-0.33700298569002296,-0.3155223600153424,-0.15937477535633623,-0.0036112924658665752,-0.9999653306857221,-0.007503065594816733,0.02250479749839992,-0.6602539052047148,-0.390103677401558,0.05198790249288264,-0.533193890432399,-0.5132714662306649,0.07054088110402444,-0.32735082239482405,-0.23373586707496133,0.325448365155787,-0.8884514713615425,-0.0838356317144703,0.3527999131184982,-0.5713283850642288,-0.34768685098971946,0.34647002369289914,-0.4173378060608199,-0.570037263664156,0.32355660338651643,-0.24770480474577372,-0.18811579479019636,0.6759431461592761,-0.7862550698517403,-0.08115059766576461,0.6258592760414117,-0.5529454358548258,-0.38619314376333663,0.6618597936556901,-0.32540044303955734,-0.5819630300319433,0.6734195975996766,-0.1507591937408309,-0.234142681856999
A,0.0,0.0,0.0,-0.3630506548814329,-0.1898549880764491,0.007497246916776508,-0.6873538360548634,-0.3156265803559032,0.025318467827850313,-1.0032491158599997,-0.5226562310041665,0.04201512452446255,-0.4868796063998996,-1.316532692942369,0.04999108625041412,-0.3327380702829864,-1.0184965048732908,-0.01109448135543363,-0.3420211167970629,-0.6556490112964375,-0.30329435511849573,-0.28944453449168095,-0.5154072876541059,-0.4070028966297986,-0.3978971003742831,-0.2841883415771666,-0.10453176387684815,-0.022417062191661445,-0.9994337340580728,0.02509355593439552,0.04198778522502634,-0.6684605955537701,-0.2971254661480656,-0.04055701244061489,-0.512075763388276,-0.4766014930261166,0.0011486234248539787,-0.3136823532934971,-0.09607759182741768,0.3182486197697549,-0.924031036129921,0.09238318247979997,0.4292200408689746,-0.5672682225850602,-0.28165670295364464,0.2931045477138377,-0.515512295691579,-0.48699881827207686,0.3289684730682918,-0.23715987810001102,-0.07673274378144783,0.6490632005070139,-0.852057016638088,0.030184329614490104,0.7190416648204738,-0.5483283977154677,-0.25750546647406636,0.6584587719468012,-0.3177562546804657,-0.4752019246124498,0.7405857382601746,-0.13221850053960843,-0.10110751952527407
A,0.0,0.0,0.0,-0.32036301168757975,-0.17024491890219026,0.1020525249549351,-0.6017690941192696,-0.3519999555921889,0.001461882055829351,-0.9563514591620705,-0.4803914488819839,0.03181700706594514,-0.5152094845913061,-1.3217468149429923,0.024151084173378648,-0.40760187104387574,-1.0167094815223527,-0.0014141181229339844,-0.33079492367310875,-0.6313535429857446,-0.31541412993016094,-0.3576406236294623,-0.44406763989899084,-0.45254825658798176,-0.3348277455671593,-0.33208848421207315,-0.12813979919587648,0.03727992780167016,-0.9987791413152509,0.03241039735443285,-0.014456907255641974,-0.6129202385917816,-0.27635785586451456,0.007965818896761723,-0.523105650749703,-0.4753973949574587,0.002352255772135337,-0.2689103341614277,-0.07287308099537274,0.29199098312017296,-0.9052512389919694,0.02431416405773629,0.31795637901510415,-0.5740458437562129,-0.31825064131021946,0.2978902721522201,-0.41205875503897,-0.42523092249454186,0.33236589888346063,-0.30571665651687674,-0.09100665080621656,0.6033682205053393,-0.7928592115885075,0.056471721346172774,0.5688364555980023,-0.5412979131584935,-0.23729313650011602,0.6220226105277713,-0.36414848904973823,-0.44474898853390954,0.6644035988850163,-0.22896499837391265,-0.11625530710140654
A,0.0,0.0,0.0,-0.33009220734287753,-0.19736812366160744,0.057387248553315895,-0.6348839459251312,-0.37083350795080655,0.06773366752502219,-0.9660687366987467,-0.45546323135976563,0.14849059723781496,-0.5040661177790762,-1.3299290823850183,0.07581422756543373,-0.37545553084666256,-0.9651945071421854,0.12207096760025785,-0.3710669457578341,-0.7244789439548776,-0.16459167742347766,-0.3564198154303812,-0.4632482684293123,-0.4056021057744781,-0.417533618965946,-0.3378825677854003,-0.0351348961594305,-0.06000974653197604,-0.9922137430825079,0.10913623760862719,-0.014777967507736444,-0.7331249237871416,-0.3099263323727794,0.014554477781758814,-0.5263234351473505,-0.3392879325545607,0.013834356747707163,-0.3615929925532786,-0.11096735396302533,0.305381343255941,-0.973089953646418,0.11477395546253936,0.3136580472173874,-0.6597477053634715,-0.25554820881422313,0.23478619348300714,-0.4563656318770822,-0.4073435159037229,0.23881336087100052,-0.27186321843603783,-0.051619517738384565,0.6245825477569987,-0.7887340686952664,0.039405620783735634,0.6907499362878243,-0.48078138720267477,-0.17386802757240602,0.664179424165791,-0.3212775069119945,-0.4335638148419299,0.5875858498838201,-0.17472029895752192,0.014739595635216806
A,0.0,0.0,0.0,-0.343113395926161,-0.1352775084639523,-0.029343247061756412,-0.6441975281909452,-0.2620268117592111,0.0016195987092452022,-0.9645343614956466,-0.5131831564621342,-0.020974602768255506,-0.47832059425356005,-1.3204254785254135,-0.06394085408484605,-0.2973736685828486,-0.9455190614628234,-0.11021939116892927,-0.2961121327450773,-0.6545831839535355,-0.3173946415831878,-0.3259046636857449,-0.42968116130739836,-0.5485644669569281,-0.34184637751142366,-0.31801113508474554,-0.20463718185565014,-0.011147528794340432,-0.9928570715036301,-0.11878791254590962,0.0600011146371703,-0.7137076644479162,-0.3227541328208317,0.03252973627507524,-0.44705948212223495,-0.6117748186270212,0.024665110506708166,-0.2760791044124735,-0.2152079143209417,0.32032153319039974,-0.9116730969605554,-0.02752062730777206,0.3146788929038305,-0.5507115439821634,-0.4302495049461343,0.37930667183982336,-0.4179388005158553,-0.5164535874814574,0.28455622268335434,-0.2213282653424977,-0.24369060493438474,0.6815621534815356,-0.8083958227882714,-0.020417355039579112,0.6569608191109952,-0.44471931614616683,-0.433946698880967,0.6337459477380917,-0.19852254977506895,-0.5413475681648543,0.602269829964208,-0.13785866307347883,-0.21306478956995842
A,0.0,0.0,0.0,-0.348616688335077,-0.1814678437118928,0.026292491463865704,-0.7310220234503535,-0.3534767149063414,0.0975238580602551,-1.0940876898713765,-0.5237009298289105,-0.027368303429028455,-0.5443775656376041,-1.3569192686066534,0.04098688955584477,-0.36287488642928206,-1.0479697438185602,0.0048464584251961046,-0.37644669047636803,-0.6813763048335716,-0.30858062414050713,-0.3945268447252968,-0.5190868162909225,-0.48649029702824775,-0.36354429480125816,-0.35490816545279397,-0.17684096775437208,-0.03414640074005356,-0.9985937045619604,0.04055411848037004,-0.004165418558797754,-0.686351070034374,-0.32098874472722255,-0.02265278905134053,-0.5227401249367317,-0.4564995569281774,-0.04396635941666939,-0.29272067670046165,-0.14394522283850705,0.2679002039489967,-0.9347313230489878,0.02530782851587702,0.24325388532332667,-0.5825984502890312,-0.3219744866517855,0.29456672915399273,-0.4123012379770882,-0.4993543056242552,0.30365126098296114,-0.2728578760057166,-0.13444065600197086,0.6556914644651497,-0.858466003810474,0.019408509302730994,0.6669089932713378,-0.4473659400749813,-0.26002258147536333,0.5940435660521517,-0.40629638809619406,-0.5091295570258457,0.648572681927158,-0.17338947543210717,-0.18112073349777644
A,0.0,0.0,0.0,-0.3405599382209345,-0.1686715907530633,0.004143109973945268,-0.6270372670070952,-0.24746949934910925,0.035039274672360315,-0.9549686558953532,-0.5217545617506842,0.04083469660971212,-0.5134599688237051,-1.3923151126448385,-0.03760424521031213,-0.31717768387923573,-1.0722423110015438,-0.016841305255670354,-0.3400387845897924,-0.6131395904551732,-0.3404023831745734,-0.32519575091024616,-0.5236002892151991,-0.4552277646813531,-0.3741233242277529,-0.35157177574587084,-0.2711738474665431,0.03158285853118682,-0.997137000290983,-0.06870462646502824,0.047406115670028275,-0.6338405064576809,-0.38552268230706044,0.03518490057992145,-0.4886320941206727,-0.46612540937378494,0.09419588147764058,-0.27663614006816795,-0.12417781089987241,0.39796158088371697,-0.9808496265192903,-0.07127712056453371,0.4128425706664806,-0.6236720271597999,-0.3464712416306304,0.3945119903338589,-0.4697621266493171,-0.5907655918576713,0.33653804517960434,-0.2832525688236552,-0.14478766038207824,0.7810135457450924,-0.8314802630529456,-0.034547798795661215,0.7373783979746462,-0.45155668195853016,-0.4257228362121657,0.7274631985178911,-0.2540837228781579,-0.5256834358263909,0.7869162815119239,-0.169814957880265,-0.18030923440165028
A,0.0,0.0,0.0,-0.27715411067779455,-0.17502552639767302,-0.014315010376503887,-0.7129629363833042,-0.3475894252391327,-0.05365944603491238,-1.0397249455897632,-0.4160731983951215,0.017497124428767823,-0.532655004685397,-1.411463953102421,-0.07686786229245711,-0.3343202774649282,-1.011235276264888,-0.0041824171283177955,-0.3149893357707575,-0.6741307730406595,-0.3702353356160935,-0.29360275010731385,-0.5313988795862834,-0.5769362054004066,-0.34341065533270604,-0.32735448019044644,-0.19075830615362196,-0.03271475465957531,-0.9990199742228252,-0.029813351562506113,0.017031766606071332,-0.6423107822079451,-0.38652146203521803,0.014853805817775696,-0.5126043959421968,-0.5331788470977389,0.03224383293593226,-0.34101984703029686,-0.2283839599194653,0.3840905546183315,-0.9618322490829556,0.0730667223112168,0.31525976347390144,-0.5685819079037445,-0.30647116851239914,0.3820656992368411,-0.4423617803400481,-0.5223437679731913,0.36300517803892807,-0.21170307798015847,-0.19753351725146018,0.6808346694098921,-0.8034530559710525,0.01354587009467934,0.6708628954976273,-0.5046305788378038,-0.3837481633581985,0.6906362391409425,-0.37445139017007895,-0.5390145174220634,0.6871634586212717,-0.1401383843896883,-0.1265523901611232
A,0.0,0.0,0.0,-0.40865710400086697,-0.1762680825012093,-0.0007729838389839457,-0.771062029337801,-0.3593739835145818,-0.08559322720467737,-1.051074188089756,-0.5453934195852653,0.02213439284083514,-0.5523525616683413,-1.3606690566487087,-0.03837884714707893,-0.4628668179820916,-0.9993041936270595,0.02442231143582385,-0.4289250807241676,-0.7044119772076657,-0.37902799170927726,-0.3713156206797971,-0.44742582240836254,-0.49714041734021913,-0.34442081172931616,-0.3896990744159582,-0.17753510835908903,-0.00022552090796651607,-0.9999222084474743,0.012471014146655912,-0.08664692020638615,-0.6669187659611772,-0.3598276503127041,-0.034487644726270805,-0.5080270577360063,-0.4859998231182169,-0.08343518137340827,-0.3125001334426358,-0.11927916541367385,0.30453983231710957,-0.9369021436836193,0.031563856105040915,0.3102047145608559,-0.5869678217117172,-0.28653912903891426,0.2837685777831362,-0.38553106885427896,-0.47368332966055093,0.24689174859433075,-0.31155976571715993,-0.16537842426508106,0.6426058388115731,-0.8515344728916684,0.0488981147171816,0.6242238720652753,-0.5124441118316921,-0.34192759772685355,0.5297796803536206,-0.32510414233479445,-0.4855051418644323,0.6652978755238078,-0.1390072600255851,-0.20251665398005947
A,0.0,0.0,0.0,-0.3023323687183768,-0.1357633459284416,0.03443444356246691,-0.7019330801462765,-0.28590902438029614,0.03494718253691012,-1.0668177822104823,-0.4695402897964231,0.04379116706341066,-0.5239260607105783,-1.2406563675240707,-0.0064147610317188495,-0.41144799812564553,-0.9572230776067882,-0.0491228567635315,-0.3696778241245591,-0.6241000690687246,-0.3337660755507814,-0.4004697652812701,-0.4329788609970233,-0.4715615410830978,-0.39702252640162344,-0.2643250920650436,-0.17484822176032117,0.006910512696900454,-0.9979889324143253,0.06301059905111905,0.0049650799144183985,-0.6668518457017611,-0.37058276418219954,-0.05400903586554472,-0.48417308873945936,-0.4544021523038485,-0.008054420201935069,-0.3114736216885225,-0.19285259525676643,0.24842432834980904,-0.8774793301368173,-0.05242117260701901,0.30653594619393976,-0.6141769439054351,-0.3445466126657974,0.2901227184065455,-0.42368087097930063,-0.4731334155394606,0.28080398252383504,-0.1694223874601956,-0.16818174936661817,0.7053600708157485,-0.8625329527911657,0.041847258642211914,0.6555985341758304,-0.48353998392487507,-0.31719234074872943,0.6541573859563035,-0.27875852100850385,-0.4626893594535997,0.6400957788866147,-0.13536113659221596,-0.20048520482155177
A,0.0,0.0,0.0,-0.2466752200487083,-0.17105547414014424,-0.032830273301630956,-0.6007366702214374,-0.28922203776328764,0.10816896285792943,-0.949561598477378,-0.5064633915826928,0.0504927459987133,-0.534105039438615,-1.2546446964875275,0.00018596315785238932,-0.2778867305905267,-0.9644959819072282,0.02044690465183967,-0.3234589595120079,-0.6814868492818704,-0.3043624488673095,-0.2965957589825274,-0.4933853093106499,-0.4881016598243824,-0.31253771633626465,-0.35121460498948043,-0.13985165529541294,-0.005617638557157711,-0.9999695616507743,0.005414601462645728,-0.022907041695740732,-0.5981192274256675,-0.35953670417136613,0.01981644187558535,-0.4815620189773914,-0.44578021453673844,0.07761728432690364,-0.3169863106021421,-0.17536365676601165,0.3342672900645837,-0.8418371617848023,-0.026818899697756537,0.32033927342202656,-0.566306899488644,-0.32441257541385354,0.27332684504195387,-0.420406470019063,-0.426043591288579,0.34275721301706225,-0.24676186026768374,-0.16150676942646244,0.681574957312525,-0.8669054657589171,-0.019024066230347258,0.6788426460582216,-0.5247785435374247,-0.3054140184373167,0.6260511833715245,-0.36791460033655776,-0.4774610538179916,0.6304513655496945,-0.15616307688196537,-0.14268477551950293
A,0.0,0.0,0.0,-0.3704674852869528,-0.1570944772075143,-0.07490252076176304,-0.7611526522339508,-0.34583225977470206,-0.06132515435289312,-1.141360064606221,-0.5393529004285481,-0.11140276873655952,-0.5886753713222193,-1.4562921801799409,-0.06252352536492908,-0.382984356257256,-1.0929972586103625,-0.03852672075535715,-0.4106746603475505,-0.6886572552827313,-0.4897575711447475,-0.4556665566301758,-0.48081831701366845,-0.6254963113968461,-0.4865928873497881,-0.35074234554602673,-0.2969854688148424,-0.04005581671461504,-0.9951453618422016,-0.08989571931565288,-0.05385585851273483,-0.6882520341248852,-0.47133755999853255,-0.02035478128276635,-0.5336681804725073,-0.6251134759674697,0.015960635553189197,-0.30063740884311857,-0.3173884874653292,0.3759744347704399,-0.9636476003589546,-0.06676695173595108,0.34689317863454366,-0.5925349119917422,-0.4508289222676883,0.28349171234485343,-0.40017323869859484,-0.645343655862691,0.33682339559556884,-0.24249993288970478,-0.2519138301880671,0.753381209237841,-0.7831676175130258,-0.0982044502028615,0.6948636013255399,-0.47458258196621406,-0.4070477054482408,0.7135179917660962,-0.3183622565142157,-0.5613649325460265,0.7109556086207384,-0.2106519476283241,-0.2883262230786263
A,0.0,0.0,0.0,-0.3071169017589467,-0.21343978929766197,-0.02355474460513348,-0.7414197736219045,-0.38073381403413986,-0.0007896462466636578,-1.121002810289178,-0.539079705618384,-0.05905451088101345,-0.5022724974934375,-1.3869696942952527,0.005605609726138764,-0.3199237018664308,-1.065673311545737,0.0015824449550578732,-0.3681548132196346,-0.7418721302777088,-0.36237598182416214,-0.42100561093127,-0.5162429958547861,-0.5757371094691193,-0.41342781392817624,-0.3415738148542637,-0.2032848387248865,-0.004282446290164172,-0.9995110831960105,0.03097184563615618,0.035059989122410457,-0.6912047918831734,-0.3753808150734417,0.014625406579677447,-0.615570091778994,-0.5530805438674398,0.010402573058510677,-0.33524132209167623,-0.15127469266141438,0.3431611788741061,-1.0249277194812507,0.026391750012878457,0.3498457923611323,-0.642121695445064,-0.395321645640534,0.31321065133212134,-0.4601677177648172,-0.46703559807263356,0.34744385184477056,-0.30407244437853476,-0.18825888423014484,0.6723644362429055,-0.8954933121650516,0.012664381152208616,0.7291297614875807,-0.5598864510877734,-0.385892249239507,0.6978230530821852,-0.37926864244621145,-0.5290129582802857,0.6245625676793041,-0.16665243507775213,-0.16823951939014947
A,0.0,0.0,0.0,-0.34918872325256023,-0.16280132098823247,0.006662407954073889,-0.6389761922944807,-0.2620619789078532,-0.06875578361647537,-0.9952999981287133,-0.49555997599964385,0.01013909584988707,-0.45567900543110157,-1.2736037712446533,0.009648286259900576,-0.31978851248227763,-0.8772067119560445,0.02345982450766583,-0.3298988009067683,-0.6409102170101967,-0.36205138077405413,-0.29148842907098754,-0.4752217313048193,-0.5011056553978182,-0.2856014240375048,-0.3425780975315509,-0.16111068543287424,0.041773752578010415,-0.9972367440978993,-0.06143150508144776,0.029876044428809097,-0.6429382172307821,-0.2784658848047676,0.032572490641856244,-0.45767048341788535,-0.3980657567452265,0.0139056789355777,-0.31361619686294406,-0.16291788930169637,0.3381876651069292,-0.9636221554341359,-0.010230967699047485,0.3474969646974841,-0.5635295051095623,-0.39674124081822015,0.3824473763126907,-0.40464738400296635,-0.48145156303539643,0.34741407148294057,-0.23686596560879167,-0.11116055290112878,0.6294557523225451,-0.7473204554153471,0.007498021155379108,0.6030944677865735,-0.42491692975437195,-0.23999243233148998,0.7021562606498939,-0.23706184138021505,-0.3841781256449433,0.6646763152073568,-0.14539344712602018,-0.1644546637750131
A,0.0,0.0,0.0,-0.31548564106138305,-0.19378842447158717,-0.04556655405946467,-0.6520805311840518,-0.4129204571402483,-0.0722389360136069,-0.9419641148154958,-0.4894375941306852,-0.06157059816310822,-0.49349654228436585,-1.3179050450541674,-0.10764434574421962,-0.3074090163470796,-0.9844942821094096,-0.07106900647709297,-0.30622084827206797,-0.6983799911583097,-0.4072446828412796,-0.33456790292058053,-0.5546948321167275,-0.5200023471262,-0.34933710575715266,-0.3857406362225588,-0.19171612833290083,-0.03502588780832454,-0.9983430280123747,-0.045655072032814034,-0.04549988265536441,-0.6865434078352228,-0.329793118718314,-0.0022078821481503383,-0.5041753471683408,-0.502214007104976,-0.03957319455867425,-0.3618289933413337,-0.24328348724778906,0.3874008462414455,-0.9196594333962484,-0.021354304945492848,0.3010993307612412,-0.5622904403896475,-0.4039511199877759,0.3101375112796814,-0.4783974375927551,-0.49233191418867567,0.2809765494529601,-0.2548940373658132,-0.18789313767261362,0.6429632608297873,-0.7660932883643489,-0.05275977286507711,0.6710296377808592,-0.49542888949855385,-0.3506651144420257,0.6916794935488793,-0.35762149206140037,-0.5259128247573572,0.6648590292827055,-0.2424872233532634,-0.18682293656826854
A,0.0,0.0,0.0,-0.38198259016553665,-0.11137854679363632,0.047041047897860996,-0.6586502342952723,-0.2923615251887307,0.012127161967770169,-0.9535532112451461,-0.3930318546101076,-0.0035545021192027425,-0.45143042185607135,-1.3706444824722526,-0.0041323666442153704,-0.3502662136649679,-0.972623515804526,0.028196307351611948,-0.26127556028872384,-0.5926180596126939,-0.26600274390030537,-0.27549832189293233,-0.4595403793831815,-0.48544389905410773,-0.34302718249121406,-0.20925218992792952,-0.16208883520833822,0.05642250240217473,-0.997955062352367,0.03003655685926694,0.038419030117411684,-0.562768270460622,-0.25298323828549646,0.07635725192497296,-0.429372353072418,-0.5152059743585183,0.03001543318912584,-0.25701942795009375,-0.13028154799838446,0.3829795323536075,-0.9343154073224503,-0.00651549021762114,0.35513797248816825,-0.5470502865135082,-0.24826936287348153,0.322059536590551,-0.3529431755739325,-0.47633492046556497,0.32956658659481736,-0.19101606263332505,-0.17409139463334936,0.7168982062231011,-0.7999279785891483,0.11050906915188961,0.7193742609249247,-0.4690670469750178,-0.3246941195270548,0.6940936147858545,-0.24505505685673099,-0.46825755638569827,0.6821480722372031,-0.09519036201245265,-0.1659992059052671
A,0.0,0.0,0.0,-0.2633407719241769,-0.21182570671610107,0.0387184908937238,-0.6175372494054114,-0.40428426495003417,0.03578006521623825,-0.8787004334733329,-0.557922252437984,0.027195620679984288,-0.45883450340301085,-1.270674394101596,0.057204456970091494,-0.288043498016719,-0.9623637923503395,0.03792969642717218,-0.309685786897567,-0.7248525030379785,-0.23835296932797853,-0.31295306735499395,-0.5278945270092796,-0.4323307706367449,-0.2856012878658426,-0.4046735790818129,-0.07525864386745951,0.026146421768696162,-0.9989970522063526,0.03634906204720508,-0.004553607415057514,-0.6998933618288483,-0.2492258503519198,0.004009652104931487,-0.4847500307585298,-0.4075904622506584,-0.0020545951753691313,-0.3886311315402858,-0.15426861786258683,0.35850343446514676,-0.9513795554952428,0.07642521075528708,0.3631248324588899,-0.6058398327265572,-0.2740266549007559,0.3340719913395551,-0.43839783579668107,-0.3715267675305925,0.3214352564444588,-0.3278043873317458,-0.125943620377663,0.6215540847625822,-0.8349799983978232,0.012761061465190422,0.6706090766932035,-0.5443657460596,-0.2976156725383779,0.6588323278752383,-0.3334902976375444,-0.41518847114407437,0.639317916374522,-0.20567203943299034,-0.09294896006285126
A,0.0,0.0,0.0,-0.3342447906859052,-0.16651994104264461,0.022975398882177412,-0.691791803087739,-0.35088649421589657,-0.015327867478563318,-1.0448883432010154,-0.5347573580080892,-0.020090726726817984,-0.5079538999215826,-1.3872276038058202,0.022914296337570614,-0.323525049321951,-1.024836168869881,-0.035728172507154446,-0.39643685621340397,-0.6788068813816189,-0.33725591764846496,-0.35067925751194745,-0.5146237444603387,-0.5364656500403894,-0.35573843701774077,-0.3354460170142735,-0.22024294197647268,-0.02769647153245821,-0.9981174370128854,-0.05472190964760492,-0.05896358701825151,-0.6516896900279597,-0.2968882985733718,-0.00870108396077979,-0.5078525696310794,-0.5000720069538201,-0.0018289404624971782,-0.3863454080978896,-0.2250838649513638,0.3011748183127555,-0.9240058561085103,0.004251826383628801,0.3019683627898329,-0.635869715435217,-0.3195485613925587,0.28711375584940674,-0.48585348712434656,-0.482304910192772,0.28140161583296974,-0.30131799933966114,-0.1927562017084146,0.6140597253245,-0.8444596729748957,0.053729606072367146,0.6050457333734416,-0.4750409887133565,-0.28706114486164785,0.601043501686973,-0.3645792339228828,-0.4809273491930451,0.6288729176261487,-0.18605569631238808,-0.22177694369046944
A,0.0,0.0,0.0,-0.30274132933015224,-0.2718252385584338,0.049878432809995696,-0.6873717591955598,-0.37535171138332446,0.012921710909826998,-0.9910568954042777,-0.5232438166740198,0.02248097409410027,-0.5233416351005677,-1.3414572024623825,0.11669882282410723,-0.3629552219302337,-0.9622975087013296,0.05049618505657121,-0.40602759678421807,-0.6762667915124019,-0.28915117566811727,-0.3396112520210224,-0.5010923247713621,-0.47858001465013456,-0.3416088171196582,-0.41400459934718137,-0.14446966121491706,-0.04538883254701699,-0.9988385881290193,0.016165665604804102,0.006536464538043657,-0.6579660471485249,-0.36803697469019725,-0.028324584443385148,-0.5193668682029142,-0.507877844758891,-0.020689631040834388,-0.3526593885251462,-0.08743419333594724,0.2826633270992569,-0.9028911191698512,0.025392082480664595,0.27593485869749873,-0.5786174233371066,-0.32224509578523847,0.3433303232143416,-0.4532594114247097,-0.4248089285625542,0.3132467759675286,-0.26392873258486504,-0.13995086498419118,0.6417440205313303,-0.8495153110437214,0.04247568729876424,0.6148925062516576,-0.5478194256826548,-0.314217823380775,0.6268891538019262,-0.3731633507975907,-0.43102119029297303,0.626759125834028,-0.1636702983087199,-0.1321237971449149
A,0.0,0.0,0.0,-0.3244891611813857,-0.15702281251052105,0.09174578450717691,-0.6326714230141981,-0.34836967321833207,0.058554897239055874,-0.9779814870905756,-0.5499178207882051,-0.007887945923071953,-0.47541356126684314,-1.2655321506359574,0.08366654706743613,-0.2867000483038695,-0.9886619648281642,0.034975672317207766,-0.33277184015061984,-0.5923248634682591,-0.32806194983548453,-0.3242477669515967,-0.41348578302404876,-0.44594722684660504,-0.30036798728576986,-0.33398533424218546,-0.14420798520157427,0.05824265495930054,-0.998295579130595,-0.003705378739340324,0.03862919316316267,-0.6038316769221935,-0.24784594017461947,-0.014476561507591069,-0.46899970543629343,-0.4773013813434668,0.014401845362858134,-0.28612472278158213,-0.14204089211135307,0.38132775284838366,-0.8579687367203048,-0.011365090446843104,0.3604654445090107,-0.5276587922302752,-0.31543329685649335,0.33480791392788234,-0.4089589403577978,-0.5115658157087506,0.31931679485028763,-0.25009168784900654,-0.11004722317740595,0.6923439941552483,-0.8054706511506269,0.025867677471037572,0.6075221861117348,-0.4390647906397664,-0.31750197511530953,0.6528119137048446,-0.3197609540709708,-0.40092105275829865,0.6837960471189894,-0.18626137039062163,-0.1867022521953494
A,0.0,0.0,0.0,-0.3355462097435727,-0.19453575191758796,-0.05063224649289779,-0.6031472732019375,-0.3144410550950364,-0.08888146826047921,-0.9004504109995332,-0.4971888121169443,-0.08179822151417938,-0.5382148368210407,-1.2893510566729267,-0.050544742868839636,-0.33282436039502084,-0.9574711925439927,-0.05148126434695711,-0.3586032062747232,-0.6249058619347724,-0.37163156408149095,-0.33814147308638837,-0.5076754056351427,-0.4674049187849947,-0.3601585614083442,-0.33745396622324925,-0.22780860322704766,-0.06657162461485254,-0.9977521706365672,0.007669731817844533,-0.003482407801058979,-0.6075131540694223,-0.4204863669075003,-0.016290065613585328,-0.5010537527614735,-0.5463733075053028,-0.02613889797665862,-0.3513607483710169,-0.26948284826592284,0.31122822869831845,-0.8920470402869246,-0.04558768766347972,0.3613828345126266,-0.6037235601120773,-0.3618901405368084,0.34647042825989083,-0.3863305155789237,-0.5241687083749595,0.3061029119321712,-0.2425275749900889,-0.19926084649766815,0.6102240598549745,-0.8187888189267667,-0.021991459315585625,0.6036845078539887,-0.4841402658072248,-0.38636634804069797,0.6151945528237044,-0.3525282913379903,-0.43435920069741096,0.5978859053049711,-0.2002930117499173,-0.15727157736097963
A,0.0,0.0,0.0,-0.33764830345943214,-0.22913326333964457,0.001997265973015898,-0.6361590476687728,-0.36986961875573915,0.017926419877917214,-1.0061574755043305,-0.5588366807086357,0.026574328727408635,-0.45576784331156495,-1.3157506120111653,0.014446669436858364,-0.32544159646388787,-1.0043251635707313,0.0313546472730881,-0.31399136319088017,-0.6852715479570749,-0.3238406554673359,-0.2682554887101204,-0.460994619785901,-0.36976565258665123,-0.3323175157398728,-0.31096949800283225,-0.10464275043801223,-0.020203275928806542,-0.9986188138922512,0.04850043486586416,0.027624362098453415,-0.6890809512475798,-0.3372534023765144,0.0456040929352153,-0.577008027300722,-0.47527963864588846,0.01761226740735017,-0.3496379893213853,-0.197195965049413,0.35434919321931313,-0.9689013371431048,0.018836547919919483,0.3575785506064838,-0.6259998382785403,-0.25110241386618487,0.3788139389268177,-0.455588501212789,-0.5376814252000968,0.3331344613079474,-0.2524563189395967,-0.16015049772165812,0.725637134776416,-0.8692092230101359,-0.0061851514634892425,0.6577171398793341,-0.481338196552639,-0.28913339085054823,0.7211379758775999,-0.3232698076219192,-0.4692062040327357,0.6608637977896268,-0.18102060358603433,-0.13783634292365332
A,0.0,0.0,0.0,-0.31779337282241843,-0.10304671375179686,-0.05953722137838018,-0.6845871725242024,-0.315952600855799,-0.11267181497097332,-0.9814011120306299,-0.4727250821072073,-0.058674931494753085,-0.5141905079460389,-1.4392376863729186,-0.09637976451122464,-0.27260414148646916,-0.993634323816115,0.0175678099345387,-0.3769083962693956,-0.7101049907031224,-0.42807935862833335,-0.3802638316462759,-0.4681958527248415,-0.6141254149738291,-0.31495708163156877,-0.26003485424703454,-0.13795580796361812,0.059542677938759066,-0.9972166260636696,-0.04487393682386748,0.042833039359568094,-0.6710806287658531,-0.3482605643089229,0.13059654909903415,-0.49019622281914726,-0.5504767554516541,0.07337469635264329,-0.2678219583639903,-0.22313390821749207,0.4233106209929393,-0.8950148953233352,-0.0383745335681746,0.4319705353636166,-0.5915654725622456,-0.4616270947710293,0.3957169106713136,-0.34837096078006147,-0.5660641312026564,0.3899678001344222,-0.2485584164313409,-0.2023994024955089,0.7536036456225694,-0.7346032296088063,-0.023557159163345314,0.7800065125451258,-0.4813425159980949,-0.3973292620777152,0.7376422045585281,-0.2764633158162219,-0.5027719146111429,0.7949549717311462,-0.10637968571403918,-0.1606680012085672
A,0.0,0.0,0.0,-0.38536682842467307,-0.19406292554926757,0.12494124342380718,-0.6882401172327247,-0.2636609151358978,0.023425771025606622,-1.05912281374842,-0.4432291019557627,0.07773054632621659,-0.5565877850737676,-1.3018231772918918,0.05597157137058158,-0.440057874504287,-1.0125016723660385,0.05628476821822672,-0.35797262074526076,-0.6407965146124177,-0.2658122747013037,-0.3694231351052036,-0.4744210690441722,-0.4916012352608521,-0.3895119923351742,-0.31977595003940334,-0.0914646685348427,-0.008868388078791188,-0.9977002303839417,0.06719822902959305,-0.042495169733131354,-0.6157998362974821,-0.23134252969028052,-0.053253310600203274,-0.41976433197832147,-0.4491516306916833,-0.11843300582700744,-0.3239113129501068,-0.117874865346808,0.310973468369333,-0.8775565730778332,0.02939408092287834,0.27168386424857915,-0.6080696262940463,-0.2656214873764014,0.26461641353123116,-0.412426466753024,-0.43672279524402025,0.3083204113791756,-0.3107201233275913,-0.13559727266752325,0.6101589968583417,-0.8296333398559974,0.08610066467445243,0.6211344377939674,-0.49325808193329995,-0.29589564353132275,0.6286509415876391,-0.28939861855067944,-0.47561341926183287,0.5861455732538456,-0.23700590385963718,-0.15408511533479896
A,0.0,0.0,0.0,-0.3335050638457627,-0.10984788563097253,0.02229584431169459,-0.6791834282781953,-0.3423269087936785,-0.008419561423416553,-0.9826848153807192,-0.4765095814078346,0.03152062028786229,-0.5169636423315686,-1.301187400924472,0.02513594794864538,-0.32035635840370363,-0.9821130960497566,0.019158515119253042,-0.3460063409610772,-0.7203982378632537,-0.2635949727634422,-0.3221997871961154,-0.493111834039144,-0.4413623471754454,-0.2909294488462825,-0.32070638757209285,-0.1323169493579499,0.01598758206554806,-0.9968732970433115,0.07738234205356645,-0.017546852038202252,-0.6938545961774221,-0.3289152110727177,0.02734271822566676,-0.48469033905605297,-0.49131451572385354,0.03592651459187712,-0.2604025768017232,-0.12686693403134064,0.3745980179401146,-0.9377067164778432,0.025741863797867432,0.36606019524090505,-0.6001128336493057,-0.29875838176362296,0.3178468624202108,-0.44821799415484886,-0.5000349057944746,0.35358189207080065,-0.2165559629432961,-0.1564246968626085,0.659182793029266,-0.8031218647699112,-0.027606315165073954,0.7032300431503676,-0.4871476967360948,-0.2952930590666628,0.7285954993449452,-0.36658304481191367,-0.455825565047355,0.702058399718141,-0.11015191747548578,-0.17238893484618725
A,0.0,0.0,0.0,-0.2272829447932691,-0.11287975353819252,-0.02626464418108173,-0.6491268473738497,-0.24993452377213268,-0.012274194834745083,-0.936701288076317,-0.4322106023527643,-0.0698961441713177,-0.5269588232872151,-1.3166834794227873,0.02192193963585273,-0.3144919102976344,-0.9148914661405291,0.0008812685811254086,-0.22230054677559302,-0.6598496161462029,-0.3025602266029031,-0.30613162495730223,-0.40029843463849724,-0.6074894285393105,-0.32265389256244537,-0.30145934028870924,-0.22604532765738394,0.008175636664773302,-0.9981813437304672,-0.059725739790850774,0.0770248604766534,-0.6009797400063097,-0.33755988115111585,0.11719012969698153,-0.47258644021253143,-0.526904686597949,0.041922613033068226,-0.3290621508457695,-0.18193346171751554,0.43163898721987126,-0.896269592072771,-0.010566465447684527,0.4027659595574551,-0.580153174548532,-0.2760806198153581,0.44310735659590045,-0.4119216558846683,-0.4764739811086049,0.4293535950653774,-0.22436735579251046,-0.26309997121935286,0.7633636205773879,-0.7972302057777313,-0.0720936707307831,0.8292562436994901,-0.4846092874748516,-0.36458457795265997,0.6970543698064572,-0.2457217330612613,-0.5854850671701065,0.7012807438535643,-0.11070669746536957,-0.1997923929270248
A,0.0,0.0,0.0,-0.3985515564554298,-0.0897518472086166,-0.009864045596616975,-0.7865923426584903,-0.2558493154666601,0.0694705993369287,-1.1037500446307467,-0.4508733006815351,-0.006871813675317539,-0.6438454828863731,-1.3956539088343793,0.03886112731076562,-0.3881234697313031,-1.0684228587025826,0.08701055325265157,-0.35017515726854115,-0.600370684968624,-0.31146422087846404,-0.45305776897122446,-0.43602837851234927,-0.5817883008376201,-0.4014440313130591,-0.27332197680417397,-0.1201700522682268,-0.025060721369799963,-0.991195981334463,0.13000956438214925,-0.021863603916756177,-0.6476713276390427,-0.32978355014426614,-0.008663106989632421,-0.407574869454806,-0.481722978097383,-0.008385920694613453,-0.2937776717293479,-0.15761548462350838,0.31087690785827604,-0.9422791351004207,0.022061902009531762,0.24603588755233063,-0.6090726458815533,-0.33080499318372075,0.3289742983073213,-0.443642453125368,-0.5166679713834136,0.289919919983175,-0.24213804075077414,-0.14464014261546618,0.6406727148798917,-0.7671658988704946,0.04269788024249731,0.7235587481427379,-0.4549849929330446,-0.29810647268831114,0.6625308704022982,-0.3123811051922685,-0.49971712823338277,0.6552192726595021,-0.14832657500825833,-0.09412337465188905
A,0.0,0.0,0.0,-0.2575768538427238,-0.16635400590092983,0.019996482573724283,-0.5438627170475211,-0.2806608021952539,0.08213131505814869,-0.8732231394793911,-0.49184951197364074,0.07555571745302447,-0.43527136950013834,-1.3382096083167212,0.02257732818852171,-0.35457450102634136,-1.0196429580411097,0.010893525820606478,-0.25948811088629986,-0.679390650226978,-0.26153619776791603,-0.2508578027367448,-0.48315226575572234,-0.40213570603638366,-0.23132574990103955,-0.3307096852925898,-0.1722188296479773,0.062101900019471634,-0.9977201345514981,0.026417553340761395,0.06112907670105479,-0.6394995871129519,-0.27538960740166946,0.11137865365853536,-0.5175091337652038,-0.46112152506606296,0.08191324003933965,-0.3977233309492264,-0.1084717477763975,0.37145075537100025,-0.8962888761475898,0.08449108065232835,0.42995266425492157,-0.6630126986638994,-0.23911588199116082,0.4074274311172263,-0.43247612437964034,-0.4019786957239853,0.41094182404491003,-0.28090069268066664,-0.14924079704787302,0.6754452905731679,-0.9167212355389521,0.0426577824758811,0.6883760761474361,-0.5225996743828858,-0.24234305311522003,0.7198911410534915,-0.36949972396234976,-0.4979806753362117,0.704621642131834,-0.1503301099853053,-0.13026482425989605
A,0.0,0.0,0.0,-0.27400754616592304,-0.16923580080636258,0.0030329446281651003,-0.6304576290579377,-0.32732239503030197,0.033832057422350854,-0.9774647344917271,-0.4319566530322239,-0.0009234117949906416,-0.5131298065280697,-1.3192976435465238,-0.02307514810703793,-0.3375607744212693,-1.0322164046004387,-0.01862705742286172,-0.3706028566629479,-0.6367805492059183,-0.31546932062933464,-0.33352520214932635,-0.47251572556344484,-0.528045043579123,-0.3542999005989427,-0.2813479503718631,-0.19931205525565504,0.02686629694872336,-0.9992978475095412,-0.026115398734475333,0.05630293688051884,-0.6362492895520144,-0.3515943449037052,0.11699272365605685,-0.4433308539867241,-0.4767586125366236,0.07671773451108704,-0.27593912124032594,-0.14413750234184897,0.40143951366687874,-0.8912637067972339,0.014363087371300551,0.3681480238854512,-0.5923115032799793,-0.3066729483077444,0.3777204302346697,-0.4168726762179051,-0.49559023599147084,0.38181271002807776,-0.23728343439223545,-0.1481699330421542,0.758019962887977,-0.8214699984752251,-0.012014691557908679,0.6951529031801423,-0.4994422502372272,-0.3530794211196124,0.6867716063330467,-0.2787255770276073,-0.46477243411096764,0.6931900320424002,-0.12896076198723164,-0.1511610385161832
A,0.0,0.0,0.0,-0.2659587618381841,-0.16455744806307557,0.04174119697057075,-0.5473077294678711,-0.2933683549238414,-0.011742674997298025,-0.9408760899323955,-0.45316280278557286,0.027412379737894656,-0.4599942159212046,-1.247793120301637,0.018058105031840615,-0.28350362215580655,-0.9641278841598673,0.036568376794263835,-0.32628776432313444,-0.6580900158323918,-0.3479147857826026,-0.33870680813457055,-0.4454120654752953,-0.43271999660292987,-0.29768116854178556,-0.3256899813642647,-0.22374796312034062,-0.009170949904302889,-0.9985010274907331,-0.05395916769005176,-0.04912837933516267,-0.6428647420600603,-0.2736520654008185,0.010077985493909217,-0.4347216830321705,-0.48820642470270686,-0.021739233499890813,-0.3217384935490013,-0.18026684363907497,0.30225300151158047,-0.9008620123545501,-0.030835002317600134,0.27153164997030527,-0.5394167899556461,-0.3324346395572435,0.2840290103615364,-0.39491090275741614,-0.4749801368943863,0.327117391895358,-0.27043459201733255,-0.19792547140711542,0.6542067259599791,-0.8098124364003966,-0.0716918857893481,0.6142395788360323,-0.479329144183651,-0.3484899019023975,0.6648370732800265,-0.2856025611129024,-0.44166033461599946,0.5799788172500272,-0.2199484319977679,-0.1703244058731383
A,0.0,0.0,0.0,-0.2864350881265482,-0.17922094742808622,-0.04941612493365331,-0.6335867865975565,-0.3311223371741851,-0.08274403457087133,-0.9779673846931454,-0.5143253554353144,-0.06146531237125994,-0.45698888286749534,-1.3086724172553894,-0.024067423125866943,-0.3678797044325769,-1.0035462341710668,-0.0104305970984381,-0.3244435480596977,-0.633824685596873,-0.3726958371254216,-0.26249876765853963,-0.5376001124807545,-0.5137233888620819,-0.37448763283571596,-0.3514509527967969,-0.21858070375553085,0.052029207539105046,-0.9966389835480658,-0.06327478198406511,0.045048474390319816,-0.6034687838849903,-0.37284759513574733,0.032592081718183855,-0.5229027492760506,-0.5878458061257902,0.00045539113196002757,-0.3144252561099023,-0.2159461805076829,0.37807467245849224,-0.9896530430809205,-0.0361605739221293,0.3362290132591972,-0.6187459076624513,-0.29391424108130293,0.3630670760363194,-0.4568426294546164,-0.5394439162380168,0.3666461204753222,-0.2517181130087985,-0.20539241209509118,0.6973148100774567,-0.826667650336343,-0.030008508536259852,0.7002414479449016,-0.5011446331098757,-0.3989243475579642,0.732676504910381,-0.32025144085259644,-0.5209793842924867,0.691681935052543,-0.16515825328386366,-0.19898480803397375
A,0.0,0.0,0.0,-0.3624487762363091,-0.19969001426931834,0.018089349948274068,-0.7490469569724726,-0.3701516835560318,-0.0029091178695387003,-1.0218725184044986,-0.48536022894777586,0.022486457806461954,-0.5265651175676674,-1.3780059576593955,-0.017293945635117713,-0.3469639092625701,-1.069644068934091,-0.003658162799664074,-0.32781006626588155,-0.6871461845527321,-0.29476647080648527,-0.3363820419248971,-0.48386249222502464,-0.43586971086329845,-0.34281587045217604,-0.33867815832360815,-0.15706877695063534,0.060510990556787436,-0.9968296621649106,0.051662797543556085,-0.025488186597215856,-0.6544374566770469,-0.30884918671510575,-0.023175816357770145,-0.5078669178940352,-0.5223016599239406,-0.020882541034935174,-0.29152094166863723,-0.13826869647752338,0.27747200820896345,-0.9088973510508613,0.014124551725109265,0.2705798050141538,-0.6138660649008267,-0.25138798894732006,0.3307155392553808,-0.45919100392032447,-0.4656659942623186,0.2777040828779737,-0.2871814897003311,-0.10238770134816942,0.6329400738392588,-0.8740781715564767,0.03214900954681187,0.6668730530711316,-0.5173300534385393,-0.2851471502913474,0.6679409738085443,-0.32194200361961994,-0.4604716282999283,0.6179697598006111,-0.14684754193482086,-0.13578753273416314
A,0.0,0.0,0.0,-0.31873894615642445,-0.10578444313025495,-0.07596375273234021,-0.7272605000767973,-0.3278731069711713,-0.0058134219925848815,-1.0653521927177285,-0.4894702482220261,-0.015479806828376857,-0.5744611561113182,-1.3970954541787501,-0.012125414499048952,-0.43332475924850355,-0.97396564296565,-0.017846170645812048,-0.3956173638872375,-0.7397617809152133,-0.4713009047602486,-0.28523504862493476,-0.46268117266631353,-0.6240241196739472,-0.3713752496034815,-0.3247482703530119,-0.21816432190970478,0.02757246911223974,-0.9995977320632586,0.0066432673470282035,0.023550616410677745,-0.6354755723427834,-0.3526137632648212,-0.02548099641895869,-0.4937113848933555,-0.6245138932094005,-0.06331091983030565,-0.2937910677402481,-0.19189990990671263,0.32476422822146594,-0.940236346967551,-0.020274660132367582,0.4104861571880119,-0.6205025981590438,-0.40437310872881926,0.3530112268369376,-0.4719436713870365,-0.5772183949595391,0.2970970334139961,-0.1932725219329802,-0.16603753175462327,0.703583756590695,-0.8775134724686151,-0.0782849586824133,0.6844020943801665,-0.5407978942154598,-0.33916447913520936,0.7191673548495999,-0.288360701492681,-0.5347334542146498,0.7100823895060898,-0.12017495838516189,-0.25101820601203045
A,0.0,0.0,0.0,-0.38100258308563034,-0.15021552126506688,-0.03025052884184026,-0.6687162117994491,-0.29713476654964166,-0.006966848605948083,-1.0357278813612643,-0.523564919226346,-0.05412781088641005,-0.4969635151512514,-1.2498705548647104,-0.013576197559029373,-0.3512615330113336,-0.9667008209207996,-0.020704810681428237,-0.2718981153646635,-0.700540154395865,-0.33359392104275043,-0.38470526461877086,-0.4241268788724476,-0.5265257619190656,-0.378167536407668,-0.3459461191793832,-0.13518009997490446,0.00355636445696572,-0.9979931338918249,-0.06322228227945834,-0.003029011587196965,-0.6688430223313736,-0.3580827015934458,-0.04578287642792463,-0.5097821082755511,-0.5100256013415186,0.001540101377798487,-0.3515934923193826,-0.24691224768920342,0.28351928081574634,-0.9322735978893819,-0.02269578640236629,0.32507206249496995,-0.6178057376455679,-0.3360630338957984,0.2621329609528348,-0.4023607451413474,-0.5172990034621068,0.33447869690315885,-0.34917863544865585,-0.2417320055118215,0.6593616618877924,-0.7369462654100734,-0.04722069672095596,0.6049786064936721,-0.5666139109620272,-0.37426277171921296,0.6104412450435546,-0.2640737934797143,-0.45843514870037194,0.6817980018615832,-0.1886028545824215,-0.26391291179194115
A,0.0,0.0,0.0,-0.3740391680382632,-0.10084121310828487,0.01636306466926705,-0.7920883610763054,-0.17894350237492354,0.03552519514654857,-1.1464888848709633,-0.48488038198587646,-0.056281219638525434,-0.5911260324395723,-1.4829495015529819,-0.06887699081698576,-0.3400507420448152,-1.0004046337063204,-0.02424672641748474,-0.4273562002317759,-0.7094249430689573,-0.358989579267272,-0.4003769071828023,-0.470055952347438,-0.5593133290853219,-0.38104255716782987,-0.25844450522396084,-0.18802474056979482,0.0011080537353502055,-0.9998946605553495,0.014472042351451329,-0.013788676130735127,-0.6874712609863981,-0.3642330052816695,0.04417819756427575,-0.5066279996804874,-0.6135447882681375,-0.03901317614495318,-0.3144074493081894,-0.21164006701305887,0.35322122640393244,-0.9754657038396362,-0.0186830371233647,0.38321901317121276,-0.6086221579153117,-0.4050662395430244,0.38700368528625706,-0.42362060720844064,-0.5791211376799493,0.37136359846395367,-0.2658784275379571,-0.10476056005964864,0.6790208266634961,-0.820224669931326,0.06421927909733972,0.7749340104129334,-0.46870650764911853,-0.37693854931352205,0.7444933157792305,-0.27291052626874035,-0.5276068068845227,0.7427025781231835,-0.12806477781402895,-0.20635689030257706
A,0.0,0.0,0.0,-0.3567993120838539,-0.20299380588441354,0.006627479604920077,-0.6412845183950674,-0.33357109637286475,-0.041607125644881414,-0.8799357214212071,-0.5042136435335921,-0.10264377189838714,-0.48766859187477385,-1.289046470826871,-0.07274543834649488,-0.37902399679737236,-0.9848593955931781,-0.062178312847064605,-0.292191147484404,-0.6732702017876135,-0.36733257025660054,-0.27933819467878673,-0.4996100290195464,-0.5357249116870549,-0.3344890308695977,-0.3312532357341653,-0.2061933406779623,-0.051507997807724436,-0.9984440790925846,-0.021362281872498362,-0.026440523985316912,-0.6333869387537062,-0.3313420292165072,0.06570605000318182,-0.5284682049777124,-0.5076453203580584,-0.028604035521518852,-0.3817101297849291,-0.1801617232179426,0.3809471028082554,-0.9326404143417748,-0.04809708457793288,0.2873103349248567,-0.5764087716823639,-0.39687022999166893,0.2941433192117254,-0.40700952320298883,-0.5518857852517215,0.33934398095805274,-0.2587561604626145,-0.15668190072186247,0.602234953949395,-0.8114518906137055,-0.05750790368409894,0.6220076145852046,-0.5398004518907882,-0.3486089013186997,0.5786827529228724,-0.35429390873113686,-0.5409581940123579,0.6019091243961877,-0.2162302641234916,-0.19812231003970102
A,0.0,0.0,0.0,-0.30341851473515286,-0.18893515975250164,-0.020469174111750404,-0.6335167826420273,-0.30564759709181594,0.003545561968403457,-0.9109166120162551,-0.5111406920330109,-0.05877721382836934,-0.46654565640994605,-1.3071138995161262,0.002499204506446104,-0.30938734219127545,-0.9907649798347646,-0.010302952191502067,-0.2556235882854247,-0.6468628184454378,-0.29439736039663955,-0.2962754640498707,-0.49657596242142105,-0.4590688966743554,-0.30944863791375005,-0.3156917524084517,-0.18258399264450756,0.005645046332350459,-0.9992022887308928,-0.03953377855519486,0.01918935445947378,-0.6288321494686359,-0.3018940283350201,-0.027888086549140295,-0.55456920167975,-0.47197726788166394,-0.03410756135531406,-0.3266544551261495,-0.15664407120437643,0.27534496093518646,-0.8582076886039746,0.029363695552243024,0.30914294093514655,-0.5747094236167184,-0.3295227846032859,0.3588108586724633,-0.4684063668450711,-0.4437757880173705,0.3709718266360281,-0.2642804425042234,-0.1403626327119458,0.661792234674899,-0.783414860415415,-0.004610493267988488,0.5931057491375044,-0.4999004752360304,-0.34847710178545205,0.6230942281966589,-0.344774588391681,-0.4333378906771913,0.5979971193047222,-0.1355580671988292,-0.20452901238631083
A,0.0,0.0,0.0,-0.3616342604484927,-0.17901274016847177,-0.040325743742703174,-0.7172923807242866,-0.36108279300142343,-0.04478488670539356,-0.9513161776298997,-0.5395890192517717,-0.06375395757789067,-0.4845743229155506,-1.3075540572909914,-0.017387750397685003,-0.31185719758846336,-0.9357103762413028,-0.07927244504693058,-0.3086669892222908,-0.6757967302577055,-0.29584161665316766,-0.3453340061467346,-0.5185883833903554,-0.46939773380427374,-0.34811012070259395,-0.3435747946401061,-0.11875032825898092,-0.011197278502660462,-0.99658887316313,-0.0817633098741523,-0.07100366731300627,-0.6984953570010546,-0.36078843675384464,-0.08407962680814356,-0.46049624690884244,-0.5619908454493651,-0.06878134278462529,-0.3915369241409038,-0.2138853364827972,0.26233146572728105,-0.9442411249529685,-0.03312764927206598,0.22984887071813495,-0.6103376617455126,-0.33796019384643466,0.239614133785281,-0.4515502373421436,-0.5008816491288416,0.2781536375413075,-0.3142049603495306,-0.2071901036918139,0.5386602215104548,-0.8666699593701785,-0.07662682083235108,0.6032133874384017,-0.5282459533673176,-0.33076686344102174,0.6253070516009241,-0.33832397368868977,-0.5284550221913962,0.5590699743761072,-0.16607616188658356,-0.19566836039087288
A,0.0,0.0,0.0,-0.37514118142040337,-0.18862048209545093,-0.009648128026995802,-0.6832455257490158,-0.33270224493305,-0.07383470338457927,-1.0529560238231124,-0.535488088476609,-0.005916291692156471,-0.5362264884868179,-1.3877233795857309,-0.04667061607684288,-0.3462891966945535,-1.020071035482485,-0.08049443680687672,-0.3474252156524974,-0.7355233503481898,-0.3233321486529497,-0.3549440974230278,-0.5166786033754649,-0.486250680715991,-0.3517188495244458,-0.387652366762453,-0.121587062293394,-0.023741555497625254,-0.9996726004398354,-0.009540989068767807,0.0012521902988172876,-0.7045912669354366,-0.36992520717994004,-0.008526856806847321,-0.5411887061112185,-0.48240579017094626,-0.03212352055401288,-0.3390385990525804,-0.22223251827499282,0.3570693715210206,-0.9671702763379885,-0.019305365165675343,0.2766695414523159,-0.6883186015515477,-0.34802012405765315,0.3179119848539862,-0.45093509428473016,-0.4799347513822732,0.27796326142341327,-0.33843492897666955,-0.11240196235086208,0.6268744386744494,-0.9526826169105463,0.026391404934360665,0.5983724341494497,-0.5051899105097939,-0.2867019061545389,0.6966147469608209,-0.33773407857189,-0.512925208555741,0.6483036316805647,-0.20921474578867855,-0.21650402595559212
A,0.0,0.0,0.0,-0.36884411542928885,-0.1242326312873569,0.05387885480976917,-0.7094976028452153,-0.3193745845379827,0.0011740813679487689,-0.9510826144901476,-0.5590780154566751,0.056816819172388254,-0.5015967384572944,-1.3306477386156979,0.019391474819871652,-0.3733280330797405,-0.9648215649556455,-0.012867364095137534,-0.3831131444362071,-0.666904867642538,-0.27952045972759415,-0.32274359390052837,-0.5273294013760825,-0.48384692392371903,-0.37843524152671865,-0.36525649413511907,-0.1767246109644892,0.004905077139036469,-0.9986116333972661,0.05244755344059856,0.021393361215228265,-0.7168529478009795,-0.30220910564136266,-0.07658273788193465,-0.5279867308116023,-0.4154065254356579,-0.022342698365326034,-0.3038969033039141,-0.1672598903215334,0.2713616287449757,-0.9064593443278373,-0.026751944528363124,0.31939512148486565,-0.5506891029735042,-0.32690536765905975,0.26717883749218135,-0.43851545011437304,-0.4574797465507147,0.29858593358298235,-0.26272308537339556,-0.12515219660873642,0.6405294603801353,-0.8478862267467204,0.027146829639176022,0.6103686193980143,-0.5300615872021547,-0.28479152238609495,0.5384570186333678,-0.34092816636422885,-0.46705146236871026,0.6634201095235711,-0.1662654478923263,-0.13779365286653672
A,0.0,0.0,0.0,-0.36697480973699487,-0.11796701483731058,0.022069759236102802,-0.750041804642549,-0.3403506689758426,0.042124746661367535,-1.0811443660563953,-0.49662316838230025,-0.03660431992547646,-0.5133751801772802,-1.3157643670309016,-0.029111177897878593,-0.3666638408201255,-1.010395704308271,-0.023827573772843908,-0.37953870402160617,-0.6298987485810278,-0.3856307068305857,-0.3897682598134779,-0.536469813314252,-0.5307348149150208,-0.35975408426499556,-0.3416097737633148,-0.1067511433896206,-0.06273183893441392,-0.9980083129199829,-0.0066425692707003225,-0.10529723972978759,-0.7052833210710295,-0.3532719866637411,-0.07530751625207514,-0.4305776649542392,-0.4435615171124898,-0.06279962244756045,-0.34092297949500866,-0.18206204776438586,0.29500518221521504,-0.9791206576597978,0.04285522754305145,0.2964336468095178,-0.5791154801656399,-0.29635184134426834,0.2855896607973462,-0.38927408880873066,-0.5096462173050283,0.3708897688064742,-0.23795443646093906,-0.14091684178562247,0.630469170661359,-0.8125484406896563,0.03378183060743154,0.6262844857187676,-0.5275381331590409,-0.2817247208099149,0.6591176348685586,-0.31817396773870726,-0.5514603867200031,0.5945034575662071,-0.17430498492629504,-0.20845321551503898
A,0.0,0.0,0.0,-0.38856333797844617,-0.12999489908747197,-0.05149255581853516,-0.6722808120131245,-0.33874012501554374,-0.12042517373308115,-1.0428784889984852,-0.5324231349705241,-0.027641319570697587,-0.5288710588793318,-1.359208688516868,-0.023664243956907915,-0.4099258451803722,-1.0635958674833663,-0.004824263900023823,-0.42121729324195567,-0.7234021400557203,-0.4036707088678221,-0.3724845998069449,-0.5472483706457413,-0.5862157738730356,-0.321792364141426,-0.3715466739043172,-0.14640732057967246,-0.0030444339871806073,-0.9978996228076373,-0.06470760559681372,-0.036144669556582985,-0.7335498773059057,-0.3683211730991387,-0.009948635321446589,-0.4647853734109159,-0.6212151738910908,-0.05861674210483992,-0.3161008474683792,-0.18778356300763763,0.2926083773562072,-1.0206182884847392,-0.046885388217007246,0.28962679246680334,-0.6729700856682034,-0.3626868013612015,0.34933283969259316,-0.4343093504289786,-0.520722544575261,0.32122459740251685,-0.3198966926646353,-0.23234617697719773,0.736360662473789,-0.858366286756071,0.04618257542032981,0.6873024896766248,-0.5624670066720928,-0.43169774437354913,0.7125045692496618,-0.34050383036070175,-0.5717572487543372,0.7280405245998551,-0.11380292040494172,-0.18842666240240177
A,0.0,0.0,0.0,-0.45791593385994206,-0.14489177417594234,0.044674625240991854,-0.7759536490681977,-0.3616710555971581,0.028355350375201552,-1.0415492879641834,-0.4303057821704029,0.05525450136680493,-0.6216057853438522,-1.3151518514421385,0.01493586974401736,-0.48392032456943457,-1.0178650348711809,0.12102346718503117,-0.4146392243975161,-0.6239507452698637,-0.33199574407683324,-0.4108678480263434,-0.44473904972386563,-0.49539474618515816,-0.41764617699835094,-0.3087142147753138,-0.12339761150157307,-0.06079504246236983,-0.9951117022977742,0.07782456400150708,-0.03712312196982007,-0.6662520769456813,-0.30307436263102283,-0.08275695102720323,-0.4711523141536303,-0.4897431603152764,-0.11942338082409241,-0.35407744598036756,-0.15399050245714926,0.29244636982558725,-0.9520354122415896,0.05074522340045561,0.26378011071938556,-0.5711661901056643,-0.35233013826804127,0.20804550647423614,-0.4236816797007906,-0.44961716753697345,0.2788858328959418,-0.25379295892713866,-0.042669942016812325,0.5361116471092392,-0.809084987611977,0.019341142519615842,0.580763982920626,-0.4404325667250969,-0.25067241856520733,0.5885337490149306,-0.32288408020638926,-0.4482283869963676,0.5539977702407969,-0.15107276257908864,-0.1708327670519792
A,0.0,0.0,0.0,-0.39963807064030576,-0.14686945839305773,-0.004329530600271987,-0.7566617185765994,-0.33441774110074307,-0.00740214573901734,-1.0128044188697223,-0.4892466511985862,0.018111985706881262,-0.5342010453199864,-1.3343415722953953,-0.020250931689339422,-0.3890825812286069,-0.9611189399831076,-0.05942835140857925,-0.39125958679128164,-0.684557761741977,-0.3968970506389165,-0.3737933059227081,-0.5760143650841062,-0.5366356940229963,-0.39481152654760926,-0.33474078795202594,-0.2263802767039765,-0.014919710043141531,-0.9998023701680212,-0.013138601852393347,-0.059415076150059,-0.6448363598253339,-0.37384484328277656,-0.0834509512430715,-0.4821567101283224,-0.4775718825274559,-0.11157443146173059,-0.26516442180248245,-0.2035375706758869,0.3048315425449914,-0.943375397311805,-0.044330970082798814,0.29502837156834144,-0.6062535886044098,-0.35923811566667413,0.28425849611852827,-0.43155326324184573,-0.4929267467169987,0.2818259132792416,-0.2388784850496498,-0.2068201047447772,0.5948659426089457,-0.8388758543137353,-0.04867492070521118,0.6306415502438687,-0.45808671477465235,-0.3565843739908029,0.5784375686120207,-0.37260072650295467,-0.5091380405498558,0.6446075696772627,-0.09165934291448796,-0.15803489014236638
A,0.0,0.0,0.0,-0.33359886043515874,-0.1552736452914983,-0.02947514545047145,-0.7134168218900002,-0.410197833301351,0.08942601654311677,-1.0379442493614899,-0.4958173712750607,0.06416077036544014,-0.5573026750658671,-1.3813288522423353,0.0815395665564762,-0.3424690792293489,-1.0824549290481775,0.048724694783170514,-0.3698152993356667,-0.6422857106426605,-0.3384614779927723,-0.3383135255206185,-0.5172047593525485,-0.4711841802437144,-0.37840333607527865,-0.3894366689370574,-0.09678436422475746,-0.025177231334980878,-0.9996350442951659,0.009792100862750537,0.008507563778352038,-0.6821896654185083,-0.25965499909909545,-0.04062258919511479,-0.5629250255658147,-0.43858261096166523,-0.03609747956048231,-0.3452488856628502,-0.1517558421735799,0.3555238900685856,-0.9432102082624786,0.05530872986129438,0.3190425703470597,-0.6517711425515487,-0.32241199949953764,0.3119209705486299,-0.43144587684379493,-0.4814832779443145,0.30477077202905994,-0.30819646821518215,-0.12786989594072892,0.5949771017122591,-0.8480700083004946,0.05591263036751929,0.6719749086335852,-0.5458061469855746,-0.30622307566714574,0.6172311268231578,-0.36077938628513917,-0.4789392849871512,0.6540104528633779,-0.2745434494495935,-0.12566860238218508
A,0.0,0.0,0.0,-0.2411952046992587,-0.10341712201049545,-0.05443581836287142,-0.6201821071274293,-0.33543616132738313,-0.033904476155894946,-0.9201476971928022,-0.5155758785990061,-0.0735822585137378,-0.43002145188897134,-1.269233408341915,-0.03257863337279607,-0.306402515461382,-0.9608416287365878,-0.0637388787115575,-0.2511495779640649,-0.6995957024090153,-0.34377843470085684,-0.2629724471697769,-0.5631338512255898,-0.5775776201325357,-0.21332741604134264,-0.3375554311922614,-0.1829540721312483,0.08528991345330052,-0.9957241445634912,-0.03548321570027326,0.11719600999839669,-0.6298022330480681,-0.3363223369014378,0.08883160799787353,-0.44242860515988625,-0.5765433767396347,0.019003264915100657,-0.32920216158791016,-0.1884675071946602,0.3494303437601325,-0.9104757770907798,-0.06847944332236673,0.4343448123820016,-0.5982434589907523,-0.38495632123038814,0.39766639578518675,-0.39649291385948593,-0.5480217875564791,0.42587541642446264,-0.24935406825253328,-0.1990952793746236,0.8348311865256063,-0.8388295293371325,-0.05734811323925424,0.770284374725255,-0.4882692228421378,-0.3700753058273061,0.678304860826388,-0.34351755183860627,-0.5425216603120175,0.705797290713039,-0.1787371514642919,-0.2707270532170441
A,0.0,0.0,0.0,-0.26353799683510076,-0.3237530835545969,0.061212648690419175,-0.6155510845246216,-0.4010469728966693,0.013236648251788781,-0.9573952189367848,-0.5013241064717462,-0.026576446691278857,-0.4296504816159418,-1.3194003071510572,0.06122202476702787,-0.2414536749943662,-0.9790982395369591,-0.06571065328823546,-0.23367982563124892,-0.7084617872813885,-0.2572415008153539,-0.27012132914084047,-0.6272834710676413,-0.5421257788835104,-0.24677595519829865,-0.46318359418322,-0.14988346068585803,0.05587345532664499,-0.997719184720474,-0.037875921514518206,-0.0059328963471529115,-0.7513174480282608,-0.287155544345233,-0.027273648341539804,-0.5315548629536933,-0.5121085910710967,0.046743266968705434,-0.3873792808255635,-0.1829424990738938,0.42556706163610014,-0.9922204358891034,-0.015649117278514136,0.36742432549471654,-0.6691905659282169,-0.3120208084832296,0.34138202863315276,-0.5000641558344707,-0.4894546486192715,0.3652960529114198,-0.40898555941647435,-0.16541995437929688,0.6602187997852146,-0.8519906283578746,0.010395581429832023,0.6226350192858103,-0.5669833792564504,-0.30476062700946843,0.642474874573764,-0.45365418929235796,-0.5155626662816447,0.6628238180962915,-0.29166910814152136,-0.15314552835712328
A,0.0,0.0,0.0,-0.38763639673732486,-0.12330838173376507,0.036521341676612744,-0.6391946445840804,-0.3559765943799207,0.04302411280602233,-1.063290620780998,-0.5045328987880936,0.0679550977341037,-0.48966144889562035,-1.348011149729919,-0.028741014748807126,-0.3283164758728471,-1.0233337279696626,0.056525995599358225,-0.34406254472568204,-0.6417019751604002,-0.3431733762496646,-0.36221703510060455,-0.5174230754069913,-0.451927401606457,-0.3187620701688888,-0.3403561666394581,-0.09940180769070937,0.006632224797174189,-0.998240510701876,0.05892280023808819,-0.02247986485277017,-0.7090596923511748,-0.29380156979630306,0.05926779955502721,-0.5168300388988585,-0.5116200649203808,0.08578792967016807,-0.34862950456842207,-0.15265251720244574,0.3903267322234334,-0.9074656501545033,0.03750660320965914,0.4076364025837579,-0.6298020441098403,-0.4011074667231744,0.3652703226187315,-0.4602050973779449,-0.5534216181537168,0.3396771517421833,-0.3374259436864793,-0.12080226414235577,0.7052833657486669,-0.8627747911330034,-0.003974138414658625,0.6845086062264898,-0.48086883231496313,-0.34445501833784303,0.7191382736844945,-0.3236191609732259,-0.4525036908731603,0.6931325375324192,-0.1081466111599926,-0.1313617555852634
A,0.0,0.0,0.0,-0.3120825425006954,-0.17699544450274446,0.0408344825566686,-0.6036990993118624,-0.3592040792865241,0.06815842295499733,-0.9548492205196663,-0.5333174167742923,0.036677118352049454,-0.47284716173030966,-1.3208520322663622,0.07083962561924688,-0.251766106375709,-0.9624039261009062,0.044586943463257304,-0.40360289421647944,-0.7047354970168271,-0.3283709708106763,-0.2902325750106778,-0.5016762258680267,-0.49179890191642067,-0.2798607520685645,-0.43514653871845393,-0.15926272958741958,0.021635553409056915,-0.9997484659723762,-0.005908266629421836,0.025379023400955658,-0.6852271938110899,-0.3390021724835169,0.03465721783466081,-0.5134004839655342,-0.433203323304927,-0.033567190126147,-0.32143788040199817,-0.17640994522468662,0.3497826720598359,-0.9317547465481884,0.04765398036610564,0.3049360864009241,-0.5997624575496937,-0.27005117367276665,0.3716357484609873,-0.40741320006511933,-0.47117705133771937,0.3881037010554689,-0.3140901992797845,-0.18666397582590424,0.6985776055957018,-0.8475444781776356,0.05514374454265482,0.6526159647019252,-0.5576795481849003,-0.3120060009017501,0.6299150039386792,-0.32170832882107714,-0.44887581310536584,0.6425494289126327,-0.21545272899281578,-0.22343342101043032
A,0.0,0.0,0.0,-0.34139103425137096,-0.13626039083211788,-0.023659654252362466,-0.6313370283631556,-0.23402428596028133,0.03659309295630582,-0.9682138034283361,-0.49254672850884573,0.022334389943569333,-0.5174281311529515,-1.338613492247316,0.004473931900720649,-0.3544202042720735,-0.9977365023326654,0.0006962408391386549,-0.35269412669453176,-0.6454584773112783,-0.3180433643197107,-0.360943202175034,-0.4743216831009908,-0.4879654790539151,-0.32557833017448823,-0.3000877200761473,-0.11939070906903902,0.05107619323896785,-0.9986852253506074,0.004363845852211619,-0.03414095510928652,-0.6150395946877204,-0.33359149698584506,-0.02198549817942415,-0.45108617893417896,-0.48504765910720504,0.03941466329923499,-0.29078505257996967,-0.21764613412098147,0.32449912364121253,-0.890859945948891,-0.03754382061319271,0.29241836495348467,-0.5411858474234089,-0.36994002642555557,0.41683380250034474,-0.4307375612377794,-0.45602432691514894,0.3764503746277945,-0.2447293837005738,-0.20124296565025837,0.7189139838050996,-0.8124081598174523,-0.0025683285525961975,0.6802464979349151,-0.5274875831576414,-0.3276607034623278,0.6383409878496239,-0.33165802853225695,-0.4845110360428246,0.7003340643666338,-0.15976196758804215,-0.19413329595137166
A,0.0,0.0,0.0,-0.30545572398229215,-0.07128483139684773,0.03408931492708676,-0.6568142883494503,-0.3361301490783918,0.008000013494200662,-0.9904519649115338,-0.5556280661403269,0.0008368045517531107,-0.5100373038077072,-1.2893450827865607,0.04379245028034235,-0.35834598748344454,-0.9697515154159024,-0.11077742420420525,-0.3006989637531178,-0.61780088286029,-0.3946975967563962,-0.32557547236135626,-0.45945669218095075,-0.5097729170848265,-0.25861699135979443,-0.2975981804452186,-0.2518031666513726,0.14283662690967472,-0.9897420079347372,0.0029078759225964613,0.00893088233556682,-0.6090246814359003,-0.3604656117875126,0.08002336991398537,-0.39202952542237257,-0.5287157192686768,0.04410970982974155,-0.3140369116385442,-0.15189155314115935,0.3883906801686313,-0.8845900422776624,-0.03955639472289494,0.4283941151924014,-0.6144309450867634,-0.4352074126706599,0.4324163245833032,-0.40878529612812564,-0.5381855966694342,0.3712048411889682,-0.23824675466602918,-0.22262153046928942,0.7826998635066604,-0.7889533085390549,-0.036870146206625605,0.7499186440180019,-0.5368235920630259,-0.35814576557265987,0.6962469147303549,-0.2916693856567668,-0.5029022419097885,0.7264093656127549,-0.05313446121235146,-0.21429937679255529
A,0.0,0.0,0.0,-0.2831073698437439,-0.17474150705679353,-0.009848440456715159,-0.5888855198582721,-0.29029903215524694,-0.03133313815239498,-0.9971940608323024,-0.4325368445196319,0.013119122947959928,-0.4972847813678081,-1.2646043916671015,0.00357599419410314,-0.3583863939454776,-0.9754019306969592,-0.016303496523486737,-0.3591762816275121,-0.6798533837058703,-0.31954871400584434,-0.35888434396721264,-0.5043446902096075,-0.5788927340225957,-0.3091333839389184,-0.3087506455916458,-0.12631744873509407,0.04769485260811039,-0.9940242114692259,-0.09818894055683722,0.015660884061396783,-0.6526645839250504,-0.3603635545649785,0.0017481316197161228,-0.5019269906163936,-0.477604565285178,-0.028382308967972347,-0.3020369080589679,-0.12745088557060927,0.3006486676648799,-0.8771164769017828,-0.034171398429519106,0.3392908816804947,-0.5375266867022279,-0.3419060081323281,0.30897075408569263,-0.40768117966357253,-0.5458592865815314,0.29790408077265534,-0.2625981637213027,-0.17214819570990852,0.6396101205919699,-0.8204251325480388,-0.027091026528536805,0.6430495197969464,-0.42441833988351335,-0.32981250419142166,0.7049110637266479,-0.30946231146912834,-0.4838669714458847,0.6407425669833615,-0.18446299124285717,-0.13653867694102034
A,0.0,0.0,0.0,-0.38387762381492324,-0.22254616007722108,0.07052525177641132,-0.7337873212631548,-0.30608098316599136,-0.009224524068857157,-1.0220020615572747,-0.5083131552571765,0.02960701934641554,-0.5689847647858118,-1.3003014564690203,0.030916688490401915,-0.4611649325316911,-0.9905992478261151,0.014488270559546034,-0.4047588525012786,-0.6424947219895114,-0.25787856259391906,-0.43921094902481533,-0.5045684479703754,-0.4479961152418196,-0.44159977025458885,-0.3107964319609353,-0.10637800740524402,-0.1306359883841412,-0.9897660371927041,0.05742325451199533,-0.07767962360673518,-0.6864846122433503,-0.3324136436893268,-0.07169480611763512,-0.5519332954184946,-0.4778131513879804,-0.10820604283030692,-0.37429371156961766,-0.10025430847021924,0.30657868349580963,-0.8587708126191691,-0.002612002488919887,0.22898469489013057,-0.5874069315630307,-0.29294859428422904,0.19777440717938502,-0.46058966852592437,-0.5095009243985209,0.2074687984344118,-0.25351592661953454,-0.201982568854395,0.5467839492193137,-0.8355970254663135,0.04497711436446113,0.5437936282751309,-0.5390196007964551,-0.22138482167250115,0.5782993624518455,-0.3826095736506141,-0.42072098402693986,0.5856965398455779,-0.1893736509876288,-0.12199596437996348
A,0.0,0.0,0.0,-0.322614228480226,-0.11856512401888297,-0.005368161697110066,-0.6195323682304144,-0.3960038118188387,-0.05248064059306857,-1.040944411485815,-0.5236517834317271,0.05852988230344061,-0.45518690854957217,-1.3679003629468818,-0.010592291063936799,-0.31008457135032236,-1.0468759217905197,-0.025748729129490906,-0.2841039443078591,-0.6622967057050727,-0.30488006293681336,-0.32731621408900474,-0.5193854870661931,-0.529169593699686,-0.28837790802059887,-0.3090212609416371,-0.18987420588231826,-0.002266233565196903,-0.999790637211455,0.020335828720287802,-0.023673078193857274,-0.6681413021658195,-0.4335906390590933,0.06070631886258075,-0.549481140774331,-0.5309736713709624,-0.0009701657697170687,-0.34466040763933264,-0.11094207246096245,0.34951180847133106,-1.0185004387475765,-0.003681879211840634,0.3833201386873684,-0.6003343619043515,-0.28665836335131656,0.3713433463498697,-0.4701974226749994,-0.5571925827235267,0.36661454837362045,-0.2647713411377083,-0.20065640399681364,0.7291749995563603,-0.8093151039776015,0.010491476475505771,0.7184932757764716,-0.502526237730684,-0.32868835678928177,0.6647573941158283,-0.29254565921371417,-0.45740220734816794,0.7026983763127922,-0.10891143301521099,-0.13136167790246547
A,0.0,0.0,0.0,-0.2524664860908108,-0.14600964679112866,0.04175888328970096,-0.6410224818150899,-0.352164700945184,-0.017801167402640646,-0.9852144685133573,-0.515554305366146,0.026741628120014113,-0.5113569644556936,-1.436309142066136,-0.06459568275959483,-0.2772784668897898,-1.009812400999063,-0.06490962263947969,-0.2470191206339337,-0.7294102549737588,-0.34859685705620996,-0.3032095238156758,-0.53606275830792,-0.5685306040897552,-0.27203350544336513,-0.36381555820739153,-0.18813835784314503,0.06816522450300178,-0.9975991425020385,-0.012225099085614864,0.010825996304178914,-0.6608571589105036,-0.33162246673633133,0.08601743000240622,-0.46488069173365476,-0.4948237195150526,0.09713898719047251,-0.25474895850263607,-0.16884348630505683,0.4155868254445725,-0.9770462753140307,0.059745110594186385,0.4256925395293072,-0.5926201702900696,-0.2995883342372748,0.35198000795264317,-0.41631697768336334,-0.5207488538280163,0.4451846278573679,-0.2714540061509143,-0.19828065106572323,0.8070127263429455,-0.8186608694111671,-0.0017220232405942273,0.7704230373672927,-0.4653151269453324,-0.3205934858038553,0.7328733246856433,-0.2940347375652191,-0.56035378127414,0.779088737491659,-0.13226274632831705,-0.24615819062010974
A,0.0,0.0,0.0,-0.25797885391684394,-0.18164996671374417,0.0555933514280387,-0.640298813915839,-0.323809455168099,0.03442057216043397,-0.8655392272405984,-0.5126799131559148,-0.012043171407320847,-0.4004069027447882,-1.332864584414594,-0.003377357285230317,-0.23638137156934355,-1.0765962957889936,0.025916993026533948,-0.33016202099896086,-0.7136413305873215,-0.3872404286100508,-0.29687181636064336,-0.5213775095647283,-0.5207582144888152,-0.2852671766038525,-0.3094174105359219,-0.17413407188326924,0.05415951475777941,-0.9974747681895699,0.04594381118676886,0.0267450220899917,-0.7373519156192438,-0.3672809274052574,0.019611892219502304,-0.4829777734765716,-0.4930630343121401,0.05794015228848836,-0.3594240601452435,-0.14268964741920553,0.39041316096434897,-0.9473869739401407,-0.03964312832998396,0.4038437496729994,-0.6437193239535757,-0.2935093639920989,0.35777676600742786,-0.39722045977815706,-0.5041937689428144,0.40252777873212114,-0.2414589177796124,-0.11994064859478824,0.7269258054154755,-0.855797822670481,0.023775867636326945,0.7895351899089871,-0.4857895778595538,-0.3390363869138452,0.7239040456359808,-0.39754477355644374,-0.4914128022543077,0.757731066350673,-0.19704285756478496,-0.1999481789231499
A,0.0,0.0,0.0,-0.3799215326925934,-0.16042618759298335,-0.0018165543116588168,-0.6925906849600576,-0.2874206925744812,-0.05090620806675348,-1.0952912990241606,-0.5023065342453851,-0.057157500329355175,-0.4837771142120674,-1.449006339038176,-0.07218754346522084,-0.44831291547680546,-1.0536131257681853,-0.022279456160441892,-0.31682927231643815,-0.7030212666217944,-0.48607797698714716,-0.3976441810337446,-0.47099017577843594,-0.5220334832773748,-0.4195909187343958,-0.25525288200714963,-0.20770933567175953,0.023739718785870452,-0.9996982858292001,0.006305795915405145,-0.05231705672755933,-0.7250323480314044,-0.3639708245040533,-0.038416494587071935,-0.536741203341074,-0.5944119289516543,-0.047892145834558246,-0.26431026823896114,-0.21784489823335984,0.42625668919963794,-0.9411989046162392,-0.022070964630349407,0.35328476028970496,-0.586554129895541,-0.4028434037019572,0.28866593220162245,-0.45358899278192344,-0.5413569616285266,0.3586083869360127,-0.23337488357842903,-0.22905913362636335,0.7750326116575718,-0.8898443905702312,-0.10965351680533958,0.7193544926385772,-0.4999733487100049,-0.3889787835367208,0.7380963588717276,-0.3063415805318562,-0.5980845161023326,0.7614584505075789,-0.18321591149764097,-0.2118525976850275
A,0.0,0.0,0.0,-0.37079953908877883,-0.14620027078722217,-0.0048839778343054705,-0.6645200640411182,-0.37301795247634434,0.008354819900339016,-1.064659452689554,-0.5252807369298381,0.05188407263098079,-0.5563218005833372,-1.4013626674849888,-0.013380570769462457,-0.36347617957503203,-1.1107697237375176,-0.02460397060008551,-0.3730969885501408,-0.7737058064092622,-0.36797301247719844,-0.37539247200382037,-0.5657426542065953,-0.5497953569496836,-0.26022840119442,-0.4332929031296082,-0.12118857190581585,-0.010555807708352967,-0.9997017359530052,-0.022023034672184714,0.030699250069969142,-0.6538567504539727,-0.4641482524806854,0.04734612546729387,-0.5315422019074363,-0.5428539786740516,0.0030861037276042184,-0.3538622959322548,-0.09493148633149727,0.3872163501485394,-0.9908654666235088,-0.037612668429115266,0.3681850744894697,-0.6944235577534463,-0.2996459029101383,0.3775236225161326,-0.43421768830485125,-0.5206977141384735,0.3446804874942545,-0.3288906906721493,-0.2115169202094897,0.8323564829783281,-0.9067073393257525,0.01585787382342899,0.672934922346231,-0.5525078669500026,-0.39164041681292755,0.7620437555885362,-0.38782012600470434,-0.4903512771507541,0.7083403028939524,-0.224158288668671,-0.12335390082623739
A,0.0,0.0,0.0,-0.2791018536348822,-0.20027163731271938,0.011376983417918816,-0.6549265754784394,-0.3424054157353865,-0.031587614669677126,-1.025378869282474,-0.5631753646544543,0.07079360011957482,-0.45823900699356745,-1.344056046463652,0.015310481416456424,-0.3624533713660953,-0.9524025181031964,0.00068508442798272,-0.2912158004746568,-0.6812481149574289,-0.2937941605417151,-0.3823492604299342,-0.4683042299107182,-0.5187849997288485,-0.2739988980045902,-0.3079575066342257,-0.1274530467858081,0.012892412623244398,-0.9983407730756452,-0.056120286095806354,0.04613526054727848,-0.7019850881642445,-0.320118675480411,0.01082202127948717,-0.520450580396721,-0.4401643748014062,0.043227356038398605,-0.29901635884447864,-0.09862530354984092,0.4036043459287169,-0.9366136433454971,0.033262834215997635,0.3524726994164504,-0.5838244952654639,-0.29732448863691135,0.32895366030457146,-0.41438967614389755,-0.48468616213526633,0.3587943052639085,-0.2746417242130596,-0.12569548210713194,0.7136717217390776,-0.8829252676157632,0.026208056964272454,0.7272721530680799,-0.5449167608049914,-0.3325515963933638,0.6653139201062989,-0.35216384655552485,-0.4474122851427813,0.6583478856664924,-0.19314215991301606,-0.14263939167579465
A,0.0,0.0,0.0,-0.3574629890857684,-0.25886595057583134,-0.029400506887254353,-0.6198034450111289,-0.34814983194700083,0.011308797904186815,-0.9253660230286856,-0.5437277995508347,0.018383858474020243,-0.4624393582189401,-1.3166481481266419,-0.0524654507553903,-0.3553120677560841,-0.9520459241772916,-0.030514238711626767,-0.3187583577466936,-0.6939236780736165,-0.35222943039400884,-0.39970894106718663,-0.5168497743121215,-0.4511876776005708,-0.3959194140558097,-0.40492277542289007,-0.11811468181450606,-0.054908649645659946,-0.9984886737341069,0.002325643737642164,-0.06693235834822858,-0.7327531561417739,-0.3521943877823042,-0.052978435971670707,-0.5456259155568969,-0.46298305756071706,0.010199529940093361,-0.40138431699068133,-0.17082840570507468,0.24116012750134436,-0.9817078657749422,-0.05324708246194991,0.2792539721182864,-0.6654776612052419,-0.3433730995408661,0.22898765352128717,-0.4566456393413679,-0.4525419942857072,0.24368501327309433,-0.3117808869462913,-0.14627258483626085,0.6029152220378262,-0.8076238090165333,-0.04394935118875438,0.558009943482448,-0.5416901189735742,-0.2859200554147038,0.506257820015894,-0.4159618294694161,-0.4556019262816459,0.5671745220763734,-0.1664971412789946,-0.1911533176685286
A,0.0,0.0,0.0,-0.3831756030629928,-0.17448259680577036,0.025851198077170536,-0.6608920872570745,-0.38277502120280915,0.0062044791073851335,-0.999411165718131,-0.5310492906290176,-0.01884017069540201,-0.5074511346319337,-1.405011335958207,0.02522509719759764,-0.34574040740196443,-0.9880295592874018,0.005210235624741215,-0.3918228434202389,-0.7682659512499087,-0.3802599048755981,-0.3768536395531004,-0.5024182202415751,-0.5399402193778818,-0.40202311615156977,-0.3444993671250106,-0.14696864055495532,-0.030590498234961523,-0.9953894603261897,-0.09090678571632438,0.03546667691651995,-0.6913551376368977,-0.32553811353643636,-0.05621100443368259,-0.5413616322707261,-0.5635608109810157,-0.009515848032553113,-0.3531360500476931,-0.1594519957443019,0.30066263792809156,-0.9474131285143073,-0.004889096013013881,0.26085405099322634,-0.6375225180085563,-0.33031493327114664,0.32314599091622226,-0.455149953212236,-0.5089535113657686,0.27670400510019416,-0.2750143857294743,-0.16740611411503536,0.6711178630731992,-0.9128768947053908,0.0264387269043942,0.6359421230554715,-0.4738775727771895,-0.33048453510555154,0.616850339128449,-0.308277028103188,-0.4810011490920867,0.7422191179170045,-0.13624815004527263,-0.22448074241143545
A,0.0,0.0,0.0,-0.2908620943385997,-0.17609419927577577,-0.006654579022085056,-0.6265942144310827,-0.36968019394387414,-0.058011033982077236,-0.9729298075832584,-0.5005336565655153,-0.07351331076147224,-0.45683242875859514,-1.3332409393863414,-0.02656343793025359,-0.2856565148070863,-0.9483769883307263,-0.0645559059674853,-0.27587298307682256,-0.6349391474719596,-0.34744151184702,-0.2848273540890283,-0.5215702255796978,-0.5443835746526772,-0.2495081115864899,-0.38234992741539275,-0.182806359960823,0.09613913823830329,-0.9953432267148625,0.007009074949098956,0.058752293399313524,-0.6572055345108033,-0.36181281413174843,0.03592464103053425,-0.5408671439358258,-0.5231510171530014,0.040822059731911456,-0.38601276133257767,-0.20810901963665893,0.35826139782478045,-0.9172777132795754,-0.0425488418547002,0.3828810969066392,-0.5309245160132545,-0.3817652590200242,0.35489397119674176,-0.43022195193368545,-0.5492187898045925,0.3630439935716879,-0.20044818988716717,-0.20664508680656046,0.6669687002841248,-0.7898960367320738,-0.05676774253522491,0.6674366425797198,-0.5172555448170578,-0.4180578885134631,0.6758589218154164,-0.33837471191230706,-0.5375633280850676,0.691913495631023,-0.21435668088645823,-0.2329318492492332
A,0.0,0.0,0.0,-0.3537395457304751,-0.1839488523826891,-0.02702204789800864,-0.6432658979847783,-0.3016120551164092,0.029553462577717945,-0.9887608133008647,-0.5063913529815856,0.0425302862509771,-0.48670522993244686,-1.263018948831523,-0.010125371112202982,-0.32700964230502605,-0.982238060734945,0.005174911181618683,-0.35095859125122536,-0.6571921058767887,-0.29018939606087446,-0.2795721278346284,-0.4853999486059939,-0.5125290779492131,-0.39765716734333934,-0.31542046450161926,-0.14854213271032787,0.09933762014683416,-0.9950163241974097,-0.008634338668272973,-0.0031657075741804703,-0.5986988569469698,-0.3122263834636066,0.02692996306315224,-0.4582342980933557,-0.443707520485057,-0.044917449183876794,-0.3202103279584095,-0.15194067162191197,0.3162223949700487,-0.9357397083429906,0.02362915104231152,0.2726089569910595,-0.5852778083082414,-0.26606211828119747,0.31323840854623564,-0.44621097641733076,-0.47108247101337686,0.2802997856962862,-0.2697909965713528,-0.1609846791670709,0.6601409668051976,-0.8478365459689242,0.031173343454636057,0.6369429314983808,-0.5193601922605925,-0.40016405436928565,0.6375651114232553,-0.34667995454926126,-0.4644202833832084,0.6803469044687273,-0.20457251729165657,-0.17227634780896353
A,0.0,0.0,0.0,-0.29575768269344627,-0.09132315117369322,0.004770852512760399,-0.7156964643473832,-0.34465807261417614,0.03074120073042755,-1.0749332037270751,-0.49862471703942063,0.03576556321272299,-0.618667774111257,-1.3634205178203678,0.0007598995305911235,-0.35592787491374794,-0.9898176067620644,0.08552892885642191,-0.3806316952086045,-0.6420007953227348,-0.34005586353715744,-0.41521186788731523,-0.43484445767908314,-0.500373849128978,-0.30965447442855826,-0.2936545738621315,-0.17481329083118186,0.03233731637535026,-0.998854001274527,-0.035284303982194405,-0.0003422649260425472,-0.5787297543848682,-0.3419132703377282,-0.009225411045667205,-0.5255016365899793,-0.5140446667433385,0.018805433136005814,-0.3007479028849975,-0.09094726945227162,0.39233564490597006,-0.9644165237407384,-0.006350434854899445,0.4237670772797077,-0.6396360002689148,-0.28427328255412604,0.33169467831763144,-0.4258533619388593,-0.494770954818109,0.3750056336473594,-0.23021122501036803,-0.12573119070373007,0.6984698478001343,-0.8127171712729304,0.010548482220206185,0.7396480609371822,-0.4777879951809922,-0.3216257455150365,0.7870185244326501,-0.24856045922590345,-0.47842510069131927,0.7295741623993142,-0.1196499648415934,-0.13762533822273948
A,0.0,0.0,0.0,-0.2379680374691068,-0.1458807572593212,-0.02110955609718589,-0.6288371299289772,-0.32302417912703096,-0.04571907736443246,-0.937591805608349,-0.4508039304441867,-0.05473748986927512,-0.4185209004543075,-1.3167955680922814,-0.016614664990175897,-0.30224383599203675,-0.9346296399349564,-0.012770223763162454,-0.25195429161014593,-0.6219345255421114,-0.33193040142115565,-0.2896916755334058,-0.46454823779502274,-0.4830115558676384,-0.28152908730747817,-0.3061924477166086,-0.17836923547030178,0.057544330842179185,-0.9971923870256836,-0.047916523725592935,0.01507314881895668,-0.5922632996471222,-0.3743347681408617,0.05471160355583047,-0.4979242920600734,-0.42932859409562313,0.018248667415262942,-0.24602152765947774,-0.24321155511864265,0.3335733846161085,-0.8920046554730467,-0.06148839296177365,0.35860607762325425,-0.5907806550937766,-0.3105426647179598,0.26929147416353943,-0.41320806941535154,-0.5099197363274294,0.32932404755977124,-0.22241450846849517,-0.17469469649207364,0.6868995464085741,-0.8192611575225278,-0.03758124020250873,0.7287571144840163,-0.5029117223606384,-0.3937081840653318,0.6247481013316362,-0.3151853996125257,-0.49643875557883865,0.6328799778711433,-0.16537401376818267,-0.14582903732096536
A,0.0,0.0,0.0,-0.38978771922095706,-0.1153966226684684,-0.05814172657337566,-0.7040376114267689,-0.2510537144035057,-0.10485535911469443,-1.006688641127177,-0.4346200966063514,-0.10272860404162884,-0.5565313563632918,-1.2925469788077908,-0.06322090450835137,-0.3257152070523913,-0.8726098278247159,-0.04208333989530735,-0.36574241376973027,-0.6412373147293549,-0.41887065664026907,-0.36129308764127055,-0.412356379057114,-0.5867229381391786,-0.33310285581478405,-0.24417323686934933,-0.23935336974067545,-0.03800990862704714,-0.9985056426317783,-0.039264850422010854,-0.03899790634547611,-0.5867394827746149,-0.358765256322817,0.023402339949955494,-0.4253606241103426,-0.5941616864173204,0.02998984028496185,-0.3035355847898596,-0.24540618847094411,0.33320853732388866,-0.9037244597234504,-0.09668460131542386,0.3963228214176732,-0.4994600903593255,-0.40295793681855957,0.3523966609001566,-0.4174632446771336,-0.4986641327694981,0.3995998775723679,-0.16344808119708246,-0.26575458278138164,0.7036523708009992,-0.8099758965488464,-0.019466874299598053,0.7149569503991419,-0.49189338405935207,-0.3983051501984561,0.6314624759953393,-0.21279191367175154,-0.5734680020982627,0.6595786236615625,-0.02852039077410305,-0.2761204760446966
A,0.0,0.0,0.0,-0.38634607877881066,-0.18515590381920238,0.03252033172775946,-0.7266288828503148,-0.36139226987448936,0.07352493166084612,-1.0659266497170563,-0.4849419748110653,0.043885091009711656,-0.4934889596789743,-1.380665037475425,0.04190500359479604,-0.34283008676641497,-1.0021510708270216,0.04447579967129327,-0.2757817571751323,-0.6415223203883034,-0.29423971892300854,-0.33975881022022975,-0.5249520408786398,-0.45345937329212016,-0.39024920977303396,-0.32351613721316963,-0.07026149572161877,-0.010919077281820514,-0.9989641649884713,0.04417432308705674,0.005487832558624707,-0.6760002264289375,-0.2523189434011107,-0.06114776640222632,-0.5163315677836519,-0.442462166725595,-0.012790092466954681,-0.32710987130963337,-0.1606893169760484,0.29665205957283697,-0.9261108819294743,0.07081525614655651,0.38249838078252507,-0.6057735146761806,-0.2933340317427703,0.30848754657015964,-0.4167278843959017,-0.47579983456497554,0.32453488188028096,-0.3289964802306755,-0.12027142126486051,0.6539055792513773,-0.8933267925333543,0.08263190687469939,0.6614325619974755,-0.5253552655494496,-0.3799911470835739,0.6546340836115122,-0.2603974675979775,-0.4596233107049289,0.6818692738693807,-0.18695843457392303,-0.12107337906170146
A,0.0,0.0,0.0,-0.278213975346049,-0.2819233695273728,-0.07115382762589126,-0.5861631617752315,-0.40238883008981413,-0.03057301236948619,-0.8930181817981446,-0.5463139345807242,-0.052680136040425256,-0.4844029022125892,-1.3159393134544086,-0.042212756524522714,-0.31997424976850697,-1.0526951265010143,-0.09900433871421879,-0.3026806778028078,-0.7195990202613756,-0.3653260568545458,-0.2707026424251755,-0.5238244506854846,-0.5180319355819104,-0.2771945787017218,-0.332548872724757,-0.18552397811409732,-0.011598314907127125,-0.9963962595227607,-0.08402364607874671,0.0399727343215075,-0.7129024132247916,-0.3649133647197045,0.03760587815555652,-0.6057270371251801,-0.5699673335646565,0.03889586536210257,-0.3428471758058635,-0.2161958999668999,0.3486697540295969,-0.9403642991720492,-0.05416273102071988,0.3783075758045244,-0.628910707410763,-0.36234948358922014,0.2957855156150508,-0.5281109768013577,-0.5553666288615664,0.3518736651657859,-0.3134584931520599,-0.22268578338172837,0.6663007335456911,-0.8579316387692816,-0.06755797013127122,0.692143649533349,-0.5707431356447179,-0.41643103175890234,0.6283535742356604,-0.4276414824374764,-0.5106702336903041,0.6353238243589544,-0.1791248181178487,-0.2594882089848754
A,0.0,0.0,0.0,-0.34476083403811314,-0.06418295558880228,-0.006248229252546708,-0.7038518462135394,-0.30288284929461473,0.01568931657285912,-0.9690228176995974,-0.4886974621681578,-0.05918947922173972,-0.5470275318062359,-1.286659629284206,-0.04303369399837466,-0.33854079723188,-1.0039317485152546,0.05157521470108848,-0.35825394897324925,-0.6034556960147633,-0.40804029770835787,-0.4020130760046477,-0.5011828174456527,-0.5550679300588914,-0.32428455527128536,-0.3125098340353433,-0.16177967985912853,-0.04355461609178451,-0.9981255190969438,0.04299352910094261,-0.008206538300848021,-0.6304936712471707,-0.37396937155270477,-0.03355540254099046,-0.4966419864384056,-0.5329768130990729,-0.02721967555538389,-0.32873537136360026,-0.17861469140241665,0.3085158868546748,-0.8937212910770561,-0.02068415948204155,0.3281356607217936,-0.5252362122140243,-0.376258165951854,0.3887990117987884,-0.3755606389945159,-0.5423794994847714,0.2772723283935686,-0.2834438815372698,-0.12800529865544777,0.5720730403501644,-0.8156177456828921,-0.055030019868360695,0.6456312395758538,-0.48334710927034513,-0.38429024732459316,0.6723566477109385,-0.30080149739649226,-0.5339090516703624,0.700928517286414,-0.08989719274951406,-0.15675434078615127
A,0.0,0.0,0.0,-0.3081696384845615,-0.23684978782146185,0.029371444878772846,-0.5768873215207946,-0.354795079576548,0.010342028195546502,-0.9797010539311208,-0.5210242809860366,0.06176399050938565,-0.49471658555271536,-1.30652243228371,0.06695819605330025,-0.3608810986398111,-1.027400760134979,0.03307400287447611,-0.29709901058531213,-0.6554128841612442,-0.33435743792265044,-0.2522264799649976,-0.4196069004538397,-0.4374975838482531,-0.3136935625801311,-0.32338333648263595,-0.17587796741413558,0.01768470722869372,-0.9998215061356753,-0.006648834395955635,-0.05652253453562508,-0.6202800698971835,-0.2440108707476189,-0.013404311500560748,-0.5555193003636384,-0.48923448688455556,-0.024811930531351178,-0.3351841750984424,-0.13333623792788926,0.32559044292477973,-0.9332941010857676,-0.011125665727012918,0.28473265220513616,-0.6104497727175187,-0.30096904197988616,0.36091880019298456,-0.4104143239309496,-0.35649986518414306,0.34244465724106077,-0.29572215115043365,-0.08865676030402272,0.6963921758835855,-0.8458891112165317,0.05195417618317128,0.6147438649771624,-0.4818061972665064,-0.29858439910725826,0.6000246861152483,-0.2852091176574444,-0.4946238814640169,0.6611666280270556,-0.18378496574504702,-0.09832002151335713
B,0.0,0.0,0.0,-0.389896584396555,-0.12461688648163785,0.005309158378021229,-0.7331937110633145,-0.2511454707025506,0.01194245107770796,-1.0077825782209668,-0.45762360324852835,-0.0403668129003882,0.2176799219268119,-0.9179066126745836,-0.14838187988976384,-0.3670506376080247,-1.0047158815540518,0.03973988344887964,-0.42541675052296835,-1.5151976090940464,0.025578147698489467,-0.5036075320528676,-1.8377003562521044,0.01755470985367386,-0.5249357429202947,-2.206713257674568,0.08319792477134161,-0.01454422407713983,-0.9962831449071733,-0.08490206546289845,-0.021512715894629972,-1.6140034152249705,-0.0002723962832329628,-0.10099446235068668,-2.0135394355154936,0.031175494340368304,-0.021201343041293536,-2.3888997588427925,0.033981447509680754,0.2909402451981513,-0.9822931443595967,0.017969308144012867,0.3582702678007936,-1.4515112581753435,0.02632069154294237,0.39983058254883114,-1.829149814473741,0.05081559899901944,0.45227554126314556,-2.1389021939130175,-0.020459596909980955,0.6417650639241541,-0.8337180625969351,-0.053605673746471794,0.7632321718327671,-1.292853763350835,0.06719070710270515,0.8399000670077716,-1.5588198752249909,-0.03174753850187497,0.9028343404326783,-1.805913694192519,0.02631725286624183
B,0.0,0.0,0.0,-0.34368765519925193,-0.14236668770976313,-0.01729564770915948,-0.6401191854200885,-0.29794348513650076,-0.03013578039362308,-1.031003786145419,-0.5094515131422863,-0.05272669167925046,0.3648932198654977,-0.8247394470251977,-0.16315105101882282,-0.3564859133327351,-1.004550059838105,-0.005868763758667581,-0.45006481272587384,-1.5352895975187266,0.037313346510875624,-0.5057726202570335,-1.8615042908573853,-0.004208025407374583,-0.5013932972164676,-2.1863533353468165,-0.04345355615908706,-0.001572042799619183,-0.9967052557763337,-0.08109353728423192,-0.022453213060481612,-1.571566471055894,-0.030380009919839992,0.006093031928290945,-1.9679361262926518,0.0003250408863415337,0.014648518717441583,-2.352378037667932,-0.09370942489854425,0.3293277290590811,-0.9591681663705844,-0.06379570255189783,0.4189679781075656,-1.4672030627412447,0.013800465080338633,0.4158150724441206,-1.7756577383530514,-0.0552652701654207,0.4460221959816869,-2.1049266795305077,-0.019939773147471432,0.6694465672450982,-0.7856198316254512,-0.02688835399202029,0.7472926827808553,-1.3010032015239719,0.02037661414819096,0.8168166866187367,-1.5883832422609125,-0.061951804829906865,0.89558929775233,-1.7611473477130268,-0.007363936577708933
B,0.0,0.0,0.0,-0.3228418296463264,-0.20551803274289282,0.05778260052726444,-0.6375537922796589,-0.3294918257533297,0.04262130827711622,-1.0103622798401268,-0.49534235412900846,0.022043746961637363,0.32939921183539805,-0.9325997608360181,-0.05899109879488989,-0.3044123122146555,-1.0284981458221294,0.03171795810225215,-0.3715718855437839,-1.4771678967832915,0.014033196613413929,-0.4417337471583949,-1.73685333722189,0.08079615237296027,-0.46904510837620733,-2.1443933474098404,0.06427090704145873,-0.008827575978621122,-0.9998162033605188,0.017018619218355933,-0.05137570911712769,-1.5291000030461732,0.030534780045666975,0.03834936461437058,-1.9547752379402896,0.009806906530257587,-0.013640060052397773,-2.2114354069475404,-0.018360138694484385,0.3068364461143744,-0.8503818835439501,-0.04299419651562731,0.34046184337438024,-1.3671676576811305,0.017778153742160702,0.37383630330780226,-1.7493487122091815,0.021158785561649966,0.43403383387348515,-2.0385185818949916,0.00926290174569171,0.6300783876385929,-0.8017939816178344,0.05540998588901648,0.7450337081388281,-1.200608567851093,0.028874834043360255,0.7604080194998498,-1.4773055971688918,0.04112584144191391,0.823126289217815,-1.6893258338023434,0.07670684089118063
B,0.0,0.0,0.0,-0.44841960450040036,-0.16453871378156795,-0.020299823345588792,-0.7568238323100691,-0.28402306754353257,0.02357676644767754,-1.0707558688506649,-0.5112444129557892,0.05212965243542332,0.2437777325490848,-0.9483124043722496,-0.15280901206593858,-0.3253684490579864,-0.93925728894508,-0.01806273409371965,-0.48327260309755826,-1.4947483659435545,0.025214757113798447,-0.5357836754345203,-1.784147527530747,0.00696672455174365,-0.48981902204156946,-2.1804417606062056,0.08067490263366638,-0.1702881185198522,-0.9853198508582844,-0.012113966962843994,-0.022276614328801583,-1.6019924436314257,-0.03115493276112816,-0.05847194779291698,-1.9759257196616324,-0.007126630046163313,-0.05849192386067119,-2.304056207794484,-0.0012583004784031818,0.3213176375728898,-0.9283697352026048,-0.019696753346391014,0.3001253187181293,-1.3910829932139852,-0.0159214260059621,0.35863037092495337,-1.835077357890494,-0.0050342326809232505,0.36676059465975164,-2.12690473407226,0.02297885132381318,0.6300716394309489,-0.7520992464395276,-0.014848540618272897,0.6779413187100742,-1.2651697050974522,0.011297612870432877,0.7697071913344996,-1.522666988232393,-0.01071141821430117,0.8222921971426524,-1.7283058329178806,0.017789121433533613
B,0.0,0.0,0.0,-0.35855705053547066,-0.11604088964555265,0.022965263807281498,-0.591781569956022,-0.2434060940612185,0.04182753994546798,-0.9713230104323157,-0.3772809476142447,0.04708781513425706,0.35305398529753673,-0.8508798544832951,-0.15904066713376663,-0.3056195533420218,-0.8756237724423961,0.0436461567146225,-0.35889139766121825,-1.4166949143337662,0.0674741955831237,-0.39223929197762314,-1.7761041233261379,0.0811453989602244,-0.4873654520828216,-2.1549509361307777,0.08688175353629599,0.07599414789594792,-0.9886869558468669,0.12931741113950754,0.10907749560689188,-1.542939660056723,0.07038266537053885,0.08837992681185071,-1.9537100410212294,0.06115118670527876,-0.0002449867128413971,-2.30192573772229,0.05476522490036143,0.36837627495459957,-0.8154408485664871,0.04712588535423104,0.4604976442190259,-1.4232090284127303,-0.0152800371638034,0.4365123626967116,-1.6925378047910824,0.034842151303427604,0.518856037032291,-2.0298620085039225,0.043758750447623035,0.7053157726714088,-0.7442201287758813,0.07756601643083487,0.7819346843120139,-1.2266711452510835,0.005583589915060384,0.8477450443109132,-1.5660325775091086,0.05589752225457492,0.9264964362431165,-1.7089097266451545,0.05565610300944473
B,0.0,0.0,0.0,-0.3395495943443158,-0.18144215050156015,0.03287935020744265,-0.706104591225101,-0.3454659100148113,0.027608697483627202,-0.9907496283468887,-0.48600320140544223,0.039012600293306963,0.28752292851429795,-0.9290205758276577,-0.07929733474847239,-0.39548609553481373,-0.9439393958967786,0.07260603111727634,-0.36884882133911684,-1.453851139045629,0.0008730406625252884,-0.45445201837349014,-1.7992017962517153,-0.020365751382936243,-0.4844044177786565,-2.1290931746721276,0.06081857895861844,-0.021901617651159153,-0.997683006047445,0.06441225495506352,-0.027321929719440755,-1.5197384956362388,0.04818249107989108,-0.019125864744509592,-1.942079088017587,0.0171236562600479,-0.03985237111871994,-2.2491915451793165,0.03171242110240867,0.24141415002587974,-0.9257182924427582,0.10098944966926335,0.29113655074649863,-1.423775680154556,0.060582640998876454,0.3875716305313131,-1.7752102794163422,-0.0008917315699292677,0.42297230908659383,-2.007936010134767,0.0057789250622485855,0.655254982513721,-0.840829219295043,0.06672415014610829,0.6763972019077307,-1.180094750326094,0.019972828258025443,0.796584317661741,-1.4671391851108941,0.0030798991036223894,0.8696568310558815,-1.7237170148373713,0.027723054652924673
B,0.0,0.0,0.0,-0.3890912921464809,-0.1532231300793046,0.05533354652141269,-0.7529885909795626,-0.33922715005188625,0.03443015688261176,-1.126075962810956,-0.5315427174831826,-0.03450270236131684,0.36897291978544555,-0.9871518850968446,-0.1803681953584227,-0.3641747054758734,-1.022502105436678,0.031752155516496836,-0.5100665726947081,-1.6712218713294114,0.07294589124376132,-0.48581265484104263,-2.0150205399260557,-0.025715507045557823,-0.5223315927196053,-2.3932734853945243,0.015516091895075987,-0.021684910400401772,-0.9979626593160028,0.06000246054836478,-0.02003881314214029,-1.7149895190989866,-0.011596149398020533,0.020011736930067366,-2.160014856711238,0.03215180042310555,-0.0001325974628969661,-2.581681793880266,0.002764677363130703,0.36235721260210135,-0.9725137302808866,0.018479345930944132,0.45720710074980814,-1.6485548768947247,0.04795646630414748,0.522639439053754,-1.9904669950872413,0.03699345463669794,0.50502572120186,-2.324894848424271,0.05199904327194022,0.7437869024469881,-0.8664818576342487,0.04429261656634178,0.9141301234012023,-1.410932774080411,-0.0319476393681754,0.8623932219741677,-1.64879123976377,0.06914699999685779,0.9820281348046636,-1.9489498116217323,0.09541119631779574
B,0.0,0.0,0.0,-0.3302505278564133,-0.23828294857144652,0.018147881518371125,-0.6434767001714653,-0.3883979566517493,0.06309393521630016,-1.079371459048211,-0.531216262115791,0.006068982384150705,0.3270969379776787,-0.9512491121798238,-0.14685762588794488,-0.3437760499889847,-1.0150311374635037,-0.008816840833305119,-0.3731937536037331,-1.532157334831843,0.05645380225751654,-0.4266792671306013,-1.8492214977748067,-0.03446362357093756,-0.4561843848434897,-2.193555332356361,0.058508728327492154,0.0011718312524802866,-0.9997881332082295,-0.020550316482218615,0.006060513834185794,-1.6206388513840275,0.04170781879479617,-0.03935896313720416,-2.1107716868775928,0.00752331656912892,-0.06986338447467266,-2.4012390064502593,0.04096424247679061,0.3753383697268947,-0.880585313975574,0.019518854794464743,0.4127996858918251,-1.5083815334833413,-0.02337418097703793,0.4390039266228974,-1.760824953332633,0.02350984556263597,0.45237659303765493,-2.1738497898364786,-0.016115141965437778,0.6719067179196188,-0.8405768586249895,-0.02168665816873394,0.7771404681606366,-1.2791477568712901,-0.054709798266596256,0.7435382746722915,-1.5952806193420057,-0.06451185803358757,0.8864625649055993,-1.8055963746584023,-0.0008317734073592536
B,0.0,0.0,0.0,-0.3121436776690156,-0.20635345243895872,0.0810562666321877,-0.6052801298578355,-0.3453731372768923,0.014261893235908832,-0.9402011517598046,-0.49413588998762714,0.06984154579041033,0.40630431003612544,-0.9091982629174055,-0.09836508698228141,-0.26816003488703777,-1.043972256557435,0.06654182326603897,-0.2739563681355197,-1.4767423016997951,0.04533665055339469,-0.4055018623919584,-1.8199873970035554,0.06571389786588443,-0.39229311796868027,-2.209228885088033,0.02764205410744293,0.023375607383544918,-0.9981943445517824,0.05533201138841704,0.026413311482682663,-1.5519890938961594,0.06335891368717096,0.042593995308492366,-1.9728140837962849,0.10753227397159526,-0.012919444223590367,-2.3445518457284082,0.08345868129836517,0.35900791349296024,-0.9383447969782299,0.05301509357115208,0.4889502559576423,-1.4926960570386092,0.03474807017059938,0.5438174930003383,-1.7959138724529535,0.09074479866548425,0.4776122684925885,-2.1635984877870267,0.11538312317709709,0.666547663688275,-0.8341695183443716,0.07134782409473747,0.8538367918984967,-1.2984560736662536,0.0924298974008332,0.9016431998598127,-1.5113080760026878,0.054602026340852636,0.9837002243376766,-1.6862274028684074,0.08973668020233146
B,0.0,0.0,0.0,-0.4052519111456167,-0.23537804836559534,0.04873229280919816,-0.693890566891078,-0.3022046256254524,0.002136913404833769,-1.0860091573554362,-0.4637783617524643,0.0021004636165962245,0.2954534089652014,-0.9211116966606053,-0.14430440616088994,-0.3872705497984401,-0.9997330716795831,-0.0037772855083588307,-0.4015011108777156,-1.5247921650438074,0.025391242112727582,-0.48840523640447187,-1.829496031898732,0.0533968546985683,-0.5356442452728425,-2.2021331069242427,0.03703570583585564,-0.053821576736061374,-0.9984196089819874,-0.016171650438337504,0.023246692903605436,-1.5936900585881262,0.02338367199262821,-0.03420652436832744,-1.9983869656700712,0.03821611301154272,-0.07197606166569664,-2.3689625931278497,0.008427775671950735,0.34555869383383236,-0.9613702039533167,-0.011006564634229587,0.36818223544831563,-1.5218972110017008,0.02378690219488161,0.402228453911153,-1.823361351797806,0.07663201776503474,0.43269008494175215,-2.1506226526347376,0.05631980620319773,0.6502064928511477,-0.8436344553265114,0.03170931477141546,0.772107418075465,-1.289707952951027,0.054436535504574515,0.8141249163142417,-1.5526599876526912,0.06929186323282617,0.8257368890330071,-1.8874486276057603,0.03681671704866168
B,0.0,0.0,0.0,-0.4478099834024204,-0.1978895549219384,0.08889130846144211,-0.769733397476807,-0.33505006797506415,0.01211111683562086,-1.1939280762343742,-0.4933796838291869,0.030362363751570715,0.3571227591830102,-0.9848088015057037,-0.1549707968021265,-0.4333188576436512,-1.0742296979618684,-0.05772800493985422,-0.5491785331777559,-1.6241012321832378,0.0667938458594684,-0.48418084375565273,-1.933618768641515,0.07029094516718562,-0.5435939041609221,-2.329217730349978,0.03193401527527079,-0.0531560713602372,-0.9980816517847322,-0.0317403284199453,-0.034001441086463885,-1.7147426797911112,-0.025910426731289123,-0.08638091641798819,-2.0991398920385227,-0.014367072776502014,0.019646223499622677,-2.365761712331508,-0.09430274435695889,0.2688297857554926,-0.956667641287855,-0.052071005641386156,0.41067966884655666,-1.5513477026978777,0.01917312193241486,0.43534304418718306,-1.9316827786862543,-0.03341188072600144,0.41179110260633445,-2.160234250213254,-0.011507963489215366,0.6540141508632406,-0.8847371207877862,-0.007414142166315712,0.7530926585767018,-1.34775073347777,-0.025088980310317973,0.8640909811787876,-1.6179909544256923,-0.08295461784008716,0.9691997867144675,-1.8811658186517792,-0.032555887810598295
B,0.0,0.0,0.0,-0.38384903965466777,-0.08606501431169329,0.05953468241999932,-0.7272273563506721,-0.33536313757377617,0.04023142274901782,-0.9813209489622701,-0.4596980479716196,0.0031133684403370967,0.3418291403161519,-0.9808295369711504,-0.2021512536204527,-0.38088756727689704,-0.9821840583739423,-0.05209626589851381,-0.41763699284582606,-1.510671390081726,0.023343008267256476,-0.5104969848133105,-1.8379210007818616,0.030845924270784822,-0.5196211541440688,-2.2074786189074405,0.02308578225731629,0.006187193403291491,-0.999805576647105,-0.018722380808539843,-0.07451335890602456,-1.562439483465775,0.05073858266171883,-0.07745891488791376,-2.0354797379152383,0.01827016778266086,-0.00977094817431375,-2.40721649911827,0.08220840350763069,0.3246125040865312,-0.9420996268945699,-0.05818981345761165,0.43691472773386925,-1.4627960708453758,0.10210874395322463,0.43933563957486427,-1.8436600223695194,0.053086474731878996,0.4351872061965035,-2.1611571341520457,0.024022823088490484,0.6986343350228759,-0.864013981011548,0.03799893390389642,0.7683735126871305,-1.2889155885695533,0.047453726880931774,0.8345796914262741,-1.6054850503423255,-0.014184677764856412,0.8579029978291783,-1.7761759591976658,0.02011542748599821
B,0.0,0.0,0.0,-0.3655538971483876,-0.08618686089518356,-0.050319982903366006,-0.7131198608540824,-0.26582968241210575,-0.031982027633907485,-0.9877650529083143,-0.49262906750515983,0.04062877686181808,0.2773452214042493,-0.8612193401764574,-0.20701917670644795,-0.4059214113079805,-0.8872943808443867,-0.01680744395132893,-0.4126569331532731,-1.3425893271459304,-0.03079264346054604,-0.45522885060363727,-1.6967248884263184,-0.0021048046620389706,-0.5188026544924751,-1.9515003077001347,0.03980551522114016,-0.07091660945949926,-0.9971523608340301,-0.025651584471316904,-0.07529440531428719,-1.4658109949619482,-0.0024230792170760263,-0.08912536020012231,-1.8327824047011771,-0.06494716087786805,-0.06718059182544943,-2.1512524548024268,-0.02831484278858402,0.2596314583880758,-0.8290481239621194,-0.08521851996561777,0.28815618931762466,-1.348311178444711,-0.028921151813720583,0.35173736154238333,-1.683077500012552,0.020988003737144656,0.39516780442598937,-1.9088266698315346,0.020251444365631553,0.5626987331166293,-0.8170661638614041,-0.0339924888835863,0.6630553717567674,-1.0923465640750067,-0.03392576520387737,0.7032878516047752,-1.4363387352589294,0.023164216946208706,0.8204478770003878,-1.6357290257397896,0.023119530129652656
B,0.0,0.0,0.0,-0.3221656790144823,-0.09832008732121765,-0.012584283596429244,-0.6435002696742714,-0.3639804334781603,0.001957241478332078,-1.0395150084400244,-0.5011617814269463,0.04067871983444614,0.3518285581401974,-0.9519087882965808,-0.1633950517281209,-0.38257884784021395,-0.97837114794627,0.0040016706788815705,-0.37883164066411773,-1.510766607835676,-0.025428716299341955,-0.4634863152961897,-1.927536985245111,0.0040152982779712645,-0.48028621552629397,-2.2000774858015544,-0.05269282418330038,0.03414973378060706,-0.9992338106277289,-0.019120339460948613,0.021877313828881407,-1.6169212821137358,0.054407082340303406,0.021599679626578595,-2.0885560881779526,-0.0033466028098829118,-0.00833106393831124,-2.3628161163667674,0.034362962211312735,0.368977593614288,-0.9702194420858318,-0.03444374982882404,0.39126708835313084,-1.4684513941971915,-0.06037431685532226,0.4368737589526863,-1.8387693308911464,0.012022568092464046,0.48986144923049285,-2.119984889062183,-0.024468670179249682,0.7084127565622881,-0.846046028154895,-0.01809958521226037,0.75134584380943,-1.3060997429896914,0.004393024303162188,0.8786365517219359,-1.5248981257932837,-0.10983801672334408,0.9563210736938643,-1.7906118301876037,0.07196926695123712
B,0.0,0.0,0.0,-0.3803957550229196,-0.1310728870393498,0.03945407739407775,-0.6351086651908254,-0.32246084942923053,-0.04046202718032229,-0.9270725998703097,-0.5192381823424858,-0.030900639090238567,0.34762606281043534,-0.8753288672165309,-0.16189470501114195,-0.3093873232707031,-0.958555306912476,0.019250968575788764,-0.45910319582583997,-1.4487664696144602,-0.025675180775458845,-0.43925949921248325,-1.8223484139858284,0.009813939715332103,-0.43852110420691337,-2.090740768797026,0.026430357439320866,0.003339417350779102,-0.9999901311967151,0.0029301537389310297,0.056599518468384756,-1.6080139627324972,-0.09513070685818446,-0.020072380949080437,-1.9529447975169,-0.013255246269658003,-0.04924353841203559,-2.272648459267413,-0.054859855543721275,0.31373149937209743,-0.9627377187302495,-0.005488199016491761,0.3936132721491816,-1.4100268392155775,0.016520768990715858,0.4610647077349089,-1.7821718594706455,-0.009075979182054824,0.5000949267561662,-2.107138261405901,-0.020294500526912587,0.6566946710833985,-0.8441104792224399,-0.0052205494248402425,0.733688852708313,-1.2637825263051985,-0.03959105886300592,0.8009557569177868,-1.4935765393582667,-0.010008162463552059,0.8965204748125203,-1.7894851393916995,0.016752822588860985
B,0.0,0.0,0.0,-0.34071728958145375,-0.12987550578882287,-0.04615329644532717,-0.707053770247126,-0.3538609385638632,0.0272499959733891,-0.9901790317228155,-0.4975922732552989,-0.0797553259587491,0.26923752272638257,-0.84718093310399,-0.2167602091781398,-0.3664532342089232,-0.9270047287857974,-0.04843093022548629,-0.34377901792113386,-1.3836107149465797,0.005089820986214543,-0.45649344138094256,-1.6875450875301192,-0.026049079297326427,-0.48181294117361917,-2.0281395834293483,-0.08658623081741233,-0.048156637955421584,-0.998653633000003,-0.019283659318855267,-0.05063384129286542,-1.5193621171908378,-0.053728292392959134,-0.042045368414660146,-1.8370084430704061,-0.08634949534681441,-0.041165077355184224,-2.2323430485659643,-0.03312165643836225,0.28382050932800545,-0.9154733495365811,-0.069521547206114,0.3262494897805657,-1.362445873732019,-0.03916785059341094,0.3790029669374481,-1.705710655911162,-0.03713631915162582,0.3816346924164353,-1.8919164112773468,-0.03367599578508577,0.5701490205897224,-0.8026735980719172,-0.11752325156077155,0.6498914807959827,-1.1788925792677394,-0.025428874499815568,0.7373188549732876,-1.3977892407248436,-0.04877819306732667,0.7700803242606232,-1.576843747993626,-0.0394316755080896
B,0.0,0.0,0.0,-0.3297755370523942,-0.14878567452315034,0.042588863730104336,-0.6428665767145237,-0.30903398803080057,0.012743035964390581,-0.9856391490012326,-0.45113569761934286,-0.01325697854509123,0.3819042702496449,-0.9501260337638708,-0.11468840572332863,-0.3014216753537324,-0.9463459866597548,2.4143237128174175e-05,-0.4401195143400214,-1.5123984802441266,0.011123582195970535,-0.4246326236014881,-1.798815199596784,-0.008163533115814713,-0.4321928468317211,-2.1181149615194252,0.05444040642319298,-0.00026488706285831567,-0.9965027464258378,0.08355959669963978,-0.027993463414084558,-1.5598233174902372,-0.0015524860959374679,0.05430700463117493,-1.953430724443264,0.0263598654699358,-0.00835772879036392,-2.266611433879965,-0.0036404890818853134,0.27724216397696716,-0.9453325203323393,-0.009511870965633851,0.4462605775914205,-1.4717372447588908,0.0048457345293098555,0.4024024841787839,-1.731816576808727,-0.031087663482491992,0.45056907736263646,-2.045826359493722,0.04563347557803441,0.6820548717073993,-0.8290449658618972,0.03504425831414162,0.7852655195362346,-1.2836598860736947,0.06060452412035812,0.8520198426124311,-1.4803692952065504,0.047439243773632365,0.8957094827382313,-1.68602375020607,-0.01197619111043507
B,0.0,0.0,0.0,-0.3166755923624206,-0.08290658244302734,0.04996624290404012,-0.708560958960527,-0.20332920878003066,0.07142430538551647,-0.9535295479981811,-0.49313994728706584,0.10521456097094184,0.28070560430853636,-0.8534210794290538,-0.11669989168221032,-0.32963283700480134,-0.9961607110170322,-0.01852997713368642,-0.44294018883932285,-1.385525788211442,0.03391444454702916,-0.4398456826777629,-1.7683297047018374,0.09033371388269586,-0.4400712439676929,-1.9787175338653282,0.04028978431370725,0.035117471185173575,-0.9992838446456417,-0.014091169141824735,-0.017723284318010887,-1.4853630657091095,-0.021753420921577993,-0.00990414698077562,-1.8640148700931491,0.13619083368794851,-0.025320427826731558,-2.259433862783645,0.037141957697935664,0.35256143799506706,-0.8505510715890021,0.04900914416812093,0.385641512183238,-1.3999892782874257,0.04245666181488523,0.40430264591263443,-1.6224133281801163,0.11426874496958944,0.4666193310859573,-1.988641924941066,0.032468386674508236,0.6836341493337552,-0.7797081896395907,0.07361537211962556,0.7449053279969511,-1.2289294948251817,0.014037165066799603,0.8093951428518379,-1.4496583907216918,0.04454629661597866,0.8402366541806405,-1.6834944956766655,0.019911846172384274
B,0.0,0.0,0.0,-0.3011925908382875,-0.13455199811268412,-0.0159920754934088,-0.599357453045587,-0.32900089883695127,0.03710969374072747,-0.9597203446856654,-0.5041982759841741,0.031859078326213,0.3159917851117176,-0.9411033648294173,-0.1688488736751463,-0.3321670764003962,-0.9765969412519065,0.036570721260401756,-0.36965091733118033,-1.495295880419151,-0.008352578136608465,-0.42471539634582517,-1.7962275027576644,-0.0013485968283820217,-0.41134483105785175,-2.116466137410808,0.014242336759780948,0.004973238325661729,-0.9986675168420476,0.05136591968508746,0.0022811697513322113,-1.6136360614409382,0.006792126593319184,0.02841264955277567,-1.9386874728301855,0.08046777420768053,-0.018461189836180617,-2.255117459006397,0.09497611618969795,0.32031075527716396,-0.9435341257579879,0.01990909728751103,0.4191818720494137,-1.418587648852659,0.04239428231091906,0.38107789396926695,-1.7783658377568314,0.0025381962121887483,0.4567651381365417,-1.9672122302070159,-0.05166148003213613,0.659786354008588,-0.7789366890084495,-0.02970485747545429,0.7126466768699293,-1.2652733887114587,0.028799214998478748,0.8460990963305804,-1.5166779671803896,-0.004205770568496878,0.8854607002368734,-1.7527208062429862,-0.03068202462748216
B,0.0,0.0,0.0,-0.23176779988711332,-0.12597554995956142,-0.024438800208511573,-0.6505274435679888,-0.3141118426866005,-0.024088088392616402,-0.927325640483534,-0.5251346819714198,-0.009505092324841681,0.39357999089302204,-0.8646288537232417,-0.09705035262614184,-0.28183834806155844,-0.9877221522054256,-0.004933959388414816,-0.3563219249218307,-1.493440243485988,0.014681151193699086,-0.4157375570572017,-1.8273438929045314,0.013482849195071376,-0.3800544813049051,-2.1856851651978904,-0.04003155677719432,0.03447455158625471,-0.9990415221846508,-0.02697299100772269,-0.005181927936072522,-1.5581921241917291,0.024410761057165595,0.13403130656710047,-1.9336486791450014,-0.03366934548627897,0.1117097484486319,-2.283870716164782,0.012009153106091774,0.3774106125440747,-0.9118827519652223,0.03426160409708612,0.4979422128776617,-1.4568049720609935,0.0007854093036468132,0.5280523144971866,-1.7379147834031778,-0.07464676868784835,0.48390729301429264,-2.0495450486777123,0.06135377076021661,0.6998802055592498,-0.8117952636735679,0.034924393497306534,0.7757695991612813,-1.2290826950425073,-0.010995717621366155,0.8933663564057429,-1.4909888588508307,-0.015705769760146596,1.018635510538508,-1.755467066057435,-0.020681265778517564
B,0.0,0.0,0.0,-0.4142352531741421,-0.20803226932162464,0.006615403958501526,-0.6416857390120302,-0.3551156432074233,0.03123476925345387,-1.0871841855100222,-0.515320662737322,-0.05928769105003493,0.3059758812742058,-0.8992232961366888,-0.21597991954279055,-0.35071729490359055,-1.0143105675036515,-0.05531419479704969,-0.447650867199911,-1.520145424141985,0.021527008863766822,-0.4723256199862829,-1.8565539607663686,0.08558539515588524,-0.4785556925200978,-2.2319963338360322,-0.007096713536483761,0.03206602658908072,-0.9983323660462408,-0.048002675376512746,-0.011372426181669634,-1.6770246236508395,0.002763054240955358,0.0010357330256533022,-2.0211815415351415,-0.07263711562359215,-0.08312508902466997,-2.3766638932640065,0.012957789474810437,0.2480345915147226,-0.9670306485961653,-0.054629443760509724,0.43897308741834634,-1.5396538650900804,0.018931890539143247,0.44033626264849846,-1.8350697349429232,-0.016548482172597218,0.3965532496263985,-2.150616879866158,0.0025593919009032594,0.703331247104683,-0.8534640734164153,0.019636178840457413,0.7559133311336323,-1.360702589889635,0.015388146646599963,0.7870903002541737,-1.5852074149146993,0.006187000796492292,0.9346352213087062,-1.7991983066136057,0.058594370033905545
B,0.0,0.0,0.0,-0.3177488640031826,-0.15604893648156498,-0.010664943417671807,-0.6609602223893026,-0.34997166809819896,0.001756776738215773,-0.9583072889837676,-0.4932797833642307,-0.023055630766954147,0.2769051689252434,-0.8896914242298112,-0.18478777917824055,-0.33023337617511644,-0.9193202576685292,0.010187979217851067,-0.41870015974316604,-1.464223465617709,-0.03140314856958904,-0.4506482537863109,-1.8132906460651665,0.024139436114378417,-0.45395123429173123,-2.0435351969087647,0.034927029387990714,-0.05691196812101185,-0.9982301417961676,0.01725143165642092,0.006821942548530215,-1.5699112751483943,0.039065044900379285,-0.035127481116933874,-1.966653121404082,0.06389495395572557,-0.007084956276781567,-2.221756298439782,-0.03244897501316243,0.33788347630603416,-0.8948725714118142,0.00782828333506071,0.3512506481720194,-1.4077031953093408,-0.05763633934415289,0.32856426192338656,-1.767709454461778,-0.030228837131241998,0.4475429310569444,-2.0313266590439403,-0.02270831239399436,0.6254560900354941,-0.8402362373879436,-0.019897599504006037,0.6909637056352954,-1.2141055995871994,-0.03573295132563147,0.7709285396436018,-1.4660404739589306,-0.0063805284554176705,0.8210742131339669,-1.7103852607621175,0.004462003432450979
B,0.0,0.0,0.0,-0.36874460230954864,-0.2070093018944539,0.0553585634867767,-0.6806851627566943,-0.3752724647913541,-0.01331461697220782,-0.9671876878626459,-0.4603091712378557,0.03500634763574589,0.34094666250622724,-0.9061329504713539,-0.08672732143831993,-0.3380207907073004,-1.065186242376178,0.033428976076990476,-0.4038662178808809,-1.5349242828036171,-0.027404784319826788,-0.4266413168431109,-1.8710124786891176,0.011713946553630653,-0.4837715347405006,-2.246759555480662,0.09185735489004461,0.048287566258012594,-0.9974687853841172,0.0521951446900188,-0.005779615391564959,-1.5971370504434457,0.01200477350727564,-0.055810036103362624,-2.073579905520233,0.04613192572342886,0.03272936466770885,-2.4011378511590387,-0.0002142130390424488,0.32087271246768906,-0.9668433862553081,0.048243413004123964,0.4635274319716871,-1.4565560932855253,0.0053548719435732835,0.4384431932699201,-1.7814930340442778,0.04019494648456277,0.5174452823459412,-2.1811661484267972,0.03409687348299442,0.6649958616058539,-0.8544484086630044,0.006888739408382847,0.7449809744981685,-1.3018433380355545,0.02692806254514272,0.8893020280119939,-1.5465037846638898,0.03586590208967698,0.8739332659193522,-1.8109236809425746,-0.004763510267125091
B,0.0,0.0,0.0,-0.1879681824895796,-0.12084954410097647,-0.03136360838087251,-0.5494351092109638,-0.2987939973300072,-0.015669342241994802,-0.9440789777054005,-0.5385573120919301,0.020078973531599157,0.4176315577520125,-0.9524597969497011,-0.19783475044525192,-0.28326800945445335,-1.009588480741685,0.03707749126383753,-0.31191568423618704,-1.5444057723841165,-0.05799731075479775,-0.3852511880379257,-1.814874110035012,-0.011064399060397263,-0.4110836665680198,-2.2325332246399237,0.026020499969016096,0.1196445643433714,-0.9924932272300877,-0.025345061165650568,0.06519953980864618,-1.5885888167368445,0.01216536919455305,0.1025454037268161,-2.0236806074278304,0.03898936105070613,0.05010812111894406,-2.326936138109218,-0.026996568054628446,0.3430065264572115,-0.92543401274621,-0.07226200668143073,0.4416202269938374,-1.4886952024731959,-0.024402320301541512,0.5037675767982898,-1.8611818736811263,0.011672934918396032,0.5410165297195118,-2.1162594493608315,-0.05292899511332954,0.7792779825862842,-0.8772225221580927,-0.03572939278208424,0.8190319707169204,-1.3027778876271412,-0.0371133045697719,0.9008035671001212,-1.5894090431796537,0.039047227660471216,0.9150704953641673,-1.7745324087810939,0.02347743977521752
B,0.0,0.0,0.0,-0.29832395136816886,-0.15984550250498414,-0.04829884821698162,-0.6798295604574225,-0.33512094291975525,0.02948036209389251,-0.9388470706475929,-0.4999527963070644,-0.018072876762571206,0.3647372926919339,-0.9058356513343044,-0.13161598526465573,-0.32244783778993297,-1.010636989170186,0.013264604165989477,-0.3043227950107105,-1.4613325422010062,-0.0312523402974843,-0.3959934533187722,-1.7828991693064893,-0.014011427589304518,-0.4481575458654076,-2.0998529347786956,0.060700155478641146,0.0038154669562095044,-0.999872563673201,-0.015501568484726719,0.08675203087857848,-1.5693620047725994,-0.003717255889846027,0.011485843691479555,-2.0327268132892504,0.013215549838853266,-0.012587510404338071,-2.284593153194159,-0.003456490574266508,0.33581851172588656,-0.9209866094345079,-0.06084325413796526,0.45223183623053176,-1.4127992978498223,-0.0281691182983422,0.469601123805278,-1.7533207987080512,0.0354212695807298,0.4983346753509956,-2.0925135450488814,-0.06661032864033534,0.697794918118325,-0.8101272169446244,0.03619038852252544,0.8062027040160425,-1.2381256079231469,0.038718106721774725,0.8465314807748554,-1.4698404169304176,0.00469807221629535,0.9162833398213008,-1.7324349645547923,-0.021470758105069356
B,0.0,0.0,0.0,-0.32299277951444605,-0.15374127575708765,-0.04402560557666942,-0.6355236450637533,-0.3510467010831495,0.03127196801288393,-1.029840043907441,-0.5655747073701135,0.011060283368056914,0.36365948105726437,-0.9210501858570613,-0.19359667289712051,-0.32424804654149497,-1.028144385031286,-0.01980965412533539,-0.411444516436103,-1.4741641684605291,0.034591919285470174,-0.4066030041179157,-1.821197704374725,0.027973482762683875,-0.5211793352962459,-2.1424078159325277,0.017554908400676996,0.065270499437756,-0.9978266904448343,-0.009036467177740768,0.015750332117004252,-1.6145933133204342,0.0013282784960458036,0.00718738964077369,-1.97645343431353,0.008376707309079235,-0.018612882882885737,-2.358621721704291,0.06370844411467413,0.3261802466190461,-0.9148196435864063,-0.022747747172736282,0.397647533178414,-1.4609823135437408,0.04275709195986853,0.4603216674234625,-1.7961423854361562,0.01383506003718555,0.47091735657860095,-2.070135977232897,0.0030762055496248797,0.6332534566002349,-0.8929077576315104,0.02728873209602181,0.7829772544983258,-1.2332712012379152,0.019884130507915373,0.8198689896838429,-1.489292945513374,-0.012335094279363122,0.8383823355002428,-1.731107767495451,-0.0007616852989835893
B,0.0,0.0,0.0,-0.2861364819844573,-0.15011430374146476,-0.060698457359373535,-0.5980373314860854,-0.3998243496435235,-0.03975870236723748,-0.9052863601929991,-0.519137606189356,-0.025190588981216115,0.3311744166812749,-0.9117886760194435,-0.19882488330583997,-0.22684699629429453,-0.9858320375692425,-0.04085958266168325,-0.38578069476610716,-1.4100323404055741,-0.03964918733108862,-0.3420915349037634,-1.8055356976452488,-0.044027183102567334,-0.39939432765864086,-2.0826009684629,0.019416051477091995,0.045532252039304805,-0.9977140014832838,-0.04993581148277558,0.013649942741831659,-1.5634875639076655,0.02811526329249651,-0.013571762039471035,-1.8941231544113208,0.010631317933339206,0.06195309401702035,-2.224414149617334,0.005572196041428781,0.34696035387415275,-0.9359246231545073,0.040038347101584534,0.4222334951806549,-1.4393078345704815,0.000665099389728832,0.4606635091265727,-1.7563357283355463,0.017311648734190915,0.49770978922823694,-1.9844440243933659,-0.028982652735845067,0.6034428662996963,-0.850832332607745,-0.09966345237996817,0.8080979230530049,-1.209099252599068,-0.027612169392062784,0.82435118081182,-1.4277351707685142,-0.02850533002691471,0.8422852597622021,-1.6772621899757925,0.016271482592412772
B,0.0,0.0,0.0,-0.41962732672935066,-0.15449516954224943,-0.003441516107662836,-0.7544274708407401,-0.36167962776837514,-0.02065656124846425,-0.9894589450726419,-0.5184498435470155,-0.01823966390918002,0.31053439969361607,-0.9150732044454876,-0.22904898887925734,-0.35078058338110835,-1.0188502587404435,-0.02586481511830511,-0.45891674359372414,-1.5217661531507514,-0.07861794886202007,-0.42738898904504363,-1.8502035673211918,0.03575488400924563,-0.5390042181126229,-2.224976775055793,-0.06517271314113578,-0.03855765171682671,-0.998645444025177,-0.03493686622811551,-0.0736731796650465,-1.700481750715884,-0.0759961850122612,-0.0370418630399809,-2.0355929075005985,-0.052368611309044855,0.005746476571046081,-2.335065514688762,-0.05051074344386813,0.32331739593426395,-0.9159840821027823,-0.017451053634996667,0.34458634388707376,-1.6167545013848217,-0.011547541127919137,0.43515583456633133,-1.8565940885110483,-0.020554472935695716,0.45588871526528607,-2.107598823117389,-0.02894478050485236,0.6174504140622181,-0.8608523286088273,-0.05046532928569602,0.7203014199044259,-1.290583024087016,-0.028626406267620298,0.7833156022314448,-1.511838103995494,-0.03657365967051173,0.8616796155446692,-1.791735248947456,-0.04149895829348249
B,0.0,0.0,0.0,-0.4422722794774719,-0.1403436618210562,0.0177330416681211,-0.7051835658795709,-0.36016884854690934,-0.013239178597854848,-1.1313703549198946,-0.5552676753200985,-0.0027214883542510306,0.2424548547086669,-1.0650670648916152,-0.15866541532828657,-0.44335696760541443,-1.0125770066856459,0.05920103060475888,-0.47621089725785887,-1.6014277666005836,-0.019206752440397983,-0.5053276952121771,-1.9751482207525952,-0.0164505234646153,-0.5626305773911826,-2.308135061305134,-0.049817490971707276,-0.11165150026366384,-0.9926279240823124,-0.04715662011756531,0.012759746120359058,-1.6804711376418702,0.060655712574067114,-0.03285080149823448,-2.15666860398869,0.0059984626281710035,0.014347135643208912,-2.4482481686935973,-0.024229567796749053,0.2906476319202061,-1.0182715941597522,0.07473779099502016,0.3459098554591757,-1.6191621296372047,0.08720694607057941,0.4379230404674179,-1.9559448308486869,-0.06009553265906969,0.4100431967490989,-2.2213002388104046,-0.005484735235333163,0.6905733476056513,-0.8322213594607287,-0.00283708154792437,0.7312639972299628,-1.3859700069471663,-0.041089664238754604,0.8536106221678113,-1.6301843731197847,-0.006036072262559691,0.8790895358584748,-1.875721596325156,-0.025265188105071706
B,0.0,0.0,0.0,-0.32346276243684413,-0.20628793700591935,-0.10512698746824659,-0.6462930949941198,-0.37767195245849905,-0.07879900597213436,-1.0578525676163222,-0.5588982269716439,-0.029391173348150442,0.41211966372192577,-1.0228915960450733,-0.24421987590586208,-0.37396511512343805,-1.0422630013585172,-0.1135809597966233,-0.35701112208176616,-1.5658337844461567,-0.12248361428159793,-0.4876712099025487,-1.9700656895793407,-0.0003992951483566603,-0.4914018548496619,-2.297462692144659,-0.029586125889795457,0.0296428086489181,-0.9986040397420387,-0.043718139327794274,0.08280864606246653,-1.678208508984822,-0.0887093516079795,-0.01421952508629259,-2.158927503827788,-0.10567028965125363,0.06926456818597114,-2.406755465367672,-0.06588080005170385,0.45286994994917257,-1.037250930958389,-0.1348955476821456,0.49921139750462756,-1.5571276402273906,-0.0619726273656525,0.5170996802446354,-1.9028317847301306,-0.06260068580391792,0.546680385775249,-2.233090578980025,-0.03572504673009044,0.7242195757063801,-0.9237816150992042,-0.08678447003298613,0.8094660794228157,-1.368763416694061,-0.06433069107171169,0.9493560976362174,-1.60131976361198,-0.019836725561802392,0.9914560124034185,-1.9501741538148767,-0.10232642359160567
B,0.0,0.0,0.0,-0.23763317762426092,-0.17196282918629507,0.011982342529841263,-0.6608363733851417,-0.34726690529205484,-0.01449271414579441,-0.9167332560284913,-0.5125441047998056,0.039963769194447434,0.3966962840303594,-0.9243334934149229,-0.14225148516659195,-0.29520424698796244,-0.9778496142962855,0.041669075511045775,-0.35301169903674834,-1.3972399348906526,-0.04596615752232799,-0.363606143804499,-1.7755243628927173,0.04631862153643308,-0.3632861593414123,-2.1448965270370506,0.03485684207265867,0.042511369319585504,-0.9989841667398293,0.014947176378930628,0.054541790926455516,-1.5489223547200197,-0.01962012073030926,0.07266197571420431,-1.9636746845311674,0.04836400152616838,0.030608346368893025,-2.2393823074943193,0.07268777265899642,0.34135225063503577,-0.8657102522968578,-0.01629517295580183,0.4349293370165332,-1.4473986545177797,0.0427783517766971,0.4526449831898693,-1.752499579411227,0.03447612421236687,0.4856129467173913,-2.06697458435396,-0.023307802478140002,0.675966461738817,-0.8553781571199469,0.07439485570368835,0.7898035429818014,-1.2333233914091921,0.05915909304263704,0.9012041413537016,-1.5037085525862273,0.0020981575147367786,0.9360303992023912,-1.7504379840613336,-0.010636235597067289
B,0.0,0.0,0.0,-0.33944746692792466,-0.09957889758512584,-0.12417686239711766,-0.7358179573364291,-0.3242801609357177,-0.0035927716898593795,-1.1272585812990337,-0.4775774675926162,-0.09113961477793008,0.33925075874116456,-1.0096704659113813,-0.30467585785876583,-0.383858044080227,-0.9835429306860711,-0.04903252895917518,-0.5954092639601007,-1.5788143366821694,-0.1080830809793123,-0.4235710792547886,-2.0040365995665788,-0.06562525022803611,-0.5011284029240789,-2.2976925080064077,-0.10739334003972255,-0.03491499788778135,-0.9968670988968058,-0.07097133266018146,0.0801485683694548,-1.7057860441948414,-0.032829561337155144,-0.015871582589153412,-2.159900472164333,-0.06738304267093802,0.06523173349972541,-2.529961217848207,-0.10763369224560593,0.3855222337735172,-0.9874119756200813,0.005516481839506238,0.5102003193816279,-1.5234653034258585,-0.0715016395690748,0.5165101278755091,-1.9448682789581049,-0.04221281372944238,0.46754644789224475,-2.261955421788551,-0.0020921518066614104,0.7533119075772795,-0.8174694560183523,-0.08948775438649827,0.8632618596362285,-1.3679538639553694,-0.09187934121300884,0.9150121707186296,-1.6695662653299717,-0.032865395310568625,0.9910594028045626,-1.8968674874376976,-0.018623647183654612
B,0.0,0.0,0.0,-0.2277816816675713,-0.19539511639098534,-0.03327443068250003,-0.6858245452165209,-0.3232110473837031,-0.06159625561162873,-1.0085131677258266,-0.5012413002618651,0.04522866245013248,0.26997285285920825,-0.9304558369043282,-0.17253161782263068,-0.39012072352224114,-1.021069599211961,0.0055272190359725885,-0.3940462651138083,-1.4747006538314094,0.0018979584208068132,-0.3941647704779225,-1.7648180499835115,0.04082187574352584,-0.4734662884939886,-2.192680702935572,0.00759744380130787,0.029739920119914085,-0.9982846908202755,-0.05043028083530813,0.0012346294044583753,-1.5712707128721568,-0.009543407049803996,-0.03431144116279881,-1.9410563470675293,0.024494793511332463,-0.03869563195913882,-2.2890179383722384,0.03096784751132833,0.307149025856331,-0.9646381344431925,-0.02246323061501703,0.41248237680047306,-1.4287201558527143,0.0016055489028132049,0.392906820049377,-1.7776299468966998,-0.003931510959285845,0.4773298034780898,-2.0035403740623443,-0.043636757822593596,0.6732580575998034,-0.7943427583202394,-0.00881042641807049,0.7220368700671264,-1.2199485262243288,-0.03494790585258401,0.8763729927162859,-1.5082654167940754,0.02136064508872454,0.804132116363549,-1.6620696943589361,-0.012434729598375783
B,0.0,0.0,0.0,-0.36591177619841914,-0.12526332760697595,-0.034070825114568756,-0.6698190413581022,-0.33500749642173216,-0.044351739400784185,-1.0509782926504505,-0.4628205215097524,-0.046011257591208964,0.3377796090224904,-0.9593387951784413,-0.2515601648304639,-0.27892812099622294,-0.9784205561813109,0.007853985146734785,-0.42115637140022333,-1.5255664448497217,-0.018153404189183212,-0.4338937730715854,-1.7996632390233114,-0.0018818334885134945,-0.4937441611039517,-2.202136495031393,-0.06239939827900781,-0.01383762585406944,-0.9998156821308694,0.0133087142845357,-0.004941708700403599,-1.5904269775046362,-0.10705297294070315,-0.0658275516557954,-2.0060790652308333,0.013663468717421183,-0.05062865070998144,-2.358547437498275,-0.038146578076014015,0.3485438556348175,-0.9803304919416577,-0.015532229538918708,0.36293479738077317,-1.481175482567712,-0.016368487019938992,0.4319980473541494,-1.7799922641670942,-0.07676750072200467,0.44987160389107417,-2.1029046339519,-0.06325979393037937,0.6252112900581577,-0.8728408404452711,-0.033798971774000326,0.7525916593704215,-1.244855359615236,-0.04407022566205217,0.8181767077255605,-1.5348620998094933,-0.015361901312453389,0.9184452964350509,-1.8577909027257973,0.06797891341942619
B,0.0,0.0,0.0,-0.35732206732732097,-0.23119484367338386,0.0020408839453507663,-0.7234411559075739,-0.41079647177256334,0.00025622602802046515,-0.9622929157396438,-0.5171810018420638,0.009671023050076749,0.31312412366559234,-1.0250628881302684,-0.13753959173869018,-0.35787126451784695,-1.038014538300981,-0.01192529977759763,-0.4321641572588543,-1.5830480361701265,-0.005290733959771883,-0.4809900244909795,-1.8544339537806807,0.03512792346133801,-0.4507725746069931,-2.182200471714934,0.06837445496772832,-0.01960306789825835,-0.998985842665342,0.04053400897015909,0.002224067425477231,-1.6636578343185886,0.032047681507012364,-0.05410526137982598,-2.0531231219466366,-0.05009213497391254,-0.0024460211291295123,-2.322729926626992,0.05369054091102672,0.26625619126658245,-0.9426014531281383,-0.018194116077983765,0.3373121535209459,-1.502875646182738,0.04502846785992987,0.3130488307788414,-1.8673145026158318,7.668610261286958e-05,0.4269054723119096,-2.197277162238062,0.06437493906228223,0.6001724138941668,-0.8635864009005021,0.04964742898652346,0.6895429229192164,-1.3699002440092805,0.049497077553026264,0.7917778620657232,-1.6031788019523707,0.01913331333755221,0.8968987800997176,-1.841906864939727,0.025678671854051087
B,0.0,0.0,0.0,-0.36037384221278396,-0.19610230205099968,0.06347192990272751,-0.6254735067316065,-0.2923509466597069,0.1242159072962007,-1.0390589268606363,-0.5177461109677579,0.03918375062620382,0.3352335532496758,-0.9090902022438803,-0.08676993702778332,-0.30049125898298645,-0.9997987051272039,0.08375051997077966,-0.4717071724252029,-1.5242736428534425,0.10075030669823927,-0.48937321365447084,-1.8558724367622512,0.06671650250629256,-0.4792006282115174,-2.185236560634336,0.03948394251950866,-0.038725952164050025,-0.9985776903469727,-0.036645558670774916,-0.03220330662233875,-1.5505055784479176,0.06783522333242249,0.03513673038418653,-2.0230702117891552,0.003994665197131892,-0.012715756754166434,-2.402613315906359,0.06702051490096601,0.3728690695850527,-0.8493527304517072,-0.032055979575767765,0.39878229035844914,-1.5234294244823048,0.09632254579504276,0.40436648401023434,-1.8751558669362727,0.06611078862162093,0.3955903684191359,-2.094585435340232,0.043871194120318736,0.6762111015247765,-0.8610500893369827,0.053563088820388224,0.7561588758934633,-1.2185262044437892,0.07352738030188428,0.8213462823051536,-1.4982148976186578,0.03454493160249277,0.9201227316930798,-1.7841991742578778,0.08969388803398215
B,0.0,0.0,0.0,-0.3299540795043164,-0.1716293962234953,0.010339661834165017,-0.646894241958847,-0.3887457859469802,-0.061192544840949575,-0.9986695996879654,-0.5828974870148946,-0.013745647882367762,0.3604185608899127,-0.9844840243770605,-0.16149712648433864,-0.3390431802593999,-1.0374944777280235,0.04901686508801253,-0.39132577274874686,-1.463414364905436,-0.039757826532060336,-0.43139083300462433,-1.8558991181311044,0.04019823845452096,-0.4315375529873532,-2.0995428892704697,-0.04558125388329582,0.06745521965962721,-0.9955214971220845,0.06623248529592507,0.052583752819922065,-1.526288846957412,0.02169633803047366,0.0578961492541754,-1.9469546652760015,-0.027007667982519055,0.016331977451989294,-2.308451674073501,-0.007468091872051783,0.39827502011035604,-0.8954113375814644,0.01554009656573436,0.417945131797109,-1.4720719527204333,-0.03391541337306243,0.4310547111825701,-1.8151789671191614,0.034259688117475456,0.49159988776409047,-2.0752058668076923,0.00988617235453372,0.7074466777705325,-0.8748163013593829,0.0419931952244865,0.7667805928275627,-1.2221351451199922,0.04095718998171494,0.8426003481126988,-1.5459760355135836,0.0168425368237091,0.8241983538140113,-1.7583403887737392,-0.001586524475213286
B,0.0,0.0,0.0,-0.29933572639211664,-0.13035229549855676,0.027846327126464374,-0.6629157021035508,-0.24934305752188096,0.03125848983270563,-0.9879294691515295,-0.44298581661613123,0.018764552864909457,0.3530091082795361,-0.9715302775618256,-0.12524903428985634,-0.34281303229822124,-1.013798176929632,0.04913020789722645,-0.4218808838257737,-1.5804402992836402,0.04015433708843371,-0.3763499837822957,-1.8980436014796784,-0.04452078238961701,-0.4884212224192362,-2.237699172636713,-0.02057064994387332,0.04165182618011768,-0.9937459883622307,0.10360519287098721,0.00684988693366358,-1.6623343743994565,0.03087787929326116,0.06931863169690483,-2.0638075368704416,0.009618898006525827,0.0868736946093182,-2.4213634182819637,0.08959038905532218,0.4288092760172868,-0.9807712051295042,0.021907923241980688,0.4681173204189303,-1.5120329028463873,0.006335648686830621,0.5022180136395034,-1.9570181309538517,0.08065271832837943,0.5429832966886272,-2.1881585770353906,0.009607444701438603,0.7451034194786041,-0.8405442735970258,0.07117197180865463,0.8494807013091487,-1.3530240289965152,0.0369623712752623,0.9177907211351465,-1.5257377865171862,0.08016088930908555,0.9269079498276078,-1.871798110917348,0.07932632108478962
B,0.0,0.0,0.0,-0.27778603626030934,-0.18779867462956523,-0.05941697540942612,-0.5733606593099146,-0.3361047952857484,-0.058447968777477065,-0.9250029447075984,-0.5136313347202388,-0.02789687278141496,0.3499859992547198,-0.9256248690176655,-0.13674207582454032,-0.28818013078394056,-0.9097217950592449,-0.01899087691357128,-0.3341176220555674,-1.3978294464326237,-0.017472289765536008,-0.3919111263300811,-1.7325587833227725,-0.0031723153175503118,-0.37769000122300816,-2.090642470722882,0.05387098514111591,0.09436307244260879,-0.9955229606758912,-0.005444752179743959,0.08223963365063287,-1.549672685844794,-0.030571541395362577,0.05214758569423762,-1.8988690925873295,-0.031836891906836355,0.05642073473623729,-2.228069864166875,-0.014607499146493988,0.332324785542387,-0.9134751723790666,-0.06490924991985168,0.4109650723471187,-1.3845931415421242,0.018527116757157455,0.4675716722094694,-1.7308921574784688,0.014002427639861025,0.39151192114899935,-2.0077707963467946,-0.01901225320692997,0.6912990637775814,-0.776365849520878,-0.05364129327589111,0.7694063387372854,-1.2579916491857506,0.020257676868663095,0.8256325992716915,-1.4607775877901557,-0.025366969377252184,0.8754557329900144,-1.6937503815297197,-0.0004328560920867464
B,0.0,0.0,0.0,-0.3073326791159723,-0.07236093669033723,0.027138122708534607,-0.6565457167886424,-0.2762730664455315,-0.016420239289054818,-0.9457542392729917,-0.4872286568764606,0.053433148265345426,0.29115050090717837,-0.8520991966337026,-0.14240334380521097,-0.35348663549649795,-0.9338366558964631,0.03231880674551692,-0.44630696639444284,-1.4413748937852608,0.08430406941097782,-0.4344246660061458,-1.7563455393698402,-0.003525750427789007,-0.4092162953668145,-2.0882462434102598,0.024084367952450135,0.03199380561671451,-0.9990634869088593,-0.029129804799748967,0.017057262689056156,-1.5393497407272367,0.01224470906247996,-0.004291840661630608,-1.9432326410205307,0.028130300042873795,-0.028549015807862056,-2.298820938527211,0.006400977651822522,0.3189042982082697,-0.8225978986457937,0.04681323228845741,0.38294538139244627,-1.347774390178548,-0.0024794915085833745,0.5061139399186741,-1.7473891523441638,-0.006598763630285094,0.48949879849527245,-2.007419763914256,0.04081328283410734,0.7252360008963026,-0.8024395530971578,-0.0034190866562499,0.7808225346069507,-1.2155594717492877,0.010311905076625869,0.8405798750606883,-1.5135018278410965,0.023260687850643842,0.8590351254471649,-1.7534067118335603,-0.00017626256268590693
B,0.0,0.0,0.0,-0.320882570889243,-0.1899788935406053,0.021819938232213527,-0.6602187764428677,-0.39412051873569875,-0.047307475973356675,-0.8739196486492925,-0.5504467286932498,-0.004256686198273901,0.3029257552997448,-0.936882660770883,-0.19246924534132054,-0.3227624466882519,-0.9548161168093385,-0.06803940578853364,-0.4243325314970866,-1.4362690715588284,-0.038745095767182845,-0.4162369712269281,-1.7003613791387784,-0.05735368474924956,-0.4555598586575455,-2.0494996211251335,-0.039161709398464445,-0.02764321070598445,-0.9996175429372558,0.0007878793994259116,0.060344732616726286,-1.5073450780439384,-0.023853759340591023,-0.0713103007289541,-1.9151322688041534,-0.0016859215903191839,0.007849539371501844,-2.1125118347294336,0.023572446299208273,0.23002700638017823,-0.9693818628151849,-0.0011319632351985784,0.32228367669200453,-1.4385818021406576,0.021924601735780504,0.38177438201836417,-1.6948424828312068,0.003893307791071976,0.41750872263978456,-1.9981285355381102,-0.02215533300273179,0.5749672956013872,-0.8732803693214672,-0.015651584324797525,0.669599316758754,-1.2180796462976322,0.0027729459300835993,0.7123435734397925,-1.466565324652468,-0.05569509546098954,0.853334519584665,-1.6717969145948637,0.001518232575693446
B,0.0,0.0,0.0,-0.3737917465564899,-0.15550571807993752,0.06530777692352142,-0.7835031288946682,-0.31555496352062434,-0.06083993439187409,-0.9858058496874246,-0.5037186923155499,-0.08797581614350669,0.37135266535131817,-0.9406861891022023,-0.19639304136092378,-0.3267588609492898,-1.0521459000493143,-0.055325739237073936,-0.3578284305283925,-1.5706667630280728,-0.026278466037448985,-0.40318885613623223,-1.931293738085883,-0.009018756590196502,-0.39213330202405644,-2.309913986137642,-0.06296626349441183,-0.028231984257970574,-0.9955966816766524,-0.0893879326268147,-0.015695097510284035,-1.6853415557661904,-0.048175465785180185,0.05265099222838349,-2.004960602703062,-0.0698052524666024,0.04045115882820556,-2.4059454310561965,-0.054364473871859505,0.3897108382966893,-0.9934367070694312,-0.03397924417590029,0.413377875308589,-1.5001857434048806,-0.08250424714813702,0.46966938424801585,-1.8711925278365034,-0.08600746959386509,0.5935276606384703,-2.1675168720727522,-0.034213409676020795,0.7057689324654179,-0.8875603437106395,-0.03714220188842557,0.8572635371011317,-1.258663651647026,-0.025727552313932645,0.8627701647261813,-1.611664059364368,-0.027061018949741812,0.9141220358145593,-1.8467805109469042,-0.005120672926876633
B,0.0,0.0,0.0,-0.38548800492310703,-0.17283401773474516,-0.04207039042473737,-0.7574829939416965,-0.42330075369537035,-0.11244288724617758,-1.0138654288174347,-0.46592137351573804,-0.013591061836208451,0.27152349061089937,-1.0331487316467227,-0.20310147497069614,-0.393238673290219,-0.9448216230631704,-0.07447972773455391,-0.455884981807894,-1.4770200376769533,-0.09607451941502052,-0.45410248961792754,-1.8712473664290183,-0.11342973244454106,-0.49675986532343325,-2.1952967638271557,-0.04564802284731179,-0.036057973620244564,-0.9965886972448355,-0.07423470254701402,0.015602334058596483,-1.6869903283914498,-0.044685180332142964,-0.080108887244041,-2.066601170915076,-0.043117173579778886,-0.001437222888706395,-2.3493447393112,-0.0850978235868551,0.3205023108037417,-0.9646939048997809,-0.07420521470395576,0.4402456854790541,-1.48898730867951,-0.07860619133407132,0.4756791667175877,-1.8623233709181906,-0.11373636930885812,0.5354561956956579,-2.1455446625612336,0.003337130429570978,0.6624869798240224,-0.8692455621667009,-0.005509691849625704,0.85120267711067,-1.327080255320403,-0.08152099932396864,0.8818632363534116,-1.5680235316427025,-0.08254923429905298,0.8640111601581434,-1.7980687309432928,-0.09395934934954746
B,0.0,0.0,0.0,-0.31635463808262815,-0.17864558225856123,-0.06892077025183997,-0.6089642073549989,-0.3548754168417829,-0.02510744156110645,-0.9304312507220712,-0.42865264919099183,-0.0005766746199441058,0.37252634158833203,-0.8745219775352501,-0.16655001133449215,-0.31357568049663076,-0.9571549813040724,-0.06459891138061546,-0.3599356696153688,-1.4261771484408925,-0.022601044900851363,-0.3958069012329388,-1.7385564086835577,0.0024143223791709607,-0.43562967531743874,-2.0720623227526174,-0.08288689011602347,0.0020190039314716725,-0.9999566603895156,-0.009088507345639442,0.058498024014499314,-1.5175366446499323,-0.004183338135427495,0.055204498538853786,-1.9594039060096857,-0.028938421170999717,0.04070015441200693,-2.197588468998794,-0.06000973742432374,0.3338307130767311,-0.87468984401734,-0.061401528699505596,0.3749099756494724,-1.4045058609944892,-0.055290785685850545,0.4507051806062481,-1.7016445998644352,-0.02722927293835707,0.4569499276670471,-2.039176833282204,-0.004157012292480793,0.6594656366224411,-0.7210693206605681,-0.03429242625698404,0.7218203453956814,-1.2253150728805846,-0.07507548980455112,0.8011141453455144,-1.4796284821878138,-0.04647675452828206,0.9281618682362488,-1.6439510187610478,-0.039307867564423574
B,0.0,0.0,0.0,-0.3607616402509427,-0.2353796336441907,-0.11785562508182706,-0.7433338103617226,-0.33948842591818446,-0.07759436757631394,-1.048556789280855,-0.5500653129813042,-0.09261990732589687,0.3142134047438569,-0.9744107400935729,-0.2619891997338989,-0.38358536873624777,-1.0366961170874525,-0.05478752527723941,-0.4268857410340718,-1.5643624630321291,-0.06991330503943284,-0.48692973198317363,-1.9230777861667585,-0.09235287837625904,-0.5198745316088347,-2.275469102563578,-0.0323471702794774,0.0028703343638210614,-0.9937187132617356,-0.11186992488636313,-0.05098628985814576,-1.6584824571528527,-0.11026294132405984,-0.05798547297658314,-2.073849375253316,-0.12849360435001386,-0.015401462783955029,-2.39443792111671,-0.09540718048051026,0.22604044038556972,-1.0162692149192891,-0.09865654443791204,0.33579385102927367,-1.524785089584929,-0.07334857861048147,0.3560907178094246,-1.8488871707645416,-0.09640861709086418,0.43661910998521614,-2.1305062104673516,-0.10869194322265098,0.6210056199580969,-0.9073286859616665,-0.10850855739680484,0.7513044743920952,-1.3265018472397265,-0.09386809239819817,0.8611985589164622,-1.5986059617477413,-0.06870547583104429,0.8790944599473858,-1.8203330721716409,-0.10408358837235229
B,0.0,0.0,0.0,-0.3858967692686451,-0.13851841058954403,-0.08051147457707929,-0.6714627449787058,-0.3162249550318721,0.02094466751423794,-1.1016538110518508,-0.5192137200068924,-0.006152164361835836,0.2364392135090792,-0.9597755774307349,-0.14055342221490685,-0.372052504654828,-0.9861900900532008,0.06114394251092065,-0.4017301734677736,-1.4680274960856798,-0.02876347616477184,-0.4869605205198841,-1.8485956960756713,0.08153879223265935,-0.5458078225163915,-2.157346202894989,0.013301981640623238,-0.01538720494814768,-0.9997539944999161,-0.015974492334514135,-0.03428913665267931,-1.6115000935840271,0.014788463088817327,0.013692800964186482,-1.9710954246291899,-0.011838910889984577,-0.031200633778326974,-2.3425941504355943,-0.011310761736096771,0.384930689106726,-0.8942587879743565,0.01104916617679885,0.41424438146195147,-1.448479531434737,0.01540267616748046,0.41337967090545186,-1.8228388202272376,-0.03820637314136778,0.4610758667512724,-2.086987752502113,-0.007499156343934356,0.6296430745943424,-0.7956099139047454,0.022473273748873694,0.8059061184118593,-1.1890181658986456,-0.046884268590402504,0.8649450158052394,-1.5296373034579522,-0.01436249223225461,0.9411752231456958,-1.7232224602552944,0.01738822362451092
B,0.0,0.0,0.0,-0.34041277544305787,-0.19177960186047485,-0.014545081099449287,-0.676053136138194,-0.3163661196839689,0.008114227531336681,-0.9640994498193237,-0.5056206970509407,0.045634093567900186,0.3600203738630592,-0.9095233623606748,-0.14039554828695372,-0.30136301754354167,-0.9631826046242781,-0.02374647718150721,-0.40165907011131424,-1.4872172224465023,0.02570808150517196,-0.37809619747485596,-1.7549929124136556,0.01983335703715032,-0.446854101709217,-2.2361643170086967,-0.03368076954131741,0.04568697211146235,-0.9986273814742316,0.02561354230102083,0.005738443132455134,-1.566684946326693,0.020973415779838966,0.08109244360119987,-2.051744978971338,-0.06315143334466232,0.05917787942614422,-2.355287809987596,-0.030424087048240907,0.404051969868616,-0.9652496507126118,-0.008535807901105072,0.41913914277887965,-1.4682214013025667,-0.08302859303334911,0.4481953891706093,-1.7734429464856079,-0.03903878338714864,0.49630272190098945,-2.085170381486809,0.00498661331103443,0.6426983810347017,-0.841033919770722,-0.04422056381636397,0.859404073801009,-1.2258660883636874,-0.00471582616706668,0.8347269665354613,-1.6014012678080427,-0.11189194967946618,0.978257544149584,-1.806240979198131,-0.03813731626498204
B,0.0,0.0,0.0,-0.3571600809954768,-0.1566125916189204,-0.05275016286778614,-0.6531856064871093,-0.31472763620471944,-0.08158758745976312,-0.9654158966368449,-0.5378823309278488,-0.06416872724158895,0.26780416934736806,-0.9231310169932394,-0.2271829052321681,-0.3313392995297017,-1.0092303828890414,-0.0842668017877866,-0.3764756831832063,-1.4150297359105537,-0.04221608577334703,-0.45119873034827257,-1.7645060218267368,-0.0073755691677126235,-0.5313150358000205,-1.991521296584935,-0.056166998190577966,-0.014920191641871467,-0.999606979310539,-0.023733410943849332,-0.04108240518593475,-1.5369147539911543,-0.04987103226009242,-0.07158692523776979,-1.8948561904801935,-0.018508210666134145,-0.027228195755159706,-2.2598747421187553,-0.0578505917627027,0.2635559012989951,-0.9387504744230146,0.004626329520159559,0.373729183771109,-1.3650321485658998,-0.010236937817083777,0.37931968151086115,-1.7160683768279505,-0.023667379692001524,0.3591003399674811,-2.0166714184876646,-0.001790330134901822,0.6454384340223668,-0.8118763111582847,-0.05875176226629958,0.7231760038955606,-1.2383863349472044,-0.0831398224615971,0.7431482468632884,-1.4896406221032217,-0.028414590120412832,0.8721915190741547,-1.6898725072960665,-0.029382745998506665
B,0.0,0.0,0.0,-0.3042999040819007,-0.1635363307636175,0.006025897112001285,-0.6903047090217229,-0.3358043349536383,0.030415495323234176,-1.0916415701731,-0.56157019928636,0.05140957207692394,0.35137515827310534,-0.9685116762317122,-0.126576303558081,-0.3812738506511331,-1.0488201810767057,0.07251726111184764,-0.4158388497548183,-1.5840370179251375,0.039299881020940314,-0.44780535405568156,-1.9744809764994429,0.04335727302390372,-0.5092071764353917,-2.287988235012019,0.0002494257455155912,-0.037276676431324714,-0.9953159117993834,0.08920025287630376,-0.07225029951145116,-1.710334447220949,0.02374516569144952,-0.03706734020042817,-2.0845267820524547,-0.029213535116226187,-0.009924200830133399,-2.411775332819746,0.07228856953233932,0.40939447487341274,-1.0002995211884826,0.0749001238037441,0.4494055796628292,-1.5696437162066876,0.010373180231537486,0.44397032005531045,-1.955894649720556,-0.0029019618150274793,0.3993176339032383,-2.2112711365278903,-0.04604920764546926,0.695457574560365,-0.8595722438579817,-0.013301529676006174,0.770805783791264,-1.2777528992280898,0.014348537077247876,0.8251433975067864,-1.6644402157363796,-0.010387098562174372,0.9980551520187951,-1.9127776673226022,-0.02870901216499482
B,0.0,0.0,0.0,-0.3218653874873192,-0.07618149718424445,-0.02342231168071525,-0.7174408445025166,-0.2508608178977025,-0.023926107509366457,-1.1646815933216832,-0.45478001176571414,-0.06951430581387286,0.38526487599930836,-0.9398811400618964,-0.28783034586072803,-0.34460639298940465,-0.9994721415608732,-0.03718859300862928,-0.4769198698195723,-1.590452383751818,-0.0020527106155187767,-0.5020835936723023,-1.9626656681148178,-0.07520071953723283,-0.5410057206979928,-2.3598401149394834,-0.0028374494654185927,-0.04731626263023424,-0.9988566893734458,-0.006818019113076229,-0.05103952094722462,-1.7040536200198202,-0.11010846716103848,-0.02279944392643927,-2.031095718392078,-0.022638638539515372,0.0004625638493349666,-2.4796715679984764,-0.019978868990392803,0.3049466908868072,-0.9820790556168626,-0.09801881972314082,0.41115618447511393,-1.5419538123274175,0.02297525982142397,0.4651352318823784,-1.8634373020298987,-0.05158455695266349,0.4936082931026117,-2.252577819061011,-0.10553352952441762,0.7220888600049452,-0.8228148257094078,-0.003607977645687655,0.8344799413954811,-1.2633984478732683,-0.09207863824000982,0.8727271053666532,-1.63437816136587,-0.011836017827935282,0.9730969867200451,-1.8317060714045355,0.0073852339627840935
B,0.0,0.0,0.0,-0.38834304471645703,-0.18624165610874024,-0.008557094506470334,-0.7330690126645424,-0.2941693253927826,-0.07247732732969157,-1.0471504994448022,-0.48259425793234895,-0.017612690080765894,0.28750841369594426,-0.9686491918388179,-0.23048550425197825,-0.3238448632388088,-1.0153116404154143,-0.023478728506014172,-0.39982548387873634,-1.6438711804628017,-0.03913083613898595,-0.4307387438228411,-1.8581881883956977,-0.019622236106176787,-0.48067639154931574,-2.1690058411160233,-0.10538618097056743,-0.016491600944378647,-0.9998618392336656,-0.002080755286612094,-0.00046448944554711857,-1.6246788392027702,-0.009383008228211582,-0.017436955383621434,-1.9259130623140863,-0.060986929345671105,-0.08422131145001066,-2.36953227570241,-0.06963091360185154,0.32392711797024903,-0.9303764272448363,0.007827467361208231,0.3886073517090833,-1.4709557194774865,-0.06428416358936732,0.4318190441904613,-1.8220752043051718,-0.0215171791331186,0.41393018320295755,-2.162174286984748,-0.028142170015379497,0.676207401917478,-0.8532261372595766,-0.0053565263492674825,0.7984281835502698,-1.2944559227073393,-0.06680380232395483,0.8332715821344943,-1.581530418227939,0.0011159264291896905,0.8829892433670228,-1.7883925314685,-0.03989568456760269
B,0.0,0.0,0.0,-0.2996564351615455,-0.21176852542301847,-0.021355283286104806,-0.6086638286290608,-0.35246855994813103,-0.016877864112656217,-0.9998571943741933,-0.4574467298419754,-0.03981806128034675,0.3273439834417769,-0.8864563218406398,-0.13502039583805472,-0.3002629072692713,-0.9407524561521179,-0.02100349253767932,-0.3952429998382897,-1.455470555851934,-0.07690879333169193,-0.3891427406654947,-1.730742503855383,-0.05587050596620924,-0.43350534229726984,-2.059213879182243,0.01369856915027288,-0.01435058565194038,-0.9989639177501736,-0.04318740238392201,0.042873965954084915,-1.5328653324966934,-0.01901597303132024,0.023555398463818513,-1.9417167890967102,0.0292012734882833,0.026422344020813688,-2.2044766004508203,7.738968688972397e-05,0.36020401579007527,-0.9515494559524231,0.021368962780016505,0.41113772487946837,-1.4846949815967736,0.006949395102104249,0.39994889648632026,-1.711309510826657,-0.07889816933301082,0.49323313685914283,-1.9846223170014956,0.019314421166355036,0.6657864567296279,-0.7332057683361047,-0.017777109298875507,0.7825636065899347,-1.236102826152588,0.02623514139172991,0.8536593492581815,-1.5104133257609786,-0.034035873532713645,0.8383496220736631,-1.6978182983644994,-0.0042638816828017186
B,0.0,0.0,0.0,-0.36272351303371503,-0.19734778249302454,0.06795255248688269,-0.6596311805830009,-0.37720236719201145,0.020248154646423724,-1.011811744212295,-0.5304146191612727,0.02381579940516154,0.3424364772943156,-1.019130967688547,-0.14184762401885137,-0.39593905465053575,-1.0355450668731776,-0.047572098019861474,-0.4057476340094033,-1.5519904792578034,0.019549099633923792,-0.4230769817334511,-1.9305155353485446,0.02342110510089729,-0.49898317126413083,-2.206214541997256,0.04001608183713579,-0.03528898702876783,-0.9982616378974283,0.047205822700461905,-0.008088588447741402,-1.6778797788127722,0.03446556018307089,0.002441147542106175,-2.061798476438285,0.012486765920086405,0.12036182166697271,-2.3568043945593873,0.033002893909194184,0.32096750425641685,-1.0119721371882848,0.04486602722728738,0.38502979943809557,-1.5489951417057333,0.08593850132632803,0.4064432200368703,-1.858811377251655,0.061534087143266455,0.5223887406209491,-2.112224600055546,0.02177733241085982,0.681749315288279,-0.8834917585067906,0.03579116006717912,0.8080574913728661,-1.2722437612633366,0.04422318518641391,0.7491506114179285,-1.5335967974909142,0.017187592876507417,0.8903732065028646,-1.7714757535055885,-0.02713714411988217
B,0.0,0.0,0.0,-0.31664936008087397,-0.20722456665341024,0.01790705531285604,-0.6163634726694754,-0.3281338156810178,0.039820856568292456,-0.9151108415326448,-0.49595437768467693,-0.043837759131413544,0.3443046660005651,-0.8832600698874805,-0.14789594387154292,-0.26121317923042886,-0.8993435901316682,0.020897052874678343,-0.3127366160978567,-1.4343439997413756,0.0632019305856581,-0.35316881070629874,-1.756952239554132,0.05847990329195391,-0.41064944360372857,-1.998132427762721,-0.04112713854836752,0.036479718543947624,-0.9986742951453552,0.0363164198522126,-0.00011854215715446867,-1.4820029512754962,0.004546646906770657,0.00352044124153084,-1.847528240829374,0.04803525728075436,0.03497933346244556,-2.1839142706628403,-0.009366477916925667,0.3615207185761153,-0.855575142369381,-0.06505837607105759,0.39481346842399034,-1.4372886948365158,-0.034839291492229724,0.4045313797977778,-1.6878830618512504,0.005624796211076227,0.43313668646326897,-2.011700250101667,-0.0736597856461631,0.6758917391015709,-0.7668630368474183,-0.016566901911868003,0.7731614378578502,-1.1828574791600537,-0.021680446277739795,0.760700975875641,-1.454413617634227,-0.013166358834620999,0.9152457760580989,-1.618741998250392,-0.06278411824336624
B,0.0,0.0,0.0,-0.3804250082924969,-0.14505454419555291,0.031606641915791496,-0.6442615556852314,-0.31246485814247316,0.02984283836276354,-1.0034506687101143,-0.4612409652673773,-0.0033067541482227165,0.30071852877822286,-0.955269605061712,-0.2055962296053418,-0.30706415059269543,-0.9878679111754122,0.013339496131331013,-0.4261882764686057,-1.4576813418501458,0.04990404693870374,-0.46667502466767413,-1.825110326666617,0.05103969994153895,-0.5043506475281877,-2.083763693274367,0.03620062582955748,-0.04145052566803319,-0.9987468957414071,0.028044467703032493,0.01949883183105636,-1.606816840490735,0.04746933229746667,-0.014923018763706488,-2.029852851523398,0.021425561550188144,-0.025066002475598904,-2.321937219498964,-0.032235477440066676,0.30397448359228246,-0.8801813591881253,-0.023598110609909066,0.40963406122885093,-1.4513581856276148,0.03641542465040226,0.450603498868285,-1.8472222961870817,0.014457708354954002,0.40731202621658985,-2.0827438535640415,0.048804030612735104,0.6515532883798067,-0.8548533919084214,0.007564229849462437,0.7475198231165757,-1.23469548226649,0.02461786383624409,0.8291216001461844,-1.539813800483028,-0.005032883750364533,0.8455184158002197,-1.8127955086674137,0.02668014375513472
B,0.0,0.0,0.0,-0.3111685833657984,-0.1798948216078473,0.05198897614075856,-0.670489184880219,-0.3224091430740981,-0.0410350328681409,-0.9995454611288901,-0.47030988872561375,-0.03275341182222457,0.3327023681290313,-0.9534084963373242,-0.12168881982281438,-0.36025907487066033,-1.0182483975182823,0.10494353145707754,-0.35889717972148794,-1.5282508296875403,0.021028415117554388,-0.48240581086718576,-1.8359699138360819,0.02401519740132758,-0.4558132677743876,-2.212494071101433,0.025197620253344485,-0.0037775686307050305,-0.9999760081610755,-0.005806296365245652,-0.02357786217655851,-1.633747955850555,0.037014812018906156,-0.06186637812300306,-2.050404450981629,-0.025692396593184265,0.0017583666933502055,-2.321737221271845,-0.038828836630255305,0.3249800240410886,-0.9410572659878569,0.02060822449360438,0.380562011144701,-1.5562331494079047,0.01685438592411604,0.4143780794127884,-1.8274575215196476,0.03413825337947711,0.490407236115464,-2.140066394282416,0.036635153610964186,0.6313743984647562,-0.836053293297669,-0.05703279531891645,0.848788067624596,-1.2753735997400888,0.005178753267280282,0.819839661756325,-1.540685960320741,-0.008556728507391672,0.9045480532629523,-1.797949957644446,0.0026677739947061603
B,0.0,0.0,0.0,-0.30385390534044693,-0.1655251564441327,0.002120493243513138,-0.6992695867295723,-0.3191272681461083,-0.03181099351329717,-1.0355453457003294,-0.5322658652838657,-0.05648694158198027,0.3146692061431302,-0.9446389274683347,-0.22361635799572432,-0.336214858057891,-1.0133201874856907,-0.029177448866720402,-0.3796701473376311,-1.5613192085823089,-0.08810989206018609,-0.4838310334160057,-1.8515930738529935,-0.03790569814464246,-0.5305152236865637,-2.2150234977245598,-0.036927001810513095,-0.019167284891301792,-0.9955186141665018,-0.09260293752308026,0.06323975809121384,-1.664993289956264,-0.04738621725980039,-0.0639190114671589,-2.0641966582124818,-0.0510382869761598,-0.02083319131067559,-2.4232784598044645,-0.03784562887234309,0.2984088194466083,-0.9255551424299969,-0.04958707758069557,0.3973297026672639,-1.5035028653848963,-0.06899349529822621,0.4323299778591694,-1.7518455828668738,0.019603879634371185,0.4618818893181647,-2.0804537710970763,-0.06409365224444498,0.683446638396394,-0.79341106099486,-0.0338562559212234,0.7111813695950507,-1.2901443171781555,-0.08802711512260991,0.7687771002496376,-1.5515561064280121,-0.08594596243986748,0.897167408601906,-1.8463806900143485,-0.03493656688276268
B,0.0,0.0,0.0,-0.3276546084802096,-0.16793868946258925,0.04088321389372619,-0.6332670157371596,-0.34990651403451034,0.004966375539013798,-0.9760692011236903,-0.5295844754296178,0.02875947309866797,0.30568423618961843,-0.8818947867020913,-0.11176344261278265,-0.2898151527822483,-1.0250135284291626,-0.0031325756952930374,-0.3630251457630393,-1.474951257790669,0.03182521999986201,-0.46768495854242564,-1.8412497393591785,0.006385282830420338,-0.48356700694016375,-2.1377445134264654,0.04520930505145845,0.009669131700201837,-0.99986794919145,0.013061089994638966,-0.04098291789571064,-1.6053661641183963,0.003666420296320586,0.012304407781199612,-2.0101058770630265,-0.01825067893509725,0.06556120657220127,-2.303503655546371,0.015173436165231905,0.327734501243501,-0.8838003807870211,0.037349636892106595,0.419597004106515,-1.387354023885637,0.03228734547713582,0.4788867659524439,-1.7172888993491964,0.029509761582797136,0.4394367938516628,-2.1485046131071663,0.01739329309326726,0.6742599071573775,-0.8000270287179142,0.03975000807618163,0.7617780675465252,-1.280590572207468,0.013901454974461663,0.9004749365335737,-1.4944885847856644,-0.011488270748883962,0.8536844350558579,-1.7901489485583595,0.03781384943464921
B,0.0,0.0,0.0,-0.35155393798121154,-0.18235734550881727,0.05965025864627424,-0.6389027977975004,-0.30680997193919873,0.1344963165487888,-0.9780731322230303,-0.5212056700734801,0.02943664473457549,0.3402392906176377,-0.9723578653017508,-0.08362350569724646,-0.3081803076275745,-1.0092168837716242,0.019230363528536923,-0.36374845695087954,-1.5143362705866172,0.04533947133916569,-0.3973934049179748,-1.8814156696675997,0.06054360700361368,-0.4801465076599055,-2.2115045501742587,0.024856152265946566,-0.009729253938484879,-0.999664666809209,0.023997823881212146,0.0010805072731917538,-1.559998087455023,0.02804064573345445,0.023241915761207516,-2.107062132666156,0.07873080040692484,0.01817710490915144,-2.4241575349934856,0.05313684869193835,0.37740319320017934,-0.9506480973628502,0.049272708033720816,0.45508393516433454,-1.4876893837372491,-0.002243892064530646,0.4763742489223494,-1.8172379989925713,0.07486210534225578,0.4571393966826716,-2.1037008306653684,0.018025369856531123,0.6278637131475191,-0.8056277395457121,0.06976751520516032,0.8450150997866165,-1.2778456712581667,0.09171001505121093,0.8281888549527876,-1.4934310718092036,0.005748955040301792,0.921492614278389,-1.7941866675835578,0.04396896634862565
B,0.0,0.0,0.0,-0.30083255942701725,-0.15118158234397724,-0.05754850101224076,-0.6391597276948207,-0.3514216141777027,-0.0906035458779883,-1.0247732960316471,-0.44181296431278283,-0.04689386037239437,0.3120567338949613,-0.9309785952116159,-0.22037995210675396,-0.33862801267388887,-0.9428887094259262,-0.03815822431356048,-0.4662141699783361,-1.414439991237688,-0.12203043476030556,-0.48360066836871246,-1.7821788478973155,-0.043079383908347306,-0.48201134069226353,-2.2021408475771533,-0.10635773587437058,0.0005875217980092874,-0.9944378458322933,-0.10532343326423098,0.06711128742294764,-1.6000515631803351,-0.02434076393822545,0.008687056551323982,-2.0688196700626444,-0.10655445523098674,0.038262744860321725,-2.2914511234532875,-0.0935957077781246,0.3658871177304989,-0.8823147187646928,-0.06184530212894652,0.37339803387070214,-1.4061794547020234,-0.10887734412970189,0.45103200403016097,-1.8238673052881882,-0.0837062013129626,0.5176125605207932,-2.1409792992456347,-0.053499337039678234,0.6591542015619181,-0.800866408766692,-0.07293062412474875,0.8015777031503099,-1.25821419487717,-0.09409075658152498,0.9157151599817934,-1.541585402312293,-0.02991621502241018,0.917311833051664,-1.788550065664857,-0.10098302564387047
B,0.0,0.0,0.0,-0.39529617819397667,-0.1323288498944926,0.012814374640851316,-0.767325281943013,-0.32796864644370194,-0.045352722614912286,-1.0900718788551285,-0.43059262933738374,-0.04684244853055351,0.36853402730053525,-0.9579298694293286,-0.16768439412929032,-0.36460798909541287,-1.0267557687082955,0.004956871204501378,-0.4675574357130904,-1.542211666950386,0.018983996505446396,-0.49946921183931947,-1.844597225226958,0.05055734942685155,-0.5015848478735493,-2.298976854745198,0.03454000380513918,-0.0006275662541547643,-0.9990670374022205,-0.043181719939655125,0.015776316007673895,-1.6225568871105351,0.051161684135014394,-0.004895161236144538,-2.12984336466563,0.006520052134561802,-0.038015608734528424,-2.45707444704625,-0.06655396727562717,0.31922507922334675,-0.8911303116073495,-0.016184949554406216,0.4074098551809151,-1.4908428663682025,-0.04964458932854189,0.44768520147150714,-1.8776114085503786,-0.06083434964719403,0.5320854160617481,-2.181170447894634,-0.03193948800868306,0.7102183917794318,-0.8546677438090852,-0.003700266530821442,0.7990958780915196,-1.343576520891453,-0.042177053877070395,0.8615310873521411,-1.624094975778244,-0.07705889767367087,0.9397730520611968,-1.8584302321840038,-0.015609146167422663
B,0.0,0.0,0.0,-0.37022208691985165,-0.09016823889498073,-0.04549740859335886,-0.6600839185980794,-0.2757597724225277,0.03392279341867584,-1.0381691624976035,-0.4939670217332075,-0.029523301642549796,0.2963524211992449,-0.930040734968141,-0.16355308710412558,-0.3615487275270945,-0.9528034724624956,-0.006158291031708912,-0.4539216470064221,-1.4714987176757055,-0.023717787348565326,-0.4859466187951126,-1.7947083306272404,-0.029654221197528984,-0.48226996336335004,-2.2150270072171985,0.02528996329053359,-0.024153657806562846,-0.9985921553854259,0.047226137013872405,-0.07564996739096129,-1.627545207185892,-0.019085152879727008,0.020501648158145185,-1.994540243297777,-0.022586407561472253,-0.07273315912625823,-2.363507458950589,-0.012301847392816272,0.31159900354577774,-0.9230080972609146,-0.04327842983393302,0.3644316991166582,-1.4178068569163338,0.0034141368705759337,0.37918018410549,-1.75514786538652,-0.020249752503460956,0.3828865350459643,-2.094567473678031,0.017437938955454358,0.6670740416618831,-0.7596066458913857,-0.043594688781781445,0.7450018314872223,-1.2431893235448033,0.06788736447206489,0.8490112417285125,-1.5532979975475452,0.02595440147356802,0.8534531999349588,-1.7805779940365987,-0.02715217744672815
B,0.0,0.0,0.0,-0.395663751345714,-0.17707668989333186,0.028527227238906352,-0.6276757597507833,-0.3262379816711197,0.02150554797275825,-1.0384546114064215,-0.4649993863308204,-0.0017682858873648126,0.2898022349877279,-1.001798353068165,-0.11603266948255263,-0.32200555581089724,-1.014068825366945,0.05211145089591705,-0.3664918963557096,-1.5132183582217777,-0.007378560408711048,-0.3701469015898229,-1.8235970827343153,0.052476564030487755,-0.4722892765379845,-2.178985578695383,0.10088726228850227,0.04069533014070198,-0.9990545456149125,-0.015293952756562642,0.03760441760150953,-1.6054419757536234,0.09709610327506277,0.07998652957004199,-2.0172354945715316,0.06756268621672165,-0.024464474464805833,-2.3110983519801134,0.03791377786265496,0.3730364881576168,-0.9179257594981963,0.06081185508674141,0.4137892162838216,-1.4781772621171059,-0.0046406951355453625,0.46594873417274024,-1.8592215373580072,0.02364778497449382,0.49692345942207766,-2.0773040684939588,-0.02833923129606166,0.6943440548934701,-0.8362967878664588,0.002924861572927782,0.749336193236181,-1.2081967198800208,0.058272545884395524,0.8090461999964399,-1.534577391715343,-0.032947897013656934,0.8855595924562643,-1.6973626197500429,0.012509536150731368
B,0.0,0.0,0.0,-0.3938152939990089,-0.16336867947179654,0.031041850406196187,-0.6858914956083373,-0.33201699200055534,0.07347836780424503,-0.9845756965825037,-0.5229231562451071,0.04463286482627366,0.31934011262063206,-0.9564072124397185,-0.1838132382226966,-0.32722413863239946,-0.9867719097364149,0.018039902608526913,-0.383670562688508,-1.4571775122718085,0.037666981175832455,-0.5042242629938489,-1.8231853337181438,-0.028774386764966776,-0.48891687504357084,-2.133394448244154,0.044711800393914806,-0.00677829922244623,-0.9991798934913004,0.03991985849629792,-0.0027853529048707257,-1.588530749305065,0.019654241313993064,0.019644686894902112,-1.9624100953859087,0.09237567084008849,-0.044992775722234375,-2.2980204695284043,0.0142947344278241,0.32862337361346294,-0.9140769393607647,0.014665141956882875,0.3811193135340781,-1.4446934406112781,0.05971409404880724,0.44047652011069255,-1.8194256379306326,0.08887416272243097,0.4871480481326075,-2.0235687576685617,0.03181016411563438,0.6738968255686149,-0.844725985533516,0.040371441328701504,0.6868770852022984,-1.2239504129495755,-0.0395699923533442,0.8069973023184435,-1.5064992179312953,0.08386045307219102,0.905529553247689,-1.7693907037567371,0.011229946371761477
B,0.0,0.0,0.0,-0.3611241180670089,-0.2557602556650711,0.0403081728814827,-0.6251991430420415,-0.3630008596913999,-0.02379268333298999,-1.0082029103505963,-0.49092474534711567,-0.002712935261526114,0.43398709990737216,-0.9480686559126219,-0.17911542745260234,-0.29106336849066095,-1.0575639199634814,-0.023246492471328192,-0.39914029201201706,-1.51866962579993,-0.029266848208317,-0.4557840388465211,-1.8483326574925338,0.006104041663368868,-0.46697829968033433,-2.1744742885714072,-0.11475569352244966,0.015997273969630934,-0.9983337665820365,-0.055441660578165165,-0.024755343777780717,-1.6424219846744803,0.06090972172516713,0.0020263958585951918,-2.0335219222882426,-0.002804569436257862,-0.012278080927252905,-2.405086827419975,0.02966759748114575,0.3758765229504425,-0.9507316397309669,-0.01807927306910672,0.4429665257219794,-1.4953111872595708,-0.02536780285123632,0.4832514265094426,-1.8714490788488471,-0.014510435933764245,0.5397854016932575,-2.166882497516948,-0.012139013268291867,0.6580116198367587,-0.8392953026228599,0.037853850478293406,0.7878679052984244,-1.3243423975088051,-0.05455588803847717,0.8782996760946754,-1.5523061284555195,0.0031893117481400558,0.9709431918902655,-1.8399634830188207,-0.013243413766247358
B,0.0,0.0,0.0,-0.2792440154862042,-0.1285724519453722,-0.06213685527978266,-0.6342069055929301,-0.297262945779226,-0.13461100498822814,-1.079438641774693,-0.468620814230739,-0.07410856002225459,0.410232485043587,-0.9500829670846292,-0.2075559739858754,-0.28940636814782833,-0.9574022315423547,0.021016022817202863,-0.34311362636675824,-1.4732835726814975,-0.03573802751669544,-0.4277301900084107,-1.8594695523966822,-0.06728913166771422,-0.4081932456546236,-2.2112397108539428,-0.054799297757213435,0.03831680978754724,-0.9952338409390932,-0.08967398696012455,0.06712483346817132,-1.643959312907893,-0.02327875405256278,0.11973981514067736,-2.034985557452083,-0.050647903097231946,0.0725167445558718,-2.3322308753694365,-0.03892418849354968,0.38401998503940743,-0.915003885907639,-0.03103988274398363,0.4818976894799273,-1.4407661073909603,-0.05130798130527292,0.4961326648027079,-1.8424030874507162,-0.06137666958542574,0.520787930609955,-2.1486641609501542,-0.02711526963174047,0.7328214499260789,-0.8016429974787856,0.004222991466913004,0.915534678861143,-1.1767079793131192,-0.025930320030464173,0.8706059936730941,-1.5103004877839181,-0.10477971754465781,1.0001839104618138,-1.7888692885388615,-0.11575018010079093
B,0.0,0.0,0.0,-0.36075886386266043,-0.16405303721900638,-0.03630894232571631,-0.6710869328790847,-0.4237223731567556,-0.02032374134208699,-0.9518235066318909,-0.5126605614025419,-0.026124744671615092,0.3396876680392685,-0.9097695647258248,-0.23991977607888698,-0.33783196189006226,-0.992644168388144,-0.021475162401781222,-0.33304960842773973,-1.4526371447385305,-0.13205356502130466,-0.3966595884041102,-1.862777817485009,-0.0016969293735158832,-0.4904142395316057,-2.1267539595742733,-0.023006381558794874,0.05125367964492739,-0.9943069231255841,-0.09341735891893424,0.03558186813404542,-1.5339140614193012,0.0027341090334215773,-0.04944911190371049,-1.942528578570952,-0.04622577281401868,-0.0038329524054083785,-2.28391199320378,-0.05302971332319019,0.2805585645351457,-0.9484228919785486,-0.06214356669956589,0.4503232874400034,-1.5020739341436837,-0.025339118067573767,0.4019287253245889,-1.779951278087253,-0.07654181991035469,0.4303957347521931,-2.0738769634939986,-0.045685754722348565,0.7157631517122839,-0.8125406711017732,-0.03512317334467087,0.7175851305796261,-1.234193024897812,-0.04614934701399352,0.7814818271619122,-1.4623633133784748,-0.036188284202568644,0.9372895900031144,-1.7608260668075242,-0.04930646942147998
B,0.0,0.0,0.0,-0.3572604835924158,-0.17381029678647647,0.07042337270057694,-0.6952706768634459,-0.32593083147720725,0.03802580466503107,-1.1021608070768096,-0.50015889130534,-0.002825095266105078,0.3501417502670395,-0.9552356583260564,-0.19256110876022262,-0.3000581374368754,-0.9948527987957936,0.07770999332991656,-0.3923119254038985,-1.588381500158427,0.008916668280785304,-0.44144574959551763,-1.9760929449027467,-0.022084899593500674,-0.4490243032213057,-2.2176743436932393,0.04372857133734436,0.09456258908876997,-0.995464859544845,-0.010374495466802193,0.038021165500963836,-1.6808477357497185,0.07619315854608315,-0.012900228224312346,-2.090959742497054,0.018291621180212936,0.0308173097776147,-2.3615644267212272,0.05519265612810242,0.35680919904913816,-0.9802968796385656,0.0668088496828504,0.49422527448297243,-1.4984282425959685,0.033986290632584834,0.4591989368228612,-1.8338431738373098,0.08515344946885015,0.515726621757994,-2.2769906630464716,-0.04498115151075299,0.7295285679583117,-0.9153064852584085,0.033621414887190185,0.831323470599203,-1.4132581059818272,0.0525509244783133,0.8861163115066293,-1.5974241833341207,0.002218185296413706,0.953325759033334,-1.8632003459475508,-0.0021328371140566546
B,0.0,0.0,0.0,-0.3489494377155489,-0.1216991986361961,0.06392440809350802,-0.7302853369064356,-0.3069374934814596,0.09121143030967803,-1.1025496701504598,-0.5502451482472617,0.057010038254981625,0.32461691159162936,-0.9544661637110696,-0.1542349116867406,-0.4047800196598846,-1.0368576457505287,0.05810695864862295,-0.40384990868454274,-1.5712595491368615,0.0553184562536285,-0.47900432620610806,-1.887032191489219,-0.013331218954762783,-0.4986359998077901,-2.199452415069492,0.03972437886903178,-0.017572560533468052,-0.9983355007694132,0.05493116619718144,0.012821265210174728,-1.6692858329990745,0.053834637986524984,0.029158704875839787,-2.0462370622538426,0.07356780533707143,0.016010914087031106,-2.4344951365987693,0.016981332179675075,0.3314152565378325,-0.9506442118207888,0.049020913026852686,0.3817810527786526,-1.4611039692849725,0.04529821444606539,0.4124589582568326,-1.8068893937627053,0.07378452956489902,0.47589711582136335,-2.158659080218959,0.08304721544214401,0.6987960951593575,-0.8958361962736119,0.026386318067702884,0.7411867284530171,-1.3219462448302457,0.037235585140908696,0.8649917298559399,-1.5493195073831068,0.015215371748738929,0.9041399291126783,-1.8632903923042106,0.0471422493273568
B,0.0,0.0,0.0,-0.34495952564036547,-0.0650367774661932,-0.05740374667016887,-0.6793923973714985,-0.3177467199232365,-0.020526739349741585,-1.0162767244341844,-0.43758465943301755,-0.013363520735730083,0.2930862217328235,-0.8517747675878401,-0.18111230377587403,-0.36983785144747494,-0.8944573535571368,0.026639581702000554,-0.4137911477290232,-1.5133239314332723,-0.1006162953397711,-0.49286677273669893,-1.7931918504483129,-0.017083543849479285,-0.48865846769364013,-2.145648040580682,-0.07632208098911489,-0.01507436196263487,-0.9997216402995761,-0.018149532449753963,-0.002249719249411086,-1.6020865952942849,-0.07061464225128089,-0.008945794537787996,-1.9640104131279206,-0.04756282030860564,-0.037945425580865055,-2.32317495711332,-0.03171790925205434,0.3737063509926235,-0.9277805272261962,0.0023911392380492284,0.3630598344137815,-1.3975254856580226,-0.024523421269436546,0.47812056036349615,-1.7881798180970505,-0.03405822707118192,0.45882790732468764,-2.0659176756725146,0.02759007219606268,0.7609886634596355,-0.7866943949662958,-0.046211539027375036,0.7860406948147312,-1.2709557726894056,0.02912310403602551,0.8383420377015226,-1.50590553720136,0.009296808600651863,0.9553360991572051,-1.8313676529637428,0.010806940871547887
B,0.0,0.0,0.0,-0.256704452465423,-0.2251165761655081,-0.03639811840280272,-0.585238838302558,-0.3158619757934631,-0.04579728893483681,-0.8167603519911933,-0.4635388344498385,-0.03301611716297245,0.3908295025341006,-0.928269990957297,-0.17070335497320543,-0.3225571277104366,-0.9916499890894117,-0.050314112782091164,-0.2987525851302278,-1.398570254490158,-0.12314304208888191,-0.3781167412049725,-1.7391056794440274,0.020352825412741995,-0.391973845631095,-2.057660764532274,-0.03455681169413631,0.04026568351438181,-0.9990566415225179,-0.016263510102885872,0.012461578315946052,-1.5372781459142735,-0.05914913451909327,-0.006749401689819593,-1.9246185053262337,-0.015862827327692047,0.003996481849084985,-2.16317370717047,-0.06563169234520458,0.31078999121200307,-0.898634922834461,-0.057179911356469715,0.3807004071658521,-1.3712096079286848,-0.11056822775643373,0.42003008896559957,-1.67056350828097,-0.04935856657638201,0.44987047609586506,-2.001089684920644,-0.044814249007685124,0.6396868635365778,-0.8136049230536738,-0.0770290668574981,0.7238280762006601,-1.1749797249364096,-0.05215410281746588,0.8119599847295177,-1.455067313173506,-0.04369162216757078,0.8188684858737914,-1.694332887982573,-0.054907073833085504
B,0.0,0.0,0.0,-0.3469073614940138,-0.15497343684578885,0.027434940548575544,-0.6603578249617998,-0.317171092424912,0.05085193027888539,-1.0239318237772623,-0.5487317379869235,0.07776366831324698,0.30523236733575543,-0.9521578482121279,-0.09801041060299454,-0.36193970801277386,-0.9841034928160195,0.049544231307258935,-0.41292484506829097,-1.547404869595722,0.000611981261669147,-0.42320467459927114,-1.7258916811067777,0.027074637291678895,-0.4323223205937328,-2.2301864465241352,0.09248759378727371,-0.0249499307074869,-0.998921715568724,0.03915235782081331,0.003915721837959063,-1.5585149601364245,0.024870120350211865,-0.021825711446703387,-2.0146626676110477,0.06107588313564544,-0.036814863352782674,-2.314504828723254,0.06360051939099962,0.2961880386111381,-0.9538103713001879,0.02308980166601218,0.40557616988658823,-1.4379614276906574,0.02395645187844685,0.4104342797520098,-1.7577076813036103,0.08485846188535569,0.40462374839045495,-2.0509435890042584,0.05833045422788769,0.6200460934799785,-0.8372911736619065,0.022444958578259715,0.7466128029372756,-1.2268579435688414,0.023632957139098673,0.8406057554189214,-1.5394088365335592,0.030070064616681394,0.8498355718582788,-1.7371521469592086,0.027524565138944832
B,0.0,0.0,0.0,-0.3427348062891559,-0.1588329295300223,-0.07412636098898835,-0.7005380674663452,-0.2916229719711437,-0.01500260835294835,-1.0186385655786714,-0.5374675403983797,-0.0070174348834098,0.356080931736537,-0.968653604886994,-0.23596239021705984,-0.30482470423844465,-1.0171383770785494,-0.06672551017860501,-0.4050800004549325,-1.5795588622944063,-0.04782772759635089,-0.5039669815130288,-1.8555729946578685,-0.04273731006743462,-0.3780391332249693,-2.2032357962046554,-0.030689776653139714,0.016212089124917218,-0.9997273717217632,-0.01680328528893359,-0.044059806480908806,-1.6439058315722064,-0.042621039850910654,-0.015887111551419267,-2.0309020646027536,-0.041178665578215236,0.06512089172899223,-2.371323070005846,0.07681404779007871,0.3411475712069229,-0.9561647174378592,0.04934357987976961,0.4020207785345037,-1.4776083637004251,-0.03198345219292743,0.41006687051768315,-1.8861594534308697,0.01944436379943677,0.4418950026328616,-2.159515764501641,-0.0032753352832405043,0.6240966485424306,-0.794406577994618,0.018613194532009936,0.7608857026360334,-1.2271589110738628,0.003465882291515638,0.8390583488268724,-1.5373909310618172,-0.06569306361388891,0.8849330551893286,-1.8110798707913682,-0.04919033944943175
B,0.0,0.0,0.0,-0.35171357780581475,-0.17830680661387868,-0.020103499707169226,-0.6201086058410539,-0.321121123043376,-0.03812787562796666,-0.8379649654294978,-0.5178500341915871,0.0010461056853221175,0.366113710075616,-0.8864431059190613,-0.1369900288626758,-0.35761486742078485,-0.9311361968512294,-0.018426784223282193,-0.33867436863260264,-1.4461331440263234,-0.033707831394621926,-0.40730239393914885,-1.7193014073668174,-0.02112991513125388,-0.41984736206230033,-2.0611564749071696,0.02863678990940309,0.059604267054070355,-0.9981240518527772,0.013989584051781585,0.006629004767887011,-1.5109912973280972,-0.001598077589247801,0.03965921621928698,-1.9313527116657292,-0.010243183639321814,-0.01605478798166692,-2.164078127442621,-0.021402114684555322,0.3108895468963209,-0.8991008122945942,0.02513562287511779,0.39765774928113956,-1.4532363820398537,0.02089567321675495,0.46361242837431316,-1.6579870673494244,0.027311720681129206,0.4392078370597679,-2.015841827151171,0.02706244180771431,0.6585623428133538,-0.8374311615183476,0.07171570046797206,0.7149975043848646,-1.2133971539118154,0.010709021491143562,0.7825391481668753,-1.4670201538871375,0.0006912553418096327,0.9124480237655669,-1.6563362017280976,0.031090816252072787
B,0.0,0.0,0.0,-0.24768165889807625,-0.17988149850195212,-0.04264331416047098,-0.6806952536122279,-0.30702036916739084,0.0029340940052572173,-1.0418003790734096,-0.4704615583380606,-0.0664994443667229,0.34533268059476613,-0.9895621318019965,-0.18414370670998767,-0.33872879837096775,-0.968091534599396,-0.026038161308476113,-0.3984004935360066,-1.5020702097965273,0.003690821252589295,-0.443360925446245,-1.7758006340418768,-0.054314496011760416,-0.4947379047065244,-2.142825078885705,-0.06423031833499133,0.019112215470178405,-0.9992424550196598,-0.03390043224067397,0.08450873135572808,-1.6039145135380988,-0.007936280273098378,-0.026045822087348704,-2.041346181624215,0.004134671822337528,0.03342385050543282,-2.314251676080087,0.011854741014290656,0.4038014498828713,-0.983006632572636,-0.024575739882651052,0.3784984744507631,-1.4284675804955909,0.027946878138025395,0.4697957616100786,-1.8078122048443164,-0.03735848556130952,0.4633981229730423,-2.0882556148564766,0.003140714072960323,0.6819771580693722,-0.8070034033999741,-0.001039620492337968,0.7475575251267301,-1.2729477831555676,0.013385945587358658,0.82828425381365,-1.5569472961661694,-0.04183451590019418,0.9859709015056616,-1.7365353744884404,0.003095997037302095
B,0.0,0.0,0.0,-0.3737428884819356,-0.15124661732341182,-0.0705859462723546,-0.6920087059011256,-0.3676656404677038,0.005846783574605896,-1.024689628471979,-0.5342789676647994,-0.0028226280338676376,0.325909417683564,-0.948707916337798,-0.09598928204162469,-0.3785901976144008,-0.9848952774505796,0.0005786836356561072,-0.47079441060501015,-1.549520523222053,-0.040089832291261354,-0.4307922033344625,-1.8869394484848152,-0.08315643336598133,-0.5140303007983874,-2.207317655200128,-0.03215195615717695,0.035139208795952746,-0.997654692942456,0.05873967700871566,-0.06667061205251827,-1.6179887308792305,-0.05506228016375063,0.026735104555982277,-2.008812391896486,-0.022894465241418742,-0.050650063142338504,-2.3967408495424642,0.0014107811464211418,0.31327552258358976,-0.9738469655198296,-0.02258869117480017,0.35456149991228636,-1.4766205754248811,-0.0615455795933919,0.45090910454472105,-1.8158336537643198,-0.01842126719266319,0.4642310061792356,-2.178827630283006,0.020406427374003364,0.6548122902790439,-0.8595985793693343,0.011846601873662616,0.8225703512536949,-1.2815433680637922,-0.05622213558571901,0.8085936207207035,-1.558595438022347,-0.024157921718613275,0.948730115273739,-1.750365170872665,-0.0011310310543988069
B,0.0,0.0,0.0,-0.3295930439037949,-0.2110249794984098,-0.017862120376262048,-0.6526720398090581,-0.39606919498332277,0.03827676812823971,-1.0279727474464337,-0.49036165081131194,0.056973200462532715,0.3397008394045507,-0.9970739360211903,-0.11706399087647824,-0.3003737328897914,-1.0550501273460917,-0.02559482633015691,-0.38233822290489455,-1.5091141147814067,0.039762144566457415,-0.4728599945728771,-1.9066995299025367,-0.02594043355122404,-0.4754260769332732,-2.3010118211085775,0.012777294012829314,0.044742226889914034,-0.9976199243166186,0.052465414698020386,-0.013501440761093135,-1.6539713627578687,0.0019765446719477472,0.015051986168166442,-2.1057477865990997,0.019149193167586464,0.03186026805920061,-2.386540882451717,0.030015766184657868,0.35112683109667947,-0.9303140167065312,0.05251353723728601,0.43475063740185654,-1.558621248787575,0.012768519951312798,0.46617239902785435,-1.8526659517129023,0.005761037541287119,0.49039616816712356,-2.1909133623973114,-0.010559487514283138,0.7045356490426153,-0.9058502101812251,-0.027484350710257326,0.7971249550194197,-1.3625355667492236,0.02958867244037252,0.8729739501734528,-1.6115708939111673,0.05769375554458376,0.9844820838826739,-1.8359627819906879,-0.013258782531263322
B,0.0,0.0,0.0,-0.35925785714326447,-0.08723840813747571,0.035108349496773536,-0.6660057530900253,-0.3740035938644191,0.031113874315226785,-0.9761053571194174,-0.5326567179838023,0.0924242921136981,0.27791797340596935,-0.9384500753125802,-0.15631123013780465,-0.3275381761616312,-0.9214428394689748,0.04236914544160362,-0.43722786454404367,-1.4321107150193526,0.007095163904634211,-0.49750988948572566,-1.8379938021116105,0.09923199367663652,-0.47243430329608066,-2.1391947156255613,0.013336220156504227,0.0037741008215259526,-0.9999794820801634,0.005176058507872133,-0.027768350624024864,-1.6275058527872475,0.07833270460455789,-0.019103798327225238,-2.029230845080409,0.012053492956077706,-0.010749740547748032,-2.353637143126283,0.08795391298348465,0.3186091406879535,-0.9621627347272002,0.012496123046572166,0.4336588014964417,-1.472731066979272,0.03264018611084968,0.42073162097150796,-1.8105696419395352,0.08659224359002594,0.42659967037563873,-2.0883207378698145,0.07681488926548112,0.634740235203193,-0.8251936885719967,0.004309916138971793,0.7533069708833049,-1.2527748259994649,0.019151249256731447,0.8717292332237506,-1.5977557167403795,0.07675256228630215,0.8932539252218963,-1.711475394189833,0.0023173688677738083
B,0.0,0.0,0.0,-0.3797766382516681,-0.1198180580789737,0.05489325441016884,-0.728846284346811,-0.30334546702215526,0.02376867051224922,-0.9856918739151418,-0.47673826340415815,0.010661251464803644,0.28659065775069453,-0.8845133744080873,-0.1374285564238073,-0.39839619828813033,-0.92138540134843,0.04109843792711292,-0.4760756340219231,-1.428340618542878,-0.027054965753776267,-0.5509261207978962,-1.7601415211186209,0.011233177040727052,-0.49988925535132417,-2.0591203728388616,0.003339909529353164,-0.04077712842995742,-0.9991469007867738,-0.006534251693312156,-0.10741192058082531,-1.4752829549169117,-0.05758080301497626,-0.028598035451394044,-1.9094982591885965,-0.02334126372646109,-0.02844142577385116,-2.1926905446368377,-0.019809591119763766,0.2545030759293529,-0.9187568449494313,0.0407241152924995,0.33034448950002215,-1.4196851681584601,0.010179035861188573,0.34147665353625517,-1.7080299973795499,-0.04196874801027034,0.4153440577631958,-2.042436327408406,0.010340348060596919,0.6314607265442527,-0.7992226976800351,0.0017678608093039372,0.6902604283019751,-1.224062666746662,0.04860310883868391,0.7526872952797626,-1.411053001098846,-0.0008266471293232443,0.8165873035842884,-1.6646188126148411,0.024595570804077635
B,0.0,0.0,0.0,-0.33787316303255416,-0.20934721134601073,0.03526040979747411,-0.714765828728615,-0.3220398956253226,0.03816692797053053,-0.9145312111205486,-0.4855951204299716,-0.015138392455697702,0.3163613084826015,-0.8823063029594345,-0.15105910313578366,-0.3413280815475102,-0.956909250097591,-0.02190588002866401,-0.34775119929862236,-1.4033687301291005,0.04029214306763415,-0.42248515942531495,-1.7147269828081808,0.04995886312793568,-0.4760271140538353,-2.053625243012804,-0.025309517145780867,0.01711108483893005,-0.9997180727881668,-0.016461643792417817,-0.03902883527304515,-1.500170099322124,0.012759807950215583,0.04368796314505553,-1.9083050517750044,-0.03177207283690062,0.07458860904414841,-2.1892852049114064,0.011193353414664133,0.26213944909965214,-0.904774729907561,0.04503410381276563,0.34789689628651255,-1.372886892266918,0.022696221186682984,0.46153735807399476,-1.710373599680973,-0.036511443044850066,0.4362464935922418,-1.9881247125871757,-0.005535985591968001,0.5924066486369444,-0.8841786252607915,0.07196005827559324,0.7083415195269208,-1.1965063076230777,0.004144333238690561,0.7548500972524842,-1.4621156296916011,-0.009708571247832065,0.8131531029348784,-1.6768770607171741,0.008642489434942493
B,0.0,0.0,0.0,-0.3057155410024959,-0.18040075744634806,0.0624199882734672,-0.6480686230229055,-0.4008122615847677,0.04834671814697334,-1.0121387805958175,-0.5425401701065998,0.06754270985802097,0.27823271238205577,-0.9164347793696177,-0.06939914851925091,-0.30040896195176714,-1.0008109583349027,0.04409139818747526,-0.40164157563346614,-1.521382736430199,0.043607705631901535,-0.41099837030073855,-1.8013219994328433,-0.0033024190194773312,-0.38436793381666967,-2.1493917652716976,0.0630191496507958,0.004740483486599741,-0.9995218879696335,0.0305536133040382,0.00719434607823468,-1.632828352550206,0.08130432735666615,-0.0121678804140818,-1.9498383176949974,-0.006650099072393366,0.07102024887511697,-2.286686023589036,0.06978253586567736,0.35174876389144843,-0.9614952443119061,0.06374842359307098,0.3948686606672461,-1.4577057684357075,0.03107185078333649,0.39097196001226925,-1.7927253065292283,0.07073656667177929,0.43241729197974815,-2.056804726636982,0.0026817770930526673,0.6576935016829165,-0.8267012764681475,0.011657487523974473,0.7956498511559867,-1.2554590328707498,0.06651608301991523,0.8041478890388197,-1.4929018116697166,0.05111775036855196,0.8732603529648663,-1.7462198886638756,0.03238223631853886
B,0.0,0.0,0.0,-0.34134903773354797,-0.23589056713193582,0.015367635039889686,-0.6365608918001875,-0.35310820855119945,0.051984061621207854,-1.0394372304451267,-0.5552232828645202,0.041779692554364145,0.28270306923159144,-0.9043267144069673,-0.1362685922060662,-0.32546141348526425,-0.9522182519391954,-0.019038833694923027,-0.4368536499319678,-1.4816568087584954,0.0448814866258608,-0.4686760552411849,-1.7989057459446032,0.042002956458641015,-0.4896197703078329,-2.147046501192145,0.05652520099981044,-0.02014128972619893,-0.9997939857096229,-0.0025128842057787915,-0.03698442956850071,-1.5607451965079602,0.040145542100407335,-0.03558646904935998,-2.0260388230276156,-0.01826903983501557,-0.011398009599662116,-2.3097163546082333,0.048417512255981225,0.33804834520900223,-0.9253748876001537,-0.05138715832643781,0.386519810126306,-1.4489679490035576,0.059261955325357475,0.40225348001310923,-1.7820252999120236,0.033128367390831935,0.3346504840695825,-2.0571769364152614,0.0319256436519204,0.6365343466159858,-0.8492428306231848,-0.02477136550182298,0.7453133684260249,-1.2867321614078024,-0.02394616273625804,0.794536521139602,-1.573403621100198,0.06586609750997872,0.9162312116579217,-1.778768459451373,0.026971203771039162
B,0.0,0.0,0.0,-0.35260925745693283,-0.19788822949448062,-0.07154055145187337,-0.6907688849898777,-0.28515991282126274,-0.10930036997890709,-1.0456739261049397,-0.5107201230029416,-0.08242062870277826,0.30036715695101185,-0.956020161340586,-0.3070249953496817,-0.3659283165182371,-0.9736100944969533,-0.04905705455903471,-0.39053873708746284,-1.5485788705866743,-0.06855097959097865,-0.3996969945548749,-1.7949306519413595,-0.05733682338283021,-0.48621704052730735,-2.1246006229441368,-0.07035915050457167,0.004516920044349764,-0.9976668367072513,-0.06812107139395034,-0.022872207576808898,-1.5689856685562673,-0.07195889815380335,-0.05087395301497794,-2.0500426367200704,-0.07995512012548521,0.00162000394385755,-2.305859226360191,-0.06465364889943688,0.3101561674754055,-0.9990727935171244,-0.09267157368882381,0.3679275657186169,-1.4353081302437427,-0.09791992115982244,0.4345444154919834,-1.8548349216899502,-0.05310274433549129,0.4350960390056883,-2.1035265697248398,-0.0360269295838653,0.7151717972636523,-0.8851200314190477,-0.0458945842868541,0.7858286045066323,-1.2054251978070916,-0.13677031824555091,0.8198760383184129,-1.495662673817919,-0.1155597854120703,0.8551863668824808,-1.7486215071680797,-0.05622795303150194
B,0.0,0.0,0.0,-0.2820448889848794,-0.1686346218722411,-0.006573773332580495,-0.5787124045859312,-0.3474252865552585,0.05198215131131025,-0.9119791055810013,-0.4904249048344741,-0.022461795872750337,0.3586106607366256,-0.9033369958416766,-0.17264759217337397,-0.2595902571462545,-0.9048180988549857,0.03706875339995667,-0.3336817501919186,-1.4052012763225,-0.0474127129941246,-0.34579781988378094,-1.765241671193913,0.0003839019033615937,-0.3686654492717616,-1.9919635370494508,0.0028158568499239396,0.083744725790636,-0.9964842543765848,-0.002439606893132543,0.01688253404916467,-1.495653771500114,0.03318139179900782,0.09327112286498425,-1.8962553376539861,-0.0019082647699339146,-0.020667888831110533,-2.232406697157994,-0.009417729608922213,0.29890558812962575,-0.9031282961599925,-0.008184018815185169,0.38189132449778207,-1.4036893438791587,-0.01647721811599692,0.4106264890876302,-1.6879318481332106,0.033791055661798734,0.46501984477130975,-1.9312456775028817,0.038665080628200336,0.6241390508500879,-0.7757347808779514,-0.042954136197890305,0.7227877687935634,-1.2500457969078234,-0.04933422604422786,0.7594277765962887,-1.4270250148012427,0.010086631337381798,0.8996975060345116,-1.6415650112640998,0.007414892641115474
B,0.0,0.0,0.0,-0.4104657415696732,-0.1475982197247573,-0.03217690271563578,-0.6351581287277437,-0.28180496545427264,-0.018574714605864778,-1.132974238841632,-0.552768464648388,0.022419485293316287,0.3241103515517949,-0.9592867262922391,-0.2389188732806909,-0.3151751269198501,-1.0990499267439733,-0.013299385006438522,-0.42085484127705225,-1.5727041572595932,-0.034375820915543934,-0.43527610907223313,-1.9446563464629072,-0.007184740389187394,-0.45713684392449294,-2.264982916381897,-0.08666507872989175,-0.017344727042488746,-0.9998297978711287,0.0062877446512393485,-0.04707758425098467,-1.6413956313185945,-0.027895176747279073,-0.004016116027341949,-2.069663984371093,-0.03565497197222737,-0.010626831382088565,-2.4323854965118157,0.00030394301309466623,0.37983172212103644,-1.02305292327048,0.03353602161657687,0.3888392837952838,-1.480033029373385,0.0019572971898372095,0.43880948115215807,-1.8706460332413564,0.0010648323851304249,0.5443329655700628,-2.2489942528615847,-0.019058080563528576,0.720176892521872,-0.8801475669728067,-0.00423516751340574,0.7958731153473865,-1.2670312501595016,-0.001295398879620848,0.8452446458548654,-1.5551798096423808,0.0112440195676634,0.9799033663704111,-1.819889416454903,0.04598828291067907
B,0.0,0.0,0.0,-0.3742869065455226,-0.0988353499562585,0.07363479707551168,-0.7544977208033942,-0.33483892842690377,0.10414126639549272,-1.0603639744100066,-0.45452749046843605,0.03731936727567994,0.31068239103411127,-0.8844591790174596,-0.14402207483641113,-0.4706537321302703,-0.9840286378290813,0.05795445365274647,-0.5355475871003085,-1.5791423545915768,0.06464218860909321,-0.5219578635598395,-1.8234333125467708,0.04379282294959598,-0.4926169326143269,-2.2224013461268703,0.011167734764197515,-0.04991133676570833,-0.9986360634255194,-0.015325511027115749,-0.05322040535900567,-1.669320991388403,0.04391552465793325,-0.04535836869756441,-2.010801612624068,-0.0018089967724369497,-0.05567888858765278,-2.3239881627803824,0.06468675018712773,0.32901099685832963,-0.9266123217716353,0.08084703801779126,0.3734452060998642,-1.4688372442766235,0.07238482126607337,0.4350512975238323,-1.8289046342175947,0.05133690614397601,0.42881020501260225,-2.1217374490327026,0.0028805451151334644,0.6497035489723763,-0.864608768932851,0.038716748769660594,0.7494912175567069,-1.2184505202788818,0.03224379116430762,0.7768335863958866,-1.536584787689566,0.04978032566863162,0.9437199031581639,-1.7385820170356197,0.11085971637419989
B,0.0,0.0,0.0,-0.2719881709692472,-0.2536903448642748,-0.02365298570221602,-0.6483696976421817,-0.34533074708785383,-0.0021722376303433145,-1.0568541026055356,-0.49153830991671577,-0.02974015951163448,0.3571366520122072,-0.9482066340644878,-0.20879702305510833,-0.3702343896554564,-1.014734999269275,-0.043382838665833465,-0.37608410856227464,-1.4783444176071179,-0.022876886816084532,-0.41646889208676224,-1.871863534598194,-0.05089827939866084,-0.428419802486852,-2.135518980968652,-0.018393127294680036,-0.008807018046979097,-0.9999443336219316,-0.005810859705007433,0.04172844232034941,-1.5538030762457262,-0.011402989803871853,0.013254741110932187,-2.0507822705246253,0.003923224518393783,0.03853090187054714,-2.345468395616086,0.04920900431515569,0.30227461748097023,-0.9831912845155427,0.007892948016088999,0.40391324658069055,-1.4617590975490466,-0.06335821933131963,0.3909807852496635,-1.7390423013170866,-0.0787511203142912,0.49107972994066956,-2.096614848315298,-0.006186796999112412,0.6586386821663486,-0.8172929341013938,-0.03793758939106351,0.8360292678275063,-1.2865815241753127,-0.040798710391026775,0.8311603153669987,-1.624256175619271,-0.016017978328277994,0.8458038926435539,-1.7933413438680919,-0.015298908963492897
B,0.0,0.0,0.0,-0.35008420692884445,-0.16542161839096933,-0.013115081387536172,-0.692211651705573,-0.35971001313303413,0.055417065834096745,-1.0119123911674166,-0.4804984585147053,0.027763939297614348,0.38354090167794674,-0.9272949102452681,-0.11413608199075052,-0.2952014957404199,-0.9230979229523366,0.05568550569330214,-0.4125423140188342,-1.4823260715910784,0.0027840704691975676,-0.41122433278201587,-1.8741466703747376,-0.014069258551660909,-0.5220284809368897,-2.212467270980498,0.03599683398756043,-0.009297253537472211,-0.999233837804449,-0.03801708120374923,0.024290397770846812,-1.6232195108554985,0.06239941329757519,-0.035410004457833044,-1.9978374733814859,0.03196882213356715,-0.019058431471827494,-2.2990360054760566,-0.05951728344186766,0.3511113496151135,-0.8532835082444541,0.04881248558122328,0.45186458913409916,-1.3548222315741283,0.03130625659299159,0.4732205945266416,-1.7729722210856047,0.04452540375999319,0.4486568373078493,-2.0466836198954077,0.04653432872781243,0.6730642671311808,-0.7916323429897991,0.010175188636568225,0.7167454307494149,-1.2252369939077787,0.0635729944023983,0.8125644619605312,-1.461624332801003,-0.038693170187925834,0.9358243580598348,-1.7333591107725153,0.06712313196480309
B,0.0,0.0,0.0,-0.36609421916451373,-0.13879560690176365,0.04828353013492594,-0.5931217694172534,-0.3272116461395453,0.040668820429305905,-0.9276240366161561,-0.5241968019167529,0.06190195803160669,0.3582219758286024,-0.8151834880969064,-0.19393733971276397,-0.28566870370305597,-0.9519728854457791,0.040056727808308525,-0.3770322831181155,-1.4337767572449382,0.009048763572077772,-0.38319488976911564,-1.7560566198823044,0.05239620533530381,-0.43674450535883064,-2.0482159105095095,0.006276096188094084,0.0775442179837887,-0.9961626442341034,0.040581775340680755,-0.006522884133402093,-1.5526062857186795,0.031810073143470535,0.0006295305853676516,-1.8693941387384327,0.060042796391747005,0.008707223660816407,-2.226385543708422,-0.05638927361847019,0.3194019548709229,-0.9051754947628744,0.010702964114682897,0.43973503104362993,-1.4160707885227062,0.042451206883687136,0.4257540192828403,-1.7239972380554236,-0.021822802052466082,0.5101891952957833,-2.038976890335333,0.04741492304528548,0.5917163986330068,-0.8289242099710893,0.01315692697135899,0.7670634101455364,-1.2414005560865584,0.022207294335168572,0.7822749941075584,-1.4398102204124108,0.07248270197116877,0.8602114187662437,-1.6827287553565289,0.098932067486745
B,0.0,0.0,0.0,-0.3731854818826959,-0.14619211881967084,0.02918314092111027,-0.7212516740493033,-0.3591412866421465,0.024641687178291627,-1.14580665242652,-0.5102780748223127,0.04090434661448625,0.35500355142545786,-0.8987204379594578,-0.16721281246583083,-0.4240459670713156,-1.0256121665319602,0.04428446795830997,-0.42580241419755327,-1.618410006707527,0.03753633550188954,-0.5058095271590283,-1.949525623963042,0.016098492635617436,-0.5235555048652917,-2.332891205691061,0.01300860147929548,-0.020134917328437696,-0.9966207238057473,0.07963490431390963,-0.04501657437510474,-1.7278540153074629,0.0367237628353557,-0.0016599286551298173,-2.104592324213415,0.0708422596928204,-0.03802581446198622,-2.5571222725083276,0.04095112520310986,0.3616886716781637,-1.0069692135916632,0.07763995869012752,0.4242763640701421,-1.5555013824627462,0.07878473783990839,0.4401231590550209,-1.9714843789417615,-0.02336954950961609,0.48077008251273023,-2.21561756743977,0.02942290492921771,0.7331231278029023,-0.8499875600926161,-0.006602721125131987,0.8148745482057982,-1.2975170592650462,0.01606062646884407,0.8312018633772729,-1.66188340464816,-0.006162143510561005,0.9200024277956521,-1.8819991890305645,0.020725728467792096
B,0.0,0.0,0.0,-0.4018432506089577,-0.14723230915143365,-0.04260075941681793,-0.7397797625393046,-0.4123569073281035,-0.023686518553204677,-1.1634752013536456,-0.4922808026999759,-0.004096937396144507,0.38747995295082016,-1.040918037618849,-0.15567962811063546,-0.3132575305742795,-1.1767896446926904,0.0062808483124500505,-0.4703772621860294,-1.6922488216816276,0.0033691142049023667,-0.5260354264436872,-2.1231334521895358,0.0640301222769913,-0.5688967556265573,-2.4280693647169826,-0.056140319378233335,0.01676774290014151,-0.9991548815350619,0.037528196102274786,0.03881233248510792,-1.7986034464030365,0.03209703731546697,-0.015557163887773728,-2.239925538650386,0.017057371476651477,0.012242626543681084,-2.7152077184558037,-0.011580511525585542,0.37763860396451426,-1.1145521168553822,-0.011929269750497533,0.5290267839597853,-1.693049776970006,-0.04465193090320303,0.566551211641299,-1.9752080481120355,0.0462231616072829,0.6497182948958984,-2.4135527108120196,-0.06580289530675118,0.760493091731736,-0.9232674106408436,-0.008631678611573258,0.9463812625089979,-1.4551433919483714,-0.02079594072234478,0.9131324743312617,-1.7799415840172148,0.004848680658857903,1.0868960849860048,-2.041600660607617,-0.02505211831517453
B,0.0,0.0,0.0,-0.4786867005443292,-0.11650848301703326,-0.06904695678434597,-0.8677959883070562,-0.3374987722614995,-0.06294120499116723,-1.2376111452176788,-0.5268782124753886,-0.08815424022046287,0.25632980135490513,-0.9964783914047542,-0.21940193401570143,-0.5070530468711963,-1.0327741371711596,-0.06214572805109685,-0.5191656933731209,-1.672978363544197,-0.01897143804308781,-0.5994635023508528,-1.9833173281390282,-0.11171668895704669,-0.6529794718317536,-2.3309260151868836,-0.07872739375568649,-0.15712378886121545,-0.9874298206286561,-0.017159962329690533,-0.18048898142329595,-1.7627272936273795,-0.11152586984463936,-0.148935968657968,-2.21833818649266,-0.08958484985417213,-0.11565754197372925,-2.5292886324480195,-0.04244815809831188,0.31389050066221913,-0.9906681351187987,-0.13091646866318735,0.3824098123885594,-1.5610914741470887,-0.08490774359331128,0.37161672200392715,-1.9453426984837445,-0.09761527668831166,0.3263595158254167,-2.2799371043078103,-0.061934869030886124,0.6325899084529559,-0.9150903822539501,-0.1084798719486604,0.7882634185670886,-1.3631437003173068,-0.05532060983486301,0.8550945745815184,-1.6379051619587335,-0.042244393860166596,0.9615110796202708,-1.9527005076929307,-0.08662873562323835
B,0.0,0.0,0.0,-0.29494182846880873,-0.15247251618651259,0.07346873514740077,-0.6798750370874039,-0.22402080653194179,0.0717747855156802,-1.0319048579213896,-0.48075191724645844,0.0649633197023505,0.27511699427264347,-0.9399773740943352,-0.09427208734341516,-0.3135909315157476,-0.9945227100965874,0.0521834136058157,-0.39325685809562294,-1.5570713654933652,0.04067810376610391,-0.45302410297093215,-1.8767959121523388,0.03523621132067684,-0.4911351090557995,-2.1760852212600668,0.024473805385480756,-0.018476984974016585,-0.9980412849710636,0.05976783850515333,-0.07928828272224406,-1.6327426543536527,0.026126829536430043,0.05600474576507722,-2.0030596946925527,0.051945392413194826,-0.020878947273297154,-2.4312686954765534,0.05084732739407695,0.3130822701429204,-0.9643510211176348,0.05416733062041999,0.3997080365445591,-1.44386810983793,0.04186438964678285,0.46737291203170955,-1.8520200896112806,0.0037742500205680215,0.44197219892271816,-2.1258578167460116,0.026963072784359908,0.6356704321760186,-0.8558735801869775,0.03694101038444082,0.7800499695998018,-1.2866895932592652,-0.009347829312275692,0.8481915573903149,-1.502646864550309,0.08258249807097624,0.8846886980451633,-1.8300209941698182,-0.02304641542272807
B,0.0,0.0,0.0,-0.3180943978130806,-0.15317030817785263,0.03329288748190336,-0.6445393197451034,-0.29455612026184,0.013238261049778141,-0.893600740420021,-0.5088506490841036,0.08966390150360734,0.3618861082408859,-0.8541752624514813,-0.12493827305470974,-0.23628501815906694,-0.9851892758237196,-0.0010904814319940537,-0.35630418857070195,-1.4689012473789835,-0.003942985597539175,-0.37266583731266906,-1.7434959613015313,0.039280727947738965,-0.37562571169913733,-2.0592437600385876,0.04381650286908677,0.0493711533632348,-0.998646105110973,0.016384320622702,-0.011446179031261198,-1.5165277270677018,0.04109206390155115,-0.028353038097546027,-1.9678654165102594,0.06000686170792898,0.03734263758418503,-2.2887409030768118,-0.004290050142441822,0.38952631900410817,-0.8842061074777172,0.010124835023725291,0.42483052229792373,-1.4061639970428028,0.014914662074157403,0.4440605025041807,-1.7234865396493455,0.004891041063180092,0.497110556550786,-2.0173794075636784,0.08535598143786813,0.7367108775388124,-0.7862537198776717,0.018059667060552877,0.829245765722351,-1.2047979330116585,0.011347525073027121,0.8590126352423665,-1.4130464342272726,0.030557188258398288,0.9197121517930616,-1.64065034464123,0.006797780903931171
B,0.0,0.0,0.0,-0.3963121607355356,-0.15517659731473427,0.04092874633291324,-0.7303495635663285,-0.30617006884383036,0.002587531026896421,-1.1203034241297336,-0.4726065589941391,-0.10028772254717058,0.4284387893418401,-1.0293361000526906,-0.1364563282382819,-0.3342193636902961,-1.0594468691572625,-0.04363437240810939,-0.45115368462773464,-1.6254204843105649,-0.008231335868240914,-0.46835684385673443,-2.004880462827204,-0.09504186423933886,-0.5540649623674606,-2.310032828194362,0.02248594276310079,0.06602019535997561,-0.9951032564787516,0.07355843085612075,0.006362962795281549,-1.672536528511075,0.05303835698158742,-0.010598998727831412,-2.139299615910614,0.0015501116213736716,-0.02362328584504163,-2.5290451934207128,-0.0010051667192105978,0.32387102694198544,-0.9969248329014526,-0.0258050998571043,0.4031434999709744,-1.5125791486170592,-0.0039765993680282805,0.4471453179081947,-1.922088799515023,-0.015350208016506163,0.5527553775091408,-2.2048394536506377,0.03834417441921664,0.7544987103127492,-0.9045656889357171,0.020364277315254177,0.8357793364266206,-1.3860047915053073,0.044795156593298906,0.9045959047420031,-1.6728275096127645,0.004927628076416272,1.0147076056944575,-1.905439540007678,-0.014397965861693458
B,0.0,0.0,0.0,-0.3630283986590369,-0.14870926599255813,0.06878713224002193,-0.6447709735043922,-0.3799610870696303,0.08468920396236344,-0.992902374462046,-0.5227405129665039,0.06832542670966221,0.3588641717393457,-0.9263726892691939,-0.16220323066464742,-0.39601704076549604,-1.0512177322269978,0.04070908101518761,-0.38404168847174563,-1.4852515197413951,0.0904869783091796,-0.45633090164777695,-1.8225288387202239,0.029462646540109674,-0.43532925218766505,-2.2025533342180035,0.07079610038339937,0.030987764150671594,-0.9985816834401844,0.04329411011569222,0.0180211405124424,-1.5412038295776513,0.04900278433717933,-0.02247275648267144,-2.029462466538814,0.028499098373798736,-0.017773523323461753,-2.3694618552240296,0.01480066925870287,0.28256001701924893,-0.9057025717961651,0.0024823641602285153,0.35028513987529747,-1.4458709770862455,0.03207622948115866,0.43683872512279115,-1.733037110803318,0.02825502244730601,0.49175061173212725,-2.131961214752581,0.022332599381841147,0.651303002392301,-0.8495653188490748,0.0955409639114553,0.8084594370110734,-1.2219429206359793,0.04340222198105801,0.7977757771338279,-1.5581918874096574,0.04375624555566247,0.8857788472897671,-1.8037830040177327,0.03404087873626299
B,0.0,0.0,0.0,-0.29849516777347473,-0.09876663085931797,-0.007529809771786407,-0.6075947148317439,-0.2685950385002741,-0.0653980419646162,-1.0153860883543064,-0.4375178926199786,-0.07131254032862684,0.3403446309900038,-0.8613030795453107,-0.19494742966947307,-0.30945584930699843,-0.9385750410047874,-0.09743205665245189,-0.35534327586957987,-1.3653788574380583,-0.07784937698373472,-0.40076851488063603,-1.7115756508605855,0.01933071360601275,-0.484105109841038,-2.089776954179507,-0.06757410908212126,0.03971732658615901,-0.9985542642287455,-0.036220372160391964,-0.05846697769576165,-1.5316798595084644,-0.04704796171606404,-0.03864042853796459,-1.8737643940112638,-0.02851613979942744,-0.029467949182252155,-2.2543185558540237,0.02776331211290379,0.3766226009540893,-0.8836312294907305,-0.04983552942072787,0.4149482569441066,-1.359266609481708,-0.09687663278252728,0.4022091245710645,-1.699731970545552,-0.09809648552217008,0.4658227974209677,-1.9561169973019708,0.02163520042692123,0.6253859001982167,-0.7666963577261299,-0.024655100826116095,0.7272712292014906,-1.224737297016115,-0.011245093729341286,0.8420311164605425,-1.4301192964001221,0.007718533727412027,0.8353927339992637,-1.6686905027217391,-0.035685808819828524
B,0.0,0.0,0.0,-0.3793021893108134,-0.1191023616471589,-0.04768465001506708,-0.6754462673878981,-0.3016870428553249,-0.03856522224643669,-1.087479633359273,-0.5362155538371388,-0.04099564771765368,0.3587232962490092,-0.8985089692997211,-0.16016834353208398,-0.3327832144817209,-1.0567678242064458,-0.013142385899772378,-0.41765965417705736,-1.5674650665917773,-0.0518799195361604,-0.5025784680249326,-1.8327376986079082,-0.07812821751400305,-0.5383620714004957,-2.2576995440065932,-0.04991849687503708,-0.0018959242317039173,-0.99585557264439,-0.09092900474777955,-0.027709241502945535,-1.6101410412242618,-0.04631909027346644,-0.006546956980852959,-2.061255973354374,0.03162155554723001,0.03194883643294892,-2.3951858950983906,-0.08111412433930305,0.36769167187340845,-1.0151872236270871,-0.04612762706761614,0.4061170596400892,-1.4995478247897323,-0.12925893692355653,0.47896833083077,-1.8758444568789114,-0.03637388522204777,0.5005677610011902,-2.1652554050377875,-0.0319872879960819,0.7598407685659336,-0.898209881291629,-0.05015372015397193,0.8040140764330804,-1.3581402749205762,-0.047352820311126684,0.8416909269585581,-1.6088049634120936,-0.06677168680904204,0.9292222236981155,-1.819426130885525,-0.02546073220125196
B,0.0,0.0,0.0,-0.38593679203042275,-0.1760652640160476,0.03823270172795287,-0.7253855992470746,-0.31024603778494253,-0.011567675125306787,-1.0909771078831074,-0.48828628134434526,0.05230298216639213,0.3327937598695729,-0.9250899169418023,-0.16791545626761376,-0.3890931822062982,-1.0157396519593191,0.059308212928098694,-0.4845162951305654,-1.5026583209148814,-0.03030993599856359,-0.49444211854525144,-1.8823656833351485,0.04403668303209458,-0.49450364113098016,-2.202879420908171,-0.03358279938945473,-0.03281864867452839,-0.9987643993288953,0.03731770266735452,-0.0556791831825496,-1.651064171190667,0.014566160707703942,0.02348344889598272,-2.0104048516798145,0.07259062188134635,0.00157604876968345,-2.304144188920719,-0.002092697224909761,0.28570635803120276,-0.9334795784234804,0.015526189270077598,0.3914065720982357,-1.5106259605013472,0.04650201992128335,0.39685435123094526,-1.8494400261517012,0.016353573268281678,0.5180281168859853,-2.135044795491472,-0.00023066743145427256,0.6576516340086953,-0.7863974820977901,0.015343492588463317,0.7777411601676767,-1.2638967785800366,0.038131938053125994,0.8791716381310067,-1.5577523526482377,-0.03762124075480224,0.8915629583875399,-1.7683130723892742,-0.011222501715878491
B,0.0,0.0,0.0,-0.29243369125103913,-0.2198120412499606,0.028714029476485815,-0.7124533175600652,-0.328223081069197,0.026262697807369454,-1.0074788741107197,-0.5748715468135819,0.05535092841171511,0.3454613124167699,-0.9998211597080197,-0.11109635429149957,-0.3395035872648582,-1.0133351436472835,-0.042531637242549596,-0.4843420632653604,-1.5096570294744978,0.07820692528504794,-0.5063608513274385,-1.926367090432756,0.018717066506932698,-0.47215759902811816,-2.1948066110451236,0.0017983757533805939,-0.019035966116332025,-0.9990562019240304,0.039042763620786416,-0.023034220889591984,-1.6418210772608,-0.009717880675064763,-0.030892820420636097,-2.044339966577929,0.032161646494975105,-0.0015214361210908014,-2.3602973490813017,-0.029390669363150927,0.31991770619738585,-0.9049418042969511,-0.016917016479103944,0.376965747540429,-1.528912719842061,0.01664731224032603,0.45946508047825607,-1.8706085137628232,0.012813727825122946,0.48460173169254284,-2.1264051197187928,-0.029904779849684957,0.6901227438108377,-0.838544922268788,0.0017171632283635354,0.7907697516510394,-1.2751508790391377,0.048664601394629484,0.9677003219976036,-1.5442040193882203,0.03858418003454722,0.9462121113271449,-1.779935383214455,0.010912292161675096
L,0.0,0.0,0.0,-0.27220654627390556,-0.23238229378340575,-0.02744562311669214,-0.5726014278558103,-0.39998291342069847,0.016165039371456035,-0.8619785623003031,-0.5859119845466878,-0.03298527703502351,-1.233235830831871,-0.30322046471679265,-0.05850481285248028,-0.24687823825182575,-0.9822569871049632,0.0312612387715485,-0.36072298218807,-1.4690783565702785,-0.0056949676425051355,-0.35323117553384387,-1.7260938157429166,-0.06279370441684426,-0.42651133059166496,-2.0277117661003645,-0.009933110117266514,-0.009361271386800693,-0.9999559578527547,-0.0006700394037180058,0.004130267547381164,-0.700360090756963,-0.31029940036409587,0.03661529371922345,-0.5578940800210336,-0.4197292574337814,0.016721962607908987,-0.4179007894598628,-0.14627534135070627,0.37771009328630856,-0.9025572688032125,0.08294301224173281,0.2918006807354322,-0.6751840228290228,-0.3339507871864743,0.2722418199598736,-0.47836803492354546,-0.4680361864379453,0.2965543175143347,-0.27835193931466184,-0.15640041291963902,0.6474642024016187,-0.8479869152622264,-0.009618451567283434,0.5833154989323353,-0.5311711445842536,-0.30122555354408986,0.6197671335884748,-0.3670898012821278,-0.3987935439342195,0.5797103500934059,-0.2157786279299045,-0.17217459307577057
L,0.0,0.0,0.0,-0.3835826069009153,-0.18399538748436817,-0.023381575006397405,-0.6627348742909343,-0.3319455083998039,0.09740722714073692,-1.0450335618922295,-0.45460373833192774,0.04120424619514797,-1.393179459955699,-0.254181188800349,0.020716988347754334,-0.33191175077229834,-1.006552474725456,0.029426136600253977,-0.4038620831309874,-1.4929386869565628,0.06388667001116101,-0.4423762702005174,-1.770391906282572,0.03489756027213144,-0.4587467178296755,-2.23320181013837,0.028570712633159183,-0.04041959033022484,-0.9981794298906834,0.04476697957922603,0.05091392795450072,-0.6497877812160936,-0.32842284542116834,0.02914889080936675,-0.5236411279288814,-0.49032647280936714,-0.039878478268594905,-0.31421168741341177,-0.11148157196505763,0.33560874856641787,-0.9266589960373781,-0.016517504127021267,0.2494511236921797,-0.5541052495294434,-0.33378391790223094,0.3541939628506032,-0.3761161530570891,-0.4704810502803464,0.3468970425028517,-0.26631362339744385,-0.18152955694955317,0.6193834656033292,-0.8922103992614588,-0.041612660959736855,0.6949360691906132,-0.501169608328464,-0.24705649345229586,0.6549169840272677,-0.3798866756706057,-0.4216865673775961,0.7063579805862852,-0.11247782765020652,-0.09184166681773677
L,0.0,0.0,0.0,-0.37541125863804065,-0.15300080074593658,0.03673018240020856,-0.7700927930224102,-0.42856946070187285,-0.04201736061906174,-1.0847767673342257,-0.5737017492082356,0.007197089822153338,-1.4335334398781887,-0.29206293176957077,0.030210031779267482,-0.45389575567174534,-1.0420613070476945,-0.03319202852736812,-0.5068906584119214,-1.516064760861909,-0.014497353946241093,-0.5423025866893009,-1.8871185330058344,0.008559507153676031,-0.5540206930939584,-2.235479795323632,0.07372895085584856,-0.052288519227355154,-0.9983728630107753,-0.02274944308501495,-0.08378437847570043,-0.6461749054207758,-0.3804713569996043,-0.0742217410076028,-0.5720855496322156,-0.4826813659778345,-0.11531992212643838,-0.3774563798888903,-0.16756550966493977,0.30554842927020925,-0.9658766134091337,0.0018441684678054057,0.3247443503585855,-0.5994882009317469,-0.3517108326302976,0.2633239176459193,-0.38970510328702523,-0.5317317511610914,0.31805175814318226,-0.29514178733464874,-0.16549789135645587,0.6904892292175684,-0.8314426039524355,-0.019989831133320188,0.5883709060388183,-0.48631133423262735,-0.33363247812053615,0.5958572862144611,-0.31500705169715276,-0.6199567781479693,0.6055652932493613,-0.2290874174394989,-0.103825929720532
L,0.0,0.0,0.0,-0.3167701221671629,-0.2524199958662143,-0.014421998539407066,-0.6291580633803482,-0.33744625248961385,0.033719539622862456,-0.9634995978365636,-0.5008826701048441,0.01044494679799506,-1.2691263594628013,-0.3418481475483039,0.015700915710206882,-0.35109295940645796,-0.9623710006152587,0.007796548604426291,-0.41420956821477234,-1.4966840407221542,-0.014918606309117472,-0.3934008904730908,-1.7379009702376425,0.025622866029249007,-0.46095226204498396,-2.1534614402626624,0.06935947914340909,0.09542005352097702,-0.9951499293065961,0.023908818187664726,0.010305066370881617,-0.6799278446435756,-0.29535339223157986,-0.0065352082395425184,-0.4863969496442873,-0.552459840721326,-0.02627587179745735,-0.3423503543122356,-0.11711160590194059,0.31661162525105024,-0.918160396249796,0.10021527531563115,0.31453513820259466,-0.6266019348733164,-0.31321603290280614,0.33060826916335584,-0.42522931341128434,-0.47779201576385444,0.3280540643269316,-0.31277739468856275,-0.14468757573895502,0.617575229342546,-0.8068896042375558,0.005299845813715084,0.639056470690768,-0.46316901087769724,-0.25962605385207455,0.670654626058714,-0.35638976779742226,-0.5070311600315031,0.6607747364184391,-0.19085482279972454,-0.16569031751419924
L,0.0,0.0,0.0,-0.2992992091884256,-0.20797676442155572,0.001212741583810153,-0.6587920348269194,-0.3131988803456458,0.036855176670762886,-1.0242879547783716,-0.47922404423123616,-0.019591581107277486,-1.416597887695402,-0.3209236246333183,-0.026173431307699453,-0.326800478684572,-1.1174386247042751,-0.03135342368230023,-0.3829165436430833,-1.625441847788419,0.005528127588747618,-0.4414495134825576,-1.9212938915910291,0.012968436178258679,-0.4173935379768834,-2.3085441211700024,-0.00617361313823546,0.12890083941756073,-0.9915075555122846,0.01724357734062252,0.06237639727696663,-0.6838199335520059,-0.3489305553635305,-0.011816752943259502,-0.5189068498334365,-0.4903571539892709,-0.03770688563159247,-0.33134619314182295,-0.20972631485599522,0.45115849199836905,-1.0036434328975508,0.04379349904593365,0.4081459596757223,-0.6527456478841593,-0.37824644383278033,0.46662383402848173,-0.44720123437028797,-0.5250439494571935,0.42751076368561125,-0.25509294937965105,-0.22435714257690154,0.784835468879058,-0.8532224794866703,0.02934880949697077,0.7809153959453711,-0.509279122850443,-0.3707916918352463,0.7221192135604957,-0.33206304376601686,-0.574265971649951,0.7443460604712974,-0.13541765588295895,-0.15543021427183587
L,0.0,0.0,0.0,-0.3272786451307671,-0.18857772027882466,0.01606876950918505,-0.627567276948182,-0.2903144508245697,0.04836567698926662,-0.9385281473005348,-0.5134049516696246,-0.030997476551986255,-1.2528302501482125,-0.3928069932419166,0.0026475959559120223,-0.31923993294205094,-1.025512929416337,-0.017745847955706353,-0.41000616501798015,-1.4680483187258477,-0.06070832328106234,-0.4291519651020906,-1.8389457098605893,-0.03062984059499547,-0.44790934677847555,-2.1416482748826517,0.0125859817380969,0.019546498397832734,-0.9997650667525031,0.009367267570984224,-0.05379185494211516,-0.6564924419389769,-0.32215650213663655,-0.0004980216043301437,-0.5123902225450586,-0.50606932118207,0.020537538269191136,-0.3167692854514736,-0.17362739348741943,0.3031639349303814,-0.934153966012118,0.05133617089747927,0.33202811870903126,-0.640736655976217,-0.31283995973042583,0.3371369704429353,-0.4834550171339607,-0.4652872903908526,0.39082228524076873,-0.2700522828926385,-0.14418733515513094,0.6514398922976112,-0.8007430862628637,0.03639249057375725,0.6062457231771059,-0.5001220525405565,-0.33705636228049324,0.7178757501251231,-0.37696467703677866,-0.45666022767398023,0.6087032869737208,-0.15661087583721947,-0.1589506794498176
L,0.0,0.0,0.0,-0.3008948285001409,-0.25072400227082514,-0.039377198036599614,-0.5820132290508205,-0.3334767382600242,0.0065257537304056175,-0.8958630655451406,-0.5407569116274106,-0.01777744646585032,-1.2339595089341757,-0.3414788342203718,-0.01625799093753664,-0.3203430472203943,-1.000777503831729,0.004979633678696559,-0.3921786983152364,-1.4240419566586193,-0.03296664676719567,-0.3495600369015033,-1.763213630959096,-0.011249522512565063,-0.4326548505447276,-2.1080131017938037,-0.046287187982810826,-0.03564391110702074,-0.9983444417927074,-0.045142963378603684,-0.01900210705189198,-0.6605338069316343,-0.3578450595567333,-0.03192408093897737,-0.48185515487074193,-0.4839578316860805,-0.035142688476506714,-0.3723190108381953,-0.1956776374806567,0.3260153714354336,-0.9328654711815125,-0.003871640986824752,0.32950407345082494,-0.6201167486211169,-0.34696004453723145,0.34966739691978516,-0.46872511191437705,-0.5022259465585627,0.3031143820980163,-0.3334510390058693,-0.11980975741821753,0.6377745134684784,-0.7980680763026041,-0.0028458739639035885,0.6045209670716716,-0.5107549115210734,-0.3536529443130784,0.6683861916762052,-0.3792584805263555,-0.5187864883485956,0.6477069860323778,-0.20734281206267458,-0.11548662824340102
L,0.0,0.0,0.0,-0.41918867372975277,-0.14178956853289226,-0.026911822097287777,-0.7758652055852998,-0.3042141054040144,0.00975416603875108,-1.0317236218486976,-0.5931587625418002,-0.029647465307771122,-1.4434518721041745,-0.30812185882311627,-0.016262783458747307,-0.368187064931819,-1.0256224891251906,-0.0636340623459972,-0.41777334857902343,-1.5397775936516664,-0.01649876485957033,-0.3994580018337298,-2.007745555330956,-0.04222075663839941,-0.5074517260791712,-2.297345809883499,-0.029607375628126046,-0.015476774083285901,-0.999832254502675,0.00979450458537991,-0.042137259521055154,-0.6803029473777236,-0.4072990295016264,0.05441939905153554,-0.5399662785670387,-0.4974107790272755,-0.01773723995808035,-0.2885608366152862,-0.22377910690165068,0.31539348862141675,-1.000472342593236,0.040739645050717456,0.3058102112499688,-0.6490854040964684,-0.4183917812463273,0.3762992044808158,-0.5039217252424292,-0.45716380630836423,0.3194147400485739,-0.25971712100160954,-0.18238482452420082,0.6973853411778997,-0.925113286559776,-0.059933988737369534,0.7147289264573558,-0.506688695429093,-0.4071401350712917,0.6059272522329835,-0.35904590054969954,-0.5674994595368041,0.641504522072308,-0.2602234858902674,-0.18084218183394635
L,0.0,0.0,0.0,-0.40913453742768036,-0.12460637200903735,-0.015077065962730053,-0.7003471014222973,-0.2641812772009464,-0.016909423662354692,-1.0944638390654424,-0.41779184839407096,0.09829827875712656,-1.4848677178619671,-0.22717761208015416,0.013319080676653959,-0.3497003720892812,-0.9986002500450439,-0.04909988770427786,-0.5024559026909755,-1.5121706952235727,-0.0004985448933904753,-0.5470157051490968,-1.864382697941316,0.06392265937087174,-0.4928572921158522,-2.234251519472422,-0.03436914708230344,0.010107374108338223,-0.9999461632641485,-0.0023476716003331343,0.03855207900024326,-0.6651297849766242,-0.3728500231277616,0.03187679243566336,-0.4545726185342354,-0.45796803524935187,0.018741343617034553,-0.2608342654315401,-0.19673682035602966,0.38835227048147153,-0.933193703401626,0.018996194391957325,0.3422087471226959,-0.5898631965115635,-0.3642798506639774,0.364208188293166,-0.36911872636984994,-0.5398139908973854,0.3332931865951863,-0.20195608298243764,-0.16664135054796192,0.6768418650905589,-0.820098320742309,0.011101887731417612,0.707188601133264,-0.4569889364164587,-0.3145700257705801,0.7004063103801942,-0.2552808304630565,-0.5428229214943904,0.725070439544856,-0.14880688796247932,-0.07388897899195708
L,0.0,0.0,0.0,-0.3410990219094747,-0.20570452870858297,0.05178151393606183,-0.6933575112622629,-0.31612769219808945,0.025964085034648896,-1.0122627245731666,-0.4923262610008202,-0.013415414395535194,-1.3302715716610776,-0.31776759614145067,-0.0005849266751649891,-0.37587220326155163,-0.9346572597347196,0.024315832584843627,-0.47469492724396445,-1.3964993934491126,-0.07493171504441867,-0.48323317045404074,-1.8172183877782349,-0.040135730597900786,-0.5019609687964451,-2.1435329960156295,0.0053419139848639415,-0.02381854068616159,-0.9994221845114324,-0.02424817984876327,-0.007762615414490626,-0.6227457870893705,-0.3226000348483386,-0.05195296883350822,-0.517052513228294,-0.49162366566569893,-0.044079199079825535,-0.3800770410674897,-0.18720886701275724,0.34479944230486237,-0.9548509731429669,-0.11155500756954097,0.3011777956217397,-0.5539761378440571,-0.3276957521425954,0.34969883584574346,-0.4096277705942256,-0.5358567574565813,0.24139183589239427,-0.25030622176725914,-0.15582702145368876,0.6217527660846591,-0.7964583612224004,-0.006564033927540584,0.6042222114397188,-0.4811294795534469,-0.31829701992205395,0.5923649782282031,-0.2986485092589185,-0.5293925057238048,0.6133052751887287,-0.13627688190390916,-0.2086892785997434
L,0.0,0.0,0.0,-0.32887485947446116,-0.2568185887421271,0.027687332119788823,-0.635336606736547,-0.38619286632464367,-0.00994265995840289,-0.9631541876703404,-0.5639932397486385,0.03186154874103138,-1.2316511720361565,-0.48276716112229173,-0.018590335027170782,-0.37651045243903775,-1.0126681611680268,0.02287490957073266,-0.4557559103135053,-1.521060078162462,-0.0449047008720472,-0.4776768053876927,-1.8998815804568974,-0.06273158555435472,-0.49763274323180834,-2.193630053729811,-0.01544906956837732,0.025130201149099324,-0.9993220148219483,-0.026906944873165275,-0.013196281898718564,-0.7733431302435398,-0.30708781649513694,-0.01471392757164181,-0.5623277000162548,-0.4772775146808865,-0.045213354687386194,-0.38396974473601697,-0.2603441423993583,0.29360372565023485,-0.9602727586796554,0.0017883004469211206,0.2981195576132547,-0.635157981602535,-0.27130991283296024,0.26498930600441967,-0.5058589844063253,-0.4773582637367713,0.3004434721429946,-0.338565092830058,-0.1940063296494741,0.6102743219597953,-0.8901670456857523,-0.028473484216028036,0.5527163592039214,-0.5289915135778981,-0.28882080316958175,0.5030595433884882,-0.390735887825184,-0.4440738108044524,0.6230706923342176,-0.2807286289383177,-0.17712388404764015
L,0.0,0.0,0.0,-0.3008413143778345,-0.09027704693211872,0.013664477190370488,-0.6041963324491954,-0.3281803791341334,-0.03404892368628503,-1.021468375196464,-0.548173775284817,-0.0020536856435579482,-1.3660302783408034,-0.2795435615941697,-0.004863197710383221,-0.3582416076986354,-1.017843317191685,-0.01859703000913166,-0.3885629219891024,-1.5712909225407823,-0.05211684435089386,-0.4087125883890801,-1.8935872538356622,-0.013863160086880242,-0.4580064158419293,-2.251920726296728,0.01571571040827184,0.02569794616929179,-0.9994026519158908,0.023107464295434976,-0.010678043594389387,-0.7052572862606945,-0.3718895647868368,-0.03502756251616518,-0.5165975012739056,-0.4629885905707176,0.01639472197545566,-0.34265973202942107,-0.17915480666370104,0.3246249401239867,-0.9574575702393154,0.0301524218972579,0.3629622120130964,-0.6132905701923026,-0.3448517630500436,0.38067281987154616,-0.37487959263426496,-0.5015499564420928,0.32008320479582897,-0.17796720083210846,-0.1318201222215668,0.7281252110407042,-0.8290542267199876,0.044365100254692605,0.7403851716011722,-0.48255913673010575,-0.33217469875861755,0.7048875465700873,-0.36286663806402125,-0.46744404283664603,0.6794606076547687,-0.19421053998840998,-0.2263890047362947
L,0.0,0.0,0.0,-0.3024845868717361,-0.21457588553624074,-0.03098169079131846,-0.7213851292270346,-0.33004861726203366,-0.05962097712243629,-1.035920949700286,-0.4723135646606086,-0.031124351344100507,-1.4616784718025397,-0.3493028576203677,-0.016525962014734705,-0.25367800611169183,-1.10849457324627,0.00976511600502668,-0.3784875374110483,-1.6014134279022993,0.0177514733139974,-0.4261958937196725,-1.9654443772838732,-0.028080035692226443,-0.43879430579431344,-2.3206683408866895,-0.004620361678584804,0.024565276669794186,-0.9987527964864614,0.043467213996409716,0.019385382633515465,-0.7770176392249807,-0.3006823593731949,0.01779153332179359,-0.5246682253169392,-0.5139146089338007,0.06779157815752693,-0.3631915907124312,-0.16566955786773654,0.47796914027426607,-0.9905241995904756,0.07664729349312607,0.41079911969946137,-0.6387536651161828,-0.3474785830232884,0.37037200465387227,-0.4154238916560401,-0.5730078892109882,0.4323038172870171,-0.31746705324100055,-0.16876113724571118,0.7401246513564651,-0.9011427084058945,0.03082238410408688,0.6981420070213666,-0.48708680042568453,-0.36202725506104644,0.7508111604210528,-0.3461821238121389,-0.4760246818572434,0.741881941539015,-0.09593938270066889,-0.2530170110394516
L,0.0,0.0,0.0,-0.3472221686228132,-0.18144722817991013,0.019180407710065878,-0.8098310196560564,-0.3548205082335513,0.03256992192413777,-1.08006992171147,-0.5329275666812748,-0.018886701915361483,-1.4341351159278986,-0.414825997062644,0.018093317004840695,-0.39650666443761806,-1.03964296252275,-0.01797425307650368,-0.44240219811769327,-1.631558677797665,0.04231924404385056,-0.46410313089552385,-1.8626734368074245,0.015131053296889303,-0.5849802709537912,-2.1613732026315358,-0.016360933048951764,-0.04811066259525216,-0.9976579409716217,0.04862095187169742,0.012283404695842843,-0.6867032817974422,-0.370014628997558,-0.056368373349433384,-0.4897350737977918,-0.4796078934513187,-0.03133210009538608,-0.2982013592169999,-0.19138334722249287,0.38608865616137417,-0.9560147785217638,0.05425090756153843,0.3705495895082927,-0.6542160334337812,-0.33533087700960085,0.2760457397219349,-0.4646164688081565,-0.5503760496827049,0.2925677369443936,-0.2436821639356327,-0.14859006483979578,0.691016820137433,-0.8516750139315152,0.018863105483723445,0.6566008103160492,-0.4314851928068255,-0.31534605608866767,0.6716162008422962,-0.3100612607832796,-0.5756216773180345,0.7026968721657848,-0.17536177785728693,-0.1294354874479308
L,0.0,0.0,0.0,-0.36192354512646513,-0.13839588400900085,0.06252723461859298,-0.7227545900957909,-0.29801198339668294,0.03343173028912725,-0.9799534948695332,-0.4761697101721329,0.07240626549955999,-1.3785699592840601,-0.38757485089329097,-0.07910023615295783,-0.4223556760151668,-1.0092620837749304,0.09812443280326477,-0.43142998672610955,-1.5265756783215867,0.08553305091430215,-0.4371257025896814,-1.795086135092246,0.11781325945090373,-0.4876786628706065,-2.2165720454377578,0.08617452635573618,-0.026737633128849095,-0.9990567512929684,0.03421559104570418,-0.005813296099131664,-0.6808742438754325,-0.28892558785243067,0.04207144159063674,-0.4104462752883149,-0.4270450941209536,0.04722098358140074,-0.3441963147931352,-0.1423372693272173,0.29768800393956507,-0.923461880029588,0.029735620492981188,0.29559346430306144,-0.585461160060192,-0.30316400986600595,0.3077546418296146,-0.35960711374992,-0.4260762791955065,0.27860918750086194,-0.18489862799499765,-0.07472509079842406,0.6769544935436073,-0.7994772481292745,0.06704385437423808,0.592636342814324,-0.5153305785967037,-0.27990210383920866,0.7072073891055988,-0.3593822843569746,-0.43614382143688424,0.6311515026002259,-0.15740774210201633,-0.08677419708419656
L,0.0,0.0,0.0,-0.3238177935606573,-0.2016292092700034,-0.03882005384724213,-0.6632501098026019,-0.3787381485360286,-0.08549643506811433,-1.030331564419452,-0.5364371521445298,-0.01468592912624872,-1.3877609780037237,-0.3240063907287452,0.0700931324004518,-0.32176563982826695,-1.0123309178388995,0.0022098015643945445,-0.42438665018704963,-1.491727546243638,0.010010603960079174,-0.44805619087005943,-1.8705234250222087,-0.016120383158097433,-0.41165420508900374,-2.1548960138676794,0.028405212336919082,0.013454580523820094,-0.9999093114068396,0.0005858539305258147,-0.004744996285592182,-0.7200357909837105,-0.38873186740918597,0.013229949172654255,-0.5052828720444555,-0.49901548676459895,0.07521319125537095,-0.3398059945075882,-0.2787299267640755,0.34441097747495136,-0.9713562727875941,-0.05835722228168602,0.42457577546054354,-0.5826958375490029,-0.35405747096462237,0.342397651631581,-0.4623211495334893,-0.5180942695374081,0.35754798211013755,-0.28197670155334664,-0.2107847267557311,0.6639785952030548,-0.8039283260986608,0.04794723482377929,0.69479253883684,-0.4700219446976601,-0.3004912403699257,0.7014051141655625,-0.3283678406453551,-0.49393635915189654,0.7268908064938389,-0.17771743258030315,-0.131615623199495
L,0.0,0.0,0.0,-0.33250624515119276,-0.21386840191822012,-0.019058751287358035,-0.6608852408214174,-0.3634173374407804,-0.02718733311476362,-1.007659192570411,-0.5555073612266168,0.029908082458763436,-1.2278108837699284,-0.38889854142264274,0.05568112919030482,-0.34262821818687134,-1.0402628124562499,0.023092254025310645,-0.4656970843875707,-1.4418964668664394,0.02426715310317774,-0.45008397284415247,-1.8059834675502957,-0.00030939862477855713,-0.41899070714242875,-2.127594167043436,0.03562289247955715,0.04194742206814324,-0.9981064598236302,0.04498787214546578,-0.09260656412531612,-0.6763959189954513,-0.27399690507260116,-0.01754584375938394,-0.5217280653201153,-0.4507391978964504,0.03282481733117392,-0.3612603118452006,-0.14725626646872658,0.2702739646296275,-0.957516036802263,0.009634204656573237,0.35433647568092325,-0.6187578142473271,-0.2528680698622823,0.38200895337256496,-0.4645643130102553,-0.4753874205879332,0.3663209900978571,-0.3334140882291637,-0.17848425779049137,0.6737985690972341,-0.9451488529393357,0.03954218423540003,0.6434994105547903,-0.5084741302709808,-0.31193166445623244,0.6728792789617014,-0.38522928858727956,-0.44920238977368643,0.6788395200801958,-0.19327979742754148,-0.15383609877766283
L,0.0,0.0,0.0,-0.18521072850498135,-0.18902850296667228,0.04703462792842047,-0.5963226379755678,-0.38330256766080617,0.039994985835963455,-0.8799681028205569,-0.5147616155528356,0.07130408150281488,-1.2362278974289984,-0.3711495836609327,0.03355770623002588,-0.1855688598604714,-0.954460351169061,0.016673425459525507,-0.2852427561137061,-1.4268495763845368,0.0247401664445278,-0.33184690545447537,-1.7896601133717618,-0.030323456481688688,-0.356218775258717,-2.1000170704310324,0.06718288567621099,0.10410919302539007,-0.9937861407613574,0.039374895025249136,0.0636197257018667,-0.6888255568798848,-0.3266252032257605,0.08113071211288293,-0.4781277528990381,-0.4328463415717041,0.11730662282148234,-0.3677788146805923,-0.13709417688921194,0.4110565727108106,-0.9197601545599879,0.030550437527273586,0.35412885731061927,-0.5954450799140288,-0.25193306695847717,0.40181244476378075,-0.4144787383890858,-0.4336811482067133,0.40693615156705,-0.29190546817920515,-0.1635711667655164,0.6138267688723728,-0.8384870041225869,0.027506742560382894,0.6879285576514577,-0.4735829803852622,-0.2796563849746079,0.7217497619295635,-0.3683044292513163,-0.42281405828189284,0.6912598512018493,-0.22307414448213847,-0.10378530252376635
L,0.0,0.0,0.0,-0.30739386503255434,-0.21339535309620955,0.036499749025112535,-0.6670262603987293,-0.3786021499070243,0.06691645847470735,-0.9763430566581454,-0.5103393786002194,-0.0054763480533456,-1.235104861697533,-0.30338791819672606,0.044221875814425396,-0.32499837908723495,-0.9511017223355619,0.031759865611086006,-0.3625091401012721,-1.45464871718308,0.06469333006089498,-0.3908579102780303,-1.819315531780735,0.04869820050369447,-0.4252964851643345,-2.09256083345904,0.00970674568080871,0.03187401602146672,-0.9993594152346952,0.016272869581954452,0.016894648716619404,-0.5738564207980946,-0.3156439498986309,0.009177097311693057,-0.495926252413913,-0.4740803479540182,0.07191419214933381,-0.4044134782837193,-0.1066540160327904,0.3049623704269443,-0.9193275069023227,0.04542832368394801,0.3495517222839451,-0.6351181257341084,-0.3245245471059235,0.39481240002268536,-0.37665425977635,-0.4614740569224313,0.3245201137707518,-0.20142479289777898,-0.10698449753003486,0.649273517778525,-0.7462179495309519,0.006515562880175543,0.6897527181580175,-0.4650348241635684,-0.32047649438555265,0.628176509723437,-0.398717544487837,-0.43003576680490974,0.7069976500708343,-0.19484634786292496,-0.07183522962869975
L,0.0,0.0,0.0,-0.30663581812252577,-0.20782334598452937,-0.039674707173031135,-0.5750121190589458,-0.3428160075310982,-0.04951999864945017,-0.9695335845857316,-0.478461844820295,-0.020451042806148526,-1.2011484524164795,-0.3048996926927314,-0.04203966143112178,-0.29671511755156343,-1.0351428419441575,-0.024160338293686225,-0.3728723051811691,-1.4075196296355856,-0.05863032819353933,-0.39539375042520297,-1.7581106424547994,-0.017793000375299323,-0.4394617143723494,-2.0756534423129973,-0.006738385618879901,-0.026325614721208857,-0.9987447603477291,-0.04261297557678449,-0.020710638680531752,-0.6855451278417705,-0.36695864635265873,0.027749143355129437,-0.46806185119445565,-0.508606436130125,0.02717179647630128,-0.33491305640996993,-0.14221732789574013,0.30443706090950334,-0.9133476291603067,-0.07348601880508718,0.3029532170862771,-0.5853838246649714,-0.30026933153562196,0.24488652343177283,-0.4547558412045335,-0.45723030116353874,0.26396034694603654,-0.3256817517701934,-0.17357483678712077,0.609694446822273,-0.8669548400843939,-0.0031273922468457145,0.6065350277535347,-0.4828940531454985,-0.281852204010237,0.5948497783883891,-0.3729420851450305,-0.4633076324889793,0.658099812575758,-0.2173353712548462,-0.22620645916366855
L,0.0,0.0,0.0,-0.35932002301190746,-0.1631465131504597,0.0664811043009536,-0.6525715560082155,-0.30087392597964546,0.002175899026695003,-0.9907321237664841,-0.5300721400476366,0.05728900771688012,-1.4263334223469484,-0.32857283104543883,-0.028772607137908943,-0.3468326364160373,-1.0034596053124218,0.06538324826469191,-0.4177736321676075,-1.5374960758453233,0.04704388390211232,-0.4647988403993128,-1.9160283165598484,-0.0176939332942964,-0.4906646475190866,-2.2457049558689577,0.029091117598541227,-0.002877881806360555,-0.9999816787680732,0.005325403693079423,0.019262796237796902,-0.7506810567903188,-0.3060243633086698,0.009936510761939254,-0.4694247531085767,-0.542850675628041,-0.012452425178431576,-0.4319441328715868,-0.17702219747740325,0.30168005216451727,-0.9582186318382644,0.037773969036403426,0.40719362977652335,-0.6035697933718456,-0.3569075874085408,0.3587239444844057,-0.4332553842965763,-0.5212803820020946,0.3640334435801323,-0.2371981314353825,-0.15248310230422202,0.6799805179840748,-0.8649561597580708,0.05165908093140277,0.698308587637769,-0.5195612638766696,-0.30899474248696773,0.6390329570166577,-0.3447400878653325,-0.49364894480972105,0.7168057390688897,-0.16292526104822494,-0.21006214410068494
L,0.0,0.0,0.0,-0.3637169449356345,-0.16981907216155906,0.06969923666773166,-0.7352886656622246,-0.3618425904707639,0.051977865224813256,-0.9815203649519325,-0.4975504137970701,0.069645121184365,-1.3307511697071093,-0.33795981784186685,0.04739296996145905,-0.4164557556801048,-1.02784681903642,0.07179145674788541,-0.4624862675249529,-1.5019735042803133,0.07748182252024999,-0.44559732581875916,-1.7956099734769317,0.07889630642718469,-0.47786743586910374,-2.1446338733756343,0.07675396412034846,-0.09709839763912392,-0.994148757310559,0.04733021776609425,-0.02014828789836195,-0.6232965035594388,-0.2394373370135557,-0.060857709474557466,-0.5179245573829835,-0.4005653823831387,-0.10079126478478632,-0.32180260936162347,-0.0877844807655528,0.2875880328882034,-0.8901310664208697,0.07659513126241287,0.2454234800793246,-0.6163532481244207,-0.2762905825869227,0.2894855974126912,-0.3934493595823078,-0.42153172435373604,0.2302558999793523,-0.22307673228921468,-0.07523160844648276,0.6553128359528191,-0.8237189079883529,0.06706248144359815,0.6447409958421247,-0.4969227683950746,-0.23694068515689926,0.6072847540009815,-0.36467199652477184,-0.4441787154658649,0.6380650418369479,-0.10295032759033228,-0.12236551699315044
L,0.0,0.0,0.0,-0.3431837745652718,-0.1093454600582225,0.008157460807623381,-0.7088021334026533,-0.2639836310034109,0.023323623993075387,-1.0455951512573558,-0.5015849905271206,0.0017713324015405443,-1.3983316765885452,-0.3169699859905359,-0.07611703498974265,-0.2746697542605857,-1.0257746736205764,-0.04197570150256934,-0.4047668642085808,-1.5247232095027787,-0.016409950952796692,-0.4210293626625092,-1.8291592291027146,-0.03143636228386957,-0.5725149551719284,-2.255207428027634,-0.004441283966646875,-0.022138578501478864,-0.9995876900240053,-0.01828478313808595,-0.09783431404384312,-0.6600706134633599,-0.3784525101519256,-0.00493327184257919,-0.4431269605384007,-0.4919385368454169,-0.09230485954439518,-0.29913942482674577,-0.22650684221909714,0.3800745180655092,-0.9335212528396086,-0.05770739502563607,0.33639447847368265,-0.5993720228730024,-0.33729507300502015,0.356247914216164,-0.45589639442092916,-0.5525427862276033,0.32079588912347756,-0.1824423461287126,-0.21064031646114803,0.6766679561348236,-0.8625420262939486,-0.011718189194245039,0.6325989189495375,-0.4799226402298055,-0.4048163992580033,0.655884625701631,-0.32851834659149287,-0.5045284604625196,0.6722833918752242,-0.1108203127726007,-0.23945728773436287
L,0.0,0.0,0.0,-0.39070939080266853,-0.19095687531970895,-0.024236777462092945,-0.6354583321757291,-0.28274871979767763,0.07737578849100764,-0.9308352901252868,-0.502896612840131,0.03796367744727819,-1.2238005866191253,-0.3544185126684051,0.013814353573886752,-0.35255250098983326,-0.9506005721667264,-0.015062351159220836,-0.4168238638604768,-1.415725467538131,0.0116147075069613,-0.41549439885489775,-1.691518493679728,0.0388647317066121,-0.48323751962748096,-2.032912742643838,0.03875299579712032,-0.0449971202592256,-0.9989371332076245,0.009993151020049251,-0.030248124483341382,-0.6657824010961284,-0.2794707280273313,0.0045991729430303425,-0.44205664256699306,-0.4025012300295901,-0.016144971761818047,-0.30606006656218804,-0.07728944730676839,0.2737637642852329,-0.8890439930043907,0.0010698106716072622,0.24031952488405398,-0.5790304814840985,-0.331269005392097,0.2346868643532612,-0.4051228052281657,-0.4573871633734621,0.29467445333810216,-0.26776885841632697,-0.09575608046410841,0.5265639928564648,-0.7947746808627308,0.04657072059946409,0.596302398648138,-0.4877750934855004,-0.2566219072670899,0.6348745743845268,-0.322193757644536,-0.42495734322941386,0.5529174547092278,-0.18727397897164919,-0.12850818729924324
L,0.0,0.0,0.0,-0.32219929438742034,-0.20522624176192988,-0.027303867257170173,-0.6854144370903589,-0.38484143347549676,-0.04879248576579472,-0.9594738942335762,-0.5475174466650387,-0.043378797706521845,-1.2830610993610094,-0.3799539992937303,-0.016109052874252187,-0.35220975068067406,-0.9940085092064398,-0.04684291185227686,-0.3935827352695734,-1.440756960989253,0.03266318277501417,-0.412074104202843,-1.8022947119486976,-0.02791865366587275,-0.432809375980831,-2.0534048834179797,0.038839545818939024,-0.07047572279329796,-0.9931855312871947,-0.09282064931110467,-0.015839218239809074,-0.6529478902811574,-0.34707619112469806,-0.04920362928927257,-0.5404617661457037,-0.5475632848838499,-0.020390921234361228,-0.3207404158638933,-0.17578976767604945,0.3055213466155465,-0.8886926287126558,-0.0455526104992539,0.2716626065778494,-0.620267395933226,-0.37416373636427375,0.2976071090143675,-0.4521714639574944,-0.47792697423155395,0.28497905856642713,-0.3035111906076285,-0.16885537642024104,0.6095965892035952,-0.8630452397069336,-0.0994812051627975,0.5977496280210567,-0.5124313159987728,-0.2996219464473565,0.5933695780765175,-0.4321637449920002,-0.5270049372052362,0.615275656400887,-0.19901532914210163,-0.22101065245127538
L,0.0,0.0,0.0,-0.4406791701474915,-0.20161448347610011,-0.009729111379957248,-0.6695557757514199,-0.34851146584482373,-0.041189416685567616,-0.9586140382921314,-0.4645195864472323,-0.04625917001517803,-1.3104666293197123,-0.3403797143693527,-0.03259895713407533,-0.32533656745924533,-0.9450934719163167,-0.028824025923446097,-0.4477188304500392,-1.5073234134986246,0.01783459922877497,-0.5284313337022223,-1.7688331161393644,0.023715208502358667,-0.47139079800003797,-2.076322024590783,-0.049772945704045356,-0.041246267882819085,-0.9987300552286573,-0.028931335411654244,-0.09335291159789331,-0.6628665074070098,-0.32893566454243506,-0.015526571028592522,-0.5156003669181108,-0.5306599672800776,-0.04630781926984045,-0.32837530031901424,-0.23232771862230217,0.28841104195949663,-0.9342616345106778,-0.04246318467642822,0.26546699518594047,-0.6505322228256218,-0.34096083711467495,0.22794951527775117,-0.46106280245507564,-0.5079986814066957,0.23289010944051347,-0.25801120677233635,-0.17548086977721924,0.5536889425423244,-0.9193491827833086,-0.0063887890673531185,0.541881351668427,-0.4921511240627095,-0.2686650738052807,0.6281553055810112,-0.341628238557743,-0.53261089103403,0.5756315544393735,-0.23397905741374067,-0.17136087969339833
L,0.0,0.0,0.0,-0.4024807985245882,-0.2523101608425783,0.021657194799871958,-0.7467707858865248,-0.35882045353866315,0.027475993043331724,-1.05425668768705,-0.5011747736043692,0.0057505309402537666,-1.4006119064966673,-0.3838866812874552,0.042941402768411054,-0.3600218271023822,-1.0099086397035129,0.02752272677445978,-0.4492948446173197,-1.4721814924053096,0.0030495494822697965,-0.4694070840044742,-1.7791335665429253,0.07977301342409095,-0.48066352202685203,-2.1451861554394016,0.06336030634920309,-0.03709924969043574,-0.9987693289662439,0.03291615391757066,-0.028100173080503974,-0.6965719039139421,-0.35734091933595885,-0.07688594323388057,-0.5216730051353937,-0.48025417613385846,-0.07990601154944038,-0.4001187315368015,-0.10814551603719377,0.26365645671216936,-0.9663427665457517,0.0003134667410249817,0.30312288239195473,-0.6643155410639934,-0.3539084218974824,0.27876846631666446,-0.44995957086593297,-0.48774607112886587,0.27371422066904916,-0.2941180462903337,-0.12907417602711324,0.6077759079576074,-0.7957901048631139,0.006180044176307917,0.5775586006831254,-0.5430559639271072,-0.29480067023691997,0.5765225536167006,-0.3367734941626628,-0.45841184105212907,0.6701263406594126,-0.14790874281314986,-0.1511091246587651
L,0.0,0.0,0.0,-0.4284658362337454,-0.17469993942321066,-0.0400247746058525,-0.6932852610279894,-0.2968765715878865,-0.017890345737248157,-1.013182858961447,-0.4947951820334728,-0.0453708782754749,-1.4011894219025764,-0.4086173609342684,-0.04428911528135118,-0.37324141804980904,-1.0279219306115126,-0.052943750951512956,-0.43419119448699844,-1.496242327525425,-0.11132205839208618,-0.4171931524394242,-1.809627631221752,-0.06755186990909169,-0.4830937281842471,-2.2574294162383466,-0.02806115492008071,-0.05012561697536975,-0.9985208635111651,-0.021059621453286267,-0.04194497880314587,-0.659789491619508,-0.36964179273714076,-0.019369632301546286,-0.5512514657261297,-0.5600978734718681,-0.09018870968062487,-0.3683522750369872,-0.21640955818351715,0.2564601977446264,-0.9476187811525191,-0.08456424110731471,0.29677384164595294,-0.5831025219881795,-0.43429748566820703,0.2817459816793083,-0.4898087705704594,-0.5273439366445394,0.29793750566494176,-0.2608984936903963,-0.2265535605225569,0.5685891798784981,-0.8906342642512484,-0.07583130070849096,0.568222322585671,-0.527159702378584,-0.3988181483384504,0.6220146441161771,-0.3230742980008635,-0.5612017750666924,0.5910792062386209,-0.16375609900863136,-0.206639035519669
L,0.0,0.0,0.0,-0.3609934453487504,-0.17720980990397184,0.08935077955576803,-0.7416025649136002,-0.35613012574998865,0.17748805873330456,-1.051700671851917,-0.5207066108781029,0.03543086447070472,-1.4668311554215103,-0.25949713150672044,0.09055688267095251,-0.4103946822154491,-0.9877496597583677,0.06395541239667471,-0.42709127204426983,-1.5235704894884234,0.002109731653735939,-0.4888700819400097,-1.893514412910013,0.02473308642918204,-0.5639871592229149,-2.277599963002573,0.16336118411434683,-0.07499124459504954,-0.9919669722601514,0.10187167996608944,0.029865426893391344,-0.5752495687852225,-0.26237284838342534,-0.022575959630543364,-0.5002021136477243,-0.42628062269739747,-0.03256114809209528,-0.3349219984525113,-0.09138897886264545,0.2664086303805452,-0.907975787177217,0.08221923561364265,0.3065476168876207,-0.6124243984243991,-0.2967233619862228,0.3040571755351264,-0.4039838744664182,-0.48818311012025983,0.3107319009689233,-0.29093445608301094,-0.15173392163567015,0.6575095023095239,-0.8896742499614684,0.08841237002284122,0.6185367367232518,-0.520319845359244,-0.2555256214602666,0.6687472478930419,-0.3286798695875931,-0.4941670093323186,0.6450020827075543,-0.13909801947276357,-0.11370323400327655
L,0.0,0.0,0.0,-0.2908160394600444,-0.13117401272704352,-0.018945509183542878,-0.6080737622699361,-0.33445979242946733,-0.0074845048549060265,-0.952476913323651,-0.4403789239747235,-0.003769549993941884,-1.2873131707499201,-0.35120611043743255,0.01045691125452811,-0.3298043443435125,-0.9783755573630523,0.0008758323123048407,-0.39705902918175384,-1.469404941343277,0.040785319755522624,-0.39012772506360427,-1.7599560001516699,0.04898159655188076,-0.495900307898837,-2.0675644575549783,0.00939132467467631,-0.009729088635796829,-0.9995740352728573,0.027515320144484014,0.06345557710447572,-0.6838582820326922,-0.3104495281398439,0.001717869077822527,-0.5151999529472288,-0.4790281808484694,-0.041633782945598885,-0.29550952822933607,-0.167425287656272,0.3747381808215476,-0.9082237875461739,-0.05109041648490918,0.3558190222703451,-0.5966023352369947,-0.40155871787292546,0.35467433501886736,-0.35640816005566006,-0.4907192970566088,0.2961073867271301,-0.26072264808106943,-0.16947807594954808,0.6165478581331174,-0.8797232575847265,-0.0021261577523399838,0.6188968759728606,-0.48897647117085397,-0.3279501846295416,0.7432914757214163,-0.35976203610013346,-0.5129584283645391,0.6952083540260668,-0.1981207304186753,-0.20188253233337455
L,0.0,0.0,0.0,-0.3533334390354021,-0.14115958039509893,0.0543492659680342,-0.6882897584829226,-0.27026214147383376,0.06130054454990391,-1.1086988781584386,-0.4982609126590565,0.04877612944530868,-1.395373774972114,-0.3164769245227769,0.14005298220631668,-0.33694070173658763,-1.0396323882803828,0.1040120605028242,-0.4235633482136322,-1.5605582028883953,0.04470833522137336,-0.46823807340327855,-1.8875565710630322,0.019727383024618687,-0.49233348340790123,-2.228240005875694,0.04298382897033371,-0.02776532074459505,-0.9959418415077012,0.08560920101366945,-0.07875406209011893,-0.6099738452713478,-0.26974936237205704,-0.041768943474358416,-0.4650657182798674,-0.494092593529388,-0.013484914855260701,-0.32549516723225175,-0.09482494453558028,0.3028029344701067,-0.9419310029297807,0.08470990550584391,0.35380609822486103,-0.5740829169000654,-0.2565176128741879,0.35334536284088264,-0.40427045216786867,-0.43511520674344945,0.3603717370725504,-0.24662793294458563,-0.1301308326604721,0.6642282235237308,-0.8710234655702265,0.0752290152069189,0.6463221646532348,-0.4556892298455297,-0.26738345878347153,0.6910140684269155,-0.30943556326377375,-0.4651763821647502,0.655300488143723,-0.17185615901412848,-0.15630741047006058
L,0.0,0.0,0.0,-0.35062122775869403,-0.13742923032501664,-0.04351071075977573,-0.6893516098187739,-0.2777268041229335,-0.023690870424864025,-1.0566431261954312,-0.4800144261895262,-0.07486529641675117,-1.4219864239198137,-0.3021395001013833,-0.08969031481715832,-0.3299590763434473,-0.9918522151232543,-0.08541641492098707,-0.40981939572056475,-1.6018471088443047,-0.12519294269706122,-0.4751438836141463,-1.833019696950748,-0.05435178914422025,-0.4815011234806186,-2.212431663891274,-0.12077946631464093,0.0011992836868826586,-0.9927988487092355,-0.11978734373987461,0.006820856063214964,-0.6529535207138478,-0.4277966768639488,0.007309954126076958,-0.5325060432144741,-0.5510929914288544,-0.001566415479984038,-0.3214813683289311,-0.2877345166637621,0.37843504344698337,-0.9324195822501642,-0.03223477908582029,0.3550360324093465,-0.6015140476394059,-0.42603454691907533,0.36053267861928634,-0.48129526563419067,-0.6250859088353421,0.2783067055422082,-0.2559406411389175,-0.306351464588797,0.7629423418247845,-0.8811169905425713,-0.06719956272417206,0.7618376205960211,-0.487066270576787,-0.4067331067283,0.7058849167152429,-0.34016165731231107,-0.6198124193652551,0.6530478448130114,-0.15621821835565514,-0.1564173136780408
L,0.0,0.0,0.0,-0.29174825078862654,-0.20781130791048796,-0.02404730960644814,-0.5427146756232715,-0.3632412674410731,-0.006570751366810148,-0.873349337764967,-0.3787675074623648,0.009344628656344018,-1.185962251424074,-0.28450811000245535,0.05619008318187217,-0.2701763486042414,-0.9926352706766481,0.09791966719753811,-0.34288452569390476,-1.4284818647664705,0.035204076010621796,-0.3060388609777408,-1.7698448432084277,0.0272080479774786,-0.4040247270801634,-2.08458230926187,0.0741309163355788,0.09105888527100946,-0.9907540845683359,0.10057148365396418,0.020645513519721114,-0.6282313079951402,-0.29226471598053383,0.09012134369309627,-0.49655199474752015,-0.3900404415844659,0.1138287382113234,-0.36055479344479285,-0.13490599151739227,0.33897975019846693,-0.8829379145733585,0.02555681921251618,0.29496294402463136,-0.5647533636893943,-0.26210676442552466,0.3039921047359307,-0.4264202754285971,-0.4203531935267161,0.38443351222343236,-0.23248938333187932,-0.16951751260095016,0.7022459364696299,-0.8141400330192972,0.10336237752223856,0.7175639039370619,-0.5085531595954637,-0.24653598642790747,0.725400489830024,-0.34899055356448355,-0.4962822974135659,0.6897902152492899,-0.19510762561127085,-0.12728230241543728
L,0.0,0.0,0.0,-0.32827460476748244,-0.2008669758121276,-0.020140099283729142,-0.6200618443196074,-0.27310144495989025,-0.03631095864112226,-0.9537316494004959,-0.5299627533325442,0.02324082472675793,-1.2943778765509024,-0.3480648481404316,0.04701695531340505,-0.3317415754257469,-1.040230346137078,0.03822830708404011,-0.34882441130489167,-1.4270803114312192,0.005572905939238147,-0.4030478385080089,-1.8054811833833637,0.014595411203135084,-0.4853693694374022,-2.0849770263172442,-0.04752726310284956,-0.015051246093144765,-0.9992681241492898,0.035166405136197364,0.025473856986763212,-0.6300567655317022,-0.27113572739026653,0.005884274706965122,-0.5385993385229152,-0.4610457808624041,0.01097143826333739,-0.3520866315099405,-0.15096793391909386,0.26931750792508796,-0.9375214202230939,0.08027237113952264,0.3271189538100898,-0.5885897737782588,-0.3189897745051592,0.3156623686687743,-0.42103024887776846,-0.4530857456020373,0.2690473829510838,-0.25301573741279665,-0.135106606402007,0.6040418618318302,-0.8303763412928997,0.025233168126998527,0.6637087060277704,-0.4727576115881893,-0.2812526575908114,0.6017023220698197,-0.32866714612176184,-0.44000685928062205,0.6539604625869376,-0.2042955544535482,-0.15475239422021905
L,0.0,0.0,0.0,-0.2719565869642535,-0.13378452656950884,-0.030486966577857964,-0.6460164088352006,-0.3016286648232329,-0.011923065954334304,-0.978184380788086,-0.4859396903693718,-0.03250926348991718,-1.3187084103359505,-0.26863848259419376,-0.023729156059109267,-0.2983399517572438,-0.9457087114019896,-0.04093508722985043,-0.35058105576395315,-1.432644684837132,-0.032688870101400445,-0.38486116961294975,-1.8336331565145827,-0.037995955884248096,-0.4540650048870059,-2.0849653774578667,0.018612277200890995,0.05876884756668186,-0.9980252910673114,-0.02217523270887002,-0.025963183768938095,-0.6681911272514621,-0.3715741541159303,0.02240240811215367,-0.4569563063278504,-0.5316798176619321,-0.028523113399837374,-0.3305448666690705,-0.15827599814666946,0.4067783523886887,-0.8494680696527456,-0.03454600734123317,0.36801723141029286,-0.579690252076821,-0.3748808598275101,0.37094427610592257,-0.42979154180721535,-0.520069543257911,0.2947467975065815,-0.2356895176952681,-0.1576056506986924,0.7197160632020908,-0.816124394455798,0.007173513441261954,0.7003550502490056,-0.44940007031563955,-0.34759357431264176,0.5944409990043298,-0.3102388392773157,-0.5406199138359287,0.7074797869733449,-0.11487537069622782,-0.19935223184650894
L,0.0,0.0,0.0,-0.3436809197951001,-0.11426003715602132,0.0014897004325060716,-0.6653592528278763,-0.3166641859973173,0.04210617292746204,-0.965679311820906,-0.4683624220932883,-0.02265235931503704,-1.3552549642342582,-0.31307904770407197,-0.0795650300753026,-0.34315328051857474,-0.9876399286881316,-0.007065721287420411,-0.3936410368470537,-1.494938722954959,-0.06535585315291846,-0.3942120062680494,-1.8894984024593062,-0.07498730414551205,-0.4895091422494256,-2.1647692882700253,-0.03390407398360628,-0.012192971211117043,-0.9997321964411696,-0.019668931134145057,0.04986606472778827,-0.6483228432363656,-0.30818619979413436,0.0071459051984338095,-0.4832862099864103,-0.49524414646215414,-0.019281061203764733,-0.3790084949481786,-0.21448191222855412,0.3177521816620775,-0.850264706064014,-0.010677692974185334,0.34052795392206686,-0.5543522187548495,-0.3319571190432377,0.33511094357907706,-0.42399162077338315,-0.4572008714273533,0.35212146211765355,-0.2209976100282387,-0.16753600045858597,0.641915513121511,-0.8312237236935888,0.016148745717936158,0.7013495335316697,-0.4973881287801722,-0.37597884664645626,0.5919510386613802,-0.32707921704119364,-0.47929341773698597,0.6653766565937661,-0.14066707255868885,-0.17148223531921886
L,0.0,0.0,0.0,-0.33120954751363824,-0.22001486100206624,-0.03104076889139591,-0.628628589544677,-0.3826609232799034,0.012472976315422159,-0.9978244419594969,-0.5020907105104983,-0.009812070397790432,-1.2515707626444204,-0.386120604857707,-0.03342627384922625,-0.32883425427968477,-0.9906969576807898,-0.03611334008170857,-0.37911919606244426,-1.4919963249127075,-0.019552373136575776,-0.38134726924111056,-1.7543848236150161,-0.003928858477006161,-0.44476378763597285,-2.0432840524200855,0.09370340964808951,-0.03972419579361487,-0.9975751793936132,-0.05714673854517981,0.009541709974726635,-0.6573204899894047,-0.38784092113199803,-0.006738902321008895,-0.5362507393778808,-0.4671974030883632,-0.021018297348705625,-0.37569936897981865,-0.1502739019988605,0.2391165635305473,-0.907377942032395,-0.009143104616092882,0.306624918379715,-0.6291932016631472,-0.35723847094005384,0.32791682506488656,-0.46629630752907086,-0.4809644612786456,0.21845817235448337,-0.32874538570468714,-0.12281775978366705,0.5979780540293006,-0.85911113327914,-0.024549131942028016,0.623441596933457,-0.5534004703096367,-0.32013787217207235,0.6100328270935225,-0.36391191450724314,-0.48902679088564854,0.5887324051302663,-0.20393527128056488,-0.1427386788682907
L,0.0,0.0,0.0,-0.39794906857651485,-0.20344626901924734,0.024189696599740986,-0.7538604768976094,-0.4070534128884778,0.040640470366404696,-1.0932443755339154,-0.4832026245770227,0.028938711277000543,-1.3718668083006478,-0.28059042797353295,-0.04360000172372354,-0.3574504314093318,-1.0370185134032992,0.0075214193707066924,-0.39552555616679663,-1.561172803343442,0.02883697198424622,-0.47111995358178355,-1.8638863561553434,0.009922774999610633,-0.5069566303464768,-2.2368484312230703,3.8316610902500865e-05,-0.04113232455247386,-0.991215450788969,0.12569829749893502,0.008204377422551134,-0.66666296995978,-0.32632633990557713,-0.09209187480943792,-0.4873977301227897,-0.5201734247806306,-0.06258905721299715,-0.3094103924605427,-0.1464596390163892,0.306887200133367,-0.9200234682072708,0.05827308984961711,0.2812239681054732,-0.5977630875646431,-0.3015090527210432,0.3951230456356061,-0.4687300180973967,-0.502815103956323,0.3126145220206783,-0.2745442229966303,-0.14194095100727833,0.6676960356452696,-0.8983458756401898,0.011625715665815045,0.6888266654134492,-0.514761886828253,-0.3159151286176328,0.7450246608777363,-0.38731925956473856,-0.46864924338159203,0.7176151136189011,-0.15922767831921109,-0.07664484001762575
L,0.0,0.0,0.0,-0.2831646353762892,-0.1910307862955623,-0.03362663575197641,-0.7018507858334109,-0.3285234010031156,-0.11727955262369473,-0.9015906849061266,-0.46047323660474915,-0.040633226625512255,-1.2886824222686113,-0.3447682366673445,-0.052993511801032345,-0.33054797575202305,-0.88222378434968,-0.09337088958327001,-0.35533581066333014,-1.4468226856969189,-0.0525076859735137,-0.43243747455079345,-1.7268252900899648,-0.06897605503491827,-0.5239594709195889,-1.99018319563464,0.014802262683400647,-0.048082819688756266,-0.9975428805643201,-0.05095335009807787,-0.09269147487622632,-0.6327451545478358,-0.3524340938550347,0.03355948242009678,-0.4160666750776659,-0.5546127663519891,-0.05504111970836332,-0.344271087764703,-0.2749578740447494,0.24959323122030275,-0.9214443399316071,-0.057112576278057,0.3029499521957206,-0.5866965265604079,-0.3740351657187583,0.2647022479571062,-0.3816272248085235,-0.5312939194532696,0.2794680433556712,-0.2318209806362215,-0.21780873660801084,0.5770387514477805,-0.7351290685229006,-0.04175363499521908,0.5248902857987245,-0.5054908643192498,-0.3483026754462543,0.5972153395430951,-0.2925462247022898,-0.5371822176309411,0.6363697626573489,-0.15684404256924592,-0.18158607839110932
L,0.0,0.0,0.0,-0.2909957814417352,-0.1946284927562553,0.03145723329837618,-0.6264776345880653,-0.3874070498606478,0.06861311941894173,-0.9879913464312781,-0.5660487413839373,0.11342422348554153,-1.3570672407048083,-0.3666051212536422,0.11890416051094208,-0.354314306217376,-0.9635596969307212,0.06964043688089291,-0.4432900750225746,-1.544143514102548,0.06828899764412187,-0.36510831450146575,-1.9153200669431711,0.023747894011437433,-0.4797574339758957,-2.167980218060978,0.0637463911574861,0.01993703413657897,-0.9958875655772953,0.08837687139950894,0.04580603744046731,-0.737270484890228,-0.23697965683945243,0.03836466146224459,-0.4994936310121918,-0.41496733251309303,-0.023595266847722497,-0.3579513349020564,-0.12852617161052535,0.3501594052398542,-0.9746985021225324,0.019462634520303276,0.37307302570303086,-0.6004008184534984,-0.27189765717809133,0.3976308608388821,-0.498918944614382,-0.47228030726690423,0.3954499506893751,-0.3050883508031643,-0.14142612075472819,0.7440652556277715,-0.8410429588881163,0.09037340979795519,0.6657505986619181,-0.4737245807482634,-0.2911555647797026,0.7152813261479165,-0.33921454696181963,-0.4155110388320275,0.7130991679578979,-0.2591939792366386,-0.12375259595390477
L,0.0,0.0,0.0,-0.33454975562930755,-0.1657776664151753,0.037233677419406565,-0.6337920994187226,-0.30515861034367187,-0.04767827241066844,-0.9806999127226412,-0.47852492145178205,0.018473137040213892,-1.2733774652449557,-0.2612094983855734,0.003545752251130605,-0.2878046615587146,-0.9737785227096278,0.03170300880256413,-0.3320440852056948,-1.4738056037022154,-0.02502605787944711,-0.3815711118521142,-1.7515402743978459,0.017728462826760178,-0.4236807723432802,-2.1046827879039385,0.0345517015180849,0.054349049692881124,-0.9981690218803599,0.026547778737333015,0.04523427741015885,-0.6175125843832914,-0.3463033484338325,-0.02913870054659863,-0.4878014102319545,-0.4978752772003485,-0.008478290739693004,-0.36399332141431084,-0.09352987917768868,0.305963228383439,-0.8956478399158321,-0.03439200295034089,0.31242358681786403,-0.5475456121075264,-0.280963030191064,0.3306205731908961,-0.3938328590065684,-0.5169604229492819,0.2741763365677853,-0.25864384082915615,-0.12174114608181924,0.7347833693786473,-0.7706903653236981,0.0013045534804285903,0.6433556201607351,-0.4409095108293891,-0.2749262189444484,0.6639105718326702,-0.2854955553439595,-0.4628948759408682,0.6569410627232068,-0.2333685826336264,-0.12806589724893286
L,0.0,0.0,0.0,-0.3087207692265057,-0.15503920795586332,0.03253037356654432,-0.6092701463849727,-0.3493873206667326,0.02713336755424564,-0.922082667318356,-0.48668191515793996,0.07543369726387734,-1.2524294468624222,-0.28428660196303457,0.09467159166096822,-0.3150034341960825,-0.9533748120595014,0.08788119566988402,-0.3254467896067636,-1.3394227277856479,0.052764225133077096,-0.4453246673195585,-1.6450802978773087,0.10232422349282654,-0.48950700636674743,-1.9806204207923608,0.07273072966296872,-0.004740599899156523,-0.9960354253287639,0.08883106552746328,0.009170243830434223,-0.5627018279391561,-0.2344125978240942,-0.023198292515755867,-0.5116872608698675,-0.40722772662454043,-0.034979756441283906,-0.341889481872512,-0.071817722386619,0.278754488116542,-0.8272469186934116,0.04166509523459871,0.2790756705260366,-0.5602328941281159,-0.24652125897604715,0.30013456585478887,-0.36774594043810643,-0.38801648585314413,0.26837910151364597,-0.23799820677337236,-0.14173470655342263,0.5988337090861753,-0.7954029859707018,0.07647095834731392,0.587360131111034,-0.457638027024194,-0.2955385059350992,0.5669258483007591,-0.3264429271644021,-0.45419113286977203,0.5484128084512184,-0.1624221741251098,-0.10284616301012599
L,0.0,0.0,0.0,-0.27186545502318954,-0.21810331309080994,0.024000531069315184,-0.6123587490495185,-0.3544507675544568,0.02806828556518296,-0.8984494126565664,-0.5161311100031463,0.003644354469838337,-1.1859792836782515,-0.33107091935798244,-0.006128510044290175,-0.23881328856914305,-0.9291010249844252,0.033360524539714484,-0.33898660592514246,-1.4635209833981633,0.038187180366839796,-0.36715129781828043,-1.7444045395127756,-0.012708341051471506,-0.3051058389136247,-2.09622820922792,-0.006823563075728619,0.06572705257228695,-0.9974771066898586,0.02682118919414936,0.027687229220024204,-0.6603232420853274,-0.3291752283272838,0.026775795778093837,-0.49707910369389413,-0.42885054634496117,0.029173364357701227,-0.3294592778942058,-0.14236297524772654,0.3710576133278879,-0.8928929646198976,0.03537537959492566,0.3603853145995147,-0.5757478238275007,-0.2998893137892915,0.33952091948236274,-0.48403222216231157,-0.46522088140975904,0.33682373203340377,-0.24988868971351064,-0.1150622386403149,0.6686684283863975,-0.7768357886593436,0.07838890829763108,0.6215696242379337,-0.4979330786679984,-0.3439374957759851,0.7121545945008427,-0.35512136805252653,-0.4318322001629779,0.6046313977355635,-0.2160519060496124,-0.1383172753536341
L,0.0,0.0,0.0,-0.212007993106162,-0.12635972767180895,0.011713813882096316,-0.6336191377183926,-0.27116790162993804,0.00923226581326924,-0.9609486800751482,-0.43823896755637315,0.047869915317031934,-1.310134072639604,-0.3285627712520917,-0.08176129936202949,-0.34694103071995896,-0.9591780947091972,-0.029774538681172233,-0.3695677915370728,-1.4483467615155239,0.013450460823290543,-0.4065499001471798,-1.8337547996609949,0.03747574085625679,-0.4794036289529291,-2.114442392086488,-0.018862350405362174,0.0721541271126534,-0.9972032124572217,-0.019481658184264648,0.04416540578890261,-0.6266573731937324,-0.28221569648004924,0.012611394549791289,-0.5257743292070741,-0.5050488519580052,0.058943876691640834,-0.371949688622154,-0.1586580297567649,0.36678148022263635,-0.9360276729121316,-0.03863641233262632,0.40961863949146865,-0.6099200295273665,-0.27974536314809695,0.3335275547129284,-0.41060472237957696,-0.5014722963276826,0.40788863861390307,-0.20388792656306576,-0.1548499165728014,0.7077639258183591,-0.8606335473319977,-0.017025423835196025,0.7500265948172481,-0.5601922520544921,-0.3527668367875147,0.6788096912681595,-0.315412406412177,-0.49558312966612145,0.7244990409228765,-0.20764333913086425,-0.12243851040166209
L,0.0,0.0,0.0,-0.34852787501618,-0.11108832418810667,0.02178882936763164,-0.7335027990200428,-0.29389626867135743,-0.03779317294279395,-1.0329385717851312,-0.4513109605426247,-0.002408010147017635,-1.3686062352015524,-0.26152794196906237,0.08394561465062543,-0.38525114111861103,-0.9480123343542973,0.0018034602140068183,-0.46652594478687215,-1.4896680761101555,0.0551455165137429,-0.5764392117500942,-1.8176570083353327,0.04806758159182711,-0.5485766582021451,-2.171116824742368,-0.005746673151257745,-0.1408725757483379,-0.9898192700246585,0.020315759643222353,-0.057650361300926066,-0.6076073702270821,-0.3310027594393453,-0.04449971993173387,-0.48732625480509456,-0.483380454003533,-0.07127289501391101,-0.29979520154879513,-0.1104107781534822,0.2608285957856565,-0.887727040743419,0.02480088448239405,0.2861973106932788,-0.5619353700541144,-0.33615272996218104,0.2908175638956218,-0.3657976555428943,-0.4468381181566233,0.28768953893367605,-0.2586217054267201,-0.20974082980755415,0.6582759742298218,-0.7645575210059633,0.05717324641535713,0.6261872458088652,-0.403743161664392,-0.36054381452018797,0.5610037386320783,-0.33360649007090215,-0.44391338349869486,0.5390991255993265,-0.13957127670460082,-0.146080394397959
L,0.0,0.0,0.0,-0.35676570796024415,-0.1345014367457281,-0.08054937130842459,-0.7194652618602387,-0.34631904081060483,-0.06705504990368533,-1.0100350982772643,-0.5012771504995661,-0.030230493066479156,-1.3991014672515363,-0.3316541771897603,-0.07893066421242939,-0.39937382072635025,-1.0101147645028203,-0.11535558263027477,-0.4630103346026307,-1.4884929927209058,-0.11671019943915455,-0.39499303962773163,-1.8086735234019928,-0.09566557894985897,-0.47381588076339615,-2.1796952429135525,-0.07518560776233273,-0.023608048336132965,-0.9991441057961463,-0.03396639378235419,-0.06144580898005774,-0.718861872242865,-0.400169410552033,0.023569439444541075,-0.4781447242548512,-0.5443295253473818,-0.03459996819876017,-0.28990867632642553,-0.21223066615314026,0.3297137568315623,-0.9797922502251573,-0.10609226388602859,0.22493255518368588,-0.5984807416728515,-0.3451032832656249,0.29989369714362385,-0.48639539864299647,-0.5334098724316447,0.276199914738588,-0.2365624666205876,-0.25656670688802813,0.6129792348511476,-0.8073881637879521,-0.03461162670351036,0.6816027787091893,-0.5086982830138307,-0.3696347912579114,0.5969825246417019,-0.3926722580931584,-0.5396415280636678,0.613177405363091,-0.16842224945234677,-0.16037379741879762
L,0.0,0.0,0.0,-0.2668460363454114,-0.11062089897181296,-0.03791513674945683,-0.5997408436052862,-0.30423997262332453,-0.011504338442057331,-0.9456610538431723,-0.4754705779790269,0.04066724817735535,-1.2961096543842305,-0.2761305593788014,0.07168360180698281,-0.3129264337472064,-0.943700707118988,-0.026893766996370506,-0.33208948662348936,-1.469127919754837,-0.007965405544476889,-0.39624522503627424,-1.7644583810676782,-0.04339284123629155,-0.45335277506522115,-2.1669128908739883,-0.02246170023387441,0.05281122884784536,-0.9983209758612478,-0.023795026014411476,0.06663859914221572,-0.6344498627620898,-0.3429726712555328,0.0054992399916930735,-0.4581169176689575,-0.501712631594393,0.03402450753524237,-0.3180130983673569,-0.1777321236935113,0.32433182939475935,-0.8910618409816946,0.008826767427206263,0.34515691959864514,-0.5925244582594092,-0.3608867128744647,0.33670965144611753,-0.4438473939084754,-0.5118507156922771,0.314520404592673,-0.19498043788376876,-0.17115309478538948,0.6682411375968459,-0.7864047075576884,0.002438321591571871,0.7105030792658494,-0.47849344636072566,-0.3145408510842561,0.6939393369240818,-0.28098815841464003,-0.5420208031717482,0.6304512577989264,-0.11645845042102487,-0.14168511846927773
L,0.0,0.0,0.0,-0.34390453263986537,-0.1852905599210089,-0.012631602267539115,-0.6756976964306666,-0.33552060755137214,0.03665730523518296,-0.9512840901624253,-0.48547146486945986,-0.005796852236803437,-1.3211992757169093,-0.3014169815906698,-0.027137035680208324,-0.38164327526750785,-1.0187952729451273,-0.037853189684266035,-0.3726581782633697,-1.451402696804026,-0.005546165219757621,-0.45535903129453636,-1.838992653552912,-0.01148977782059189,-0.4723348127315847,-2.128982665759467,-0.018163826917973275,0.018893362761585757,-0.9998171297034322,0.00295770099056347,-0.034299662824912126,-0.6910153898750966,-0.3572321443692461,-0.06128301782358067,-0.4991568258960411,-0.5110962727631607,-0.03331017336351968,-0.35570799544706677,-0.21753343235805242,0.2861659115195798,-0.9055266324971044,-0.026873922105992574,0.27985064732275783,-0.6029844552029339,-0.34158061894082065,0.31426533872954177,-0.42152635329876964,-0.5735344051115422,0.29857568859762845,-0.2935572200611091,-0.13572712814842952,0.5997350012640811,-0.7818021437329726,-0.051262188490588695,0.603668377831124,-0.5077319219788448,-0.3805379052973468,0.6767752734247986,-0.31675650463218386,-0.4731471299804717,0.7012833712536192,-0.15395566664140833,-0.17909220150320554
L,0.0,0.0,0.0,-0.35182698195615797,-0.25424995944848405,0.0030605463763354384,-0.6244787859001207,-0.38044284521294797,0.05955687757469797,-1.0175677446636249,-0.5375366199150658,0.008186471281205266,-1.3418817470810502,-0.3394490375074039,0.08452847929184962,-0.3076686936285683,-1.1078325340049615,0.08518404431975014,-0.4138647121375625,-1.4698415059940704,-0.00702262927364486,-0.3780033434800389,-1.9253472936805534,0.08221114834481356,-0.42299103988237696,-2.259357519956061,0.07462572670189872,0.006531007099374008,-0.9985666453032322,0.05312250779205229,0.03377071835189055,-0.6921870323464746,-0.33121836758225554,0.03773643218041051,-0.49969174800304705,-0.4864684981258385,0.04387718228252213,-0.3585625874745153,-0.1494384880846904,0.27810195922238823,-0.9737261136359735,-0.018907354448814022,0.3380147892954698,-0.6351743544165509,-0.3121338855842627,0.3441407677771661,-0.4722447556064447,-0.46362528457366725,0.34013191535671616,-0.27154382466640414,-0.09246118388091303,0.660616906435276,-0.8275258025072376,0.0907351261747456,0.6785519020520113,-0.5166470115378697,-0.29459879557944,0.7340407035721482,-0.39973954817650315,-0.5305823727564696,0.7190247994415487,-0.2217158127927978,-0.14691766862067515
L,0.0,0.0,0.0,-0.3198586069740267,-0.17575608135123255,-0.01852066914422299,-0.5988444839382605,-0.30924438359382656,-0.012086950043597916,-0.9342496777049857,-0.45105290799513464,-0.057475845059496246,-1.2270957001147316,-0.3003255055784259,-0.04909952357155605,-0.22038892184722308,-0.9519814130317885,-0.04901317183635461,-0.3294333742958126,-1.4176539435726285,-0.01381545575219836,-0.3045704922143379,-1.781071516064491,-0.04627447110328346,-0.3849634682904679,-2.094698289431365,0.016350745580280737,0.0762984872764293,-0.9967032235268501,-0.027590307184117882,0.021089778782514116,-0.6339197371540668,-0.4203445785003601,0.023022585989301566,-0.4705782628381154,-0.5576186260155278,0.0199058123866905,-0.26073958697658484,-0.1362192203119383,0.411070860613013,-0.862163596510469,-0.08922215810283972,0.33216757784729184,-0.5035029289816233,-0.39852257481950576,0.3397014386904252,-0.4366611889545735,-0.50945958298447,0.3534278604583242,-0.32575939365598666,-0.1576774607731166,0.6630262764050394,-0.8216016026234269,-0.04116284738218422,0.7476692664777361,-0.48341694702381816,-0.3949663692419969,0.748319842941139,-0.27089039144283816,-0.5934812688267969,0.7178245150500183,-0.15001103285376488,-0.21556411241447507
L,0.0,0.0,0.0,-0.39008507251749214,-0.2597322338212149,-0.003190994904153301,-0.6265098310478405,-0.3783554494752502,0.017260352075391446,-1.0741606993317536,-0.5788078320526626,0.0022553990308152344,-1.3920064804148498,-0.3629379286539696,0.03750750509032237,-0.40150941602693074,-1.0172000988624548,0.03075464467779918,-0.3651228085903051,-1.4997080337232198,0.00629093069497545,-0.530216167316261,-1.8508480993715373,0.06248166485706747,-0.5191314752449593,-2.109203282158613,0.01873216064447072,-0.042819377878468366,-0.9960253428613128,0.07810260722988137,-0.0228648387463917,-0.7221107039812249,-0.3575458325099815,0.0012827552206623166,-0.5367396230158261,-0.4643667507117354,-0.04082652666611417,-0.3588650521915238,-0.12192792981140704,0.32032582323803493,-0.9008256269230431,0.016933671734018475,0.328928773300169,-0.5838800533637624,-0.2637476396525554,0.2932469606565621,-0.4466948333529228,-0.42147984216992984,0.2592145821601191,-0.37940108059908145,-0.13496127571529667,0.563440804692932,-0.8306835530971888,0.06659052064514422,0.5965876555351883,-0.49595857374557184,-0.3060436759154848,0.622213279817149,-0.30589119195856806,-0.4480878337570025,0.6176161400937434,-0.2320887266334052,-0.1328665609479249
L,0.0,0.0,0.0,-0.33609231054904887,-0.18142604524297642,0.03940705286369069,-0.6767463305820048,-0.4104766795788852,-0.01910943285993963,-1.0406827474350224,-0.49326426596223305,0.07912116202491185,-1.3752795100046193,-0.36459311275902373,0.041246559088417664,-0.28543130570074515,-1.0477954524064945,-0.020886871828272424,-0.36571000549071203,-1.5391800911157663,0.007004305658018788,-0.4304040395683047,-1.8572747648095616,0.014365159841858042,-0.49766241806014,-2.2555574572688366,0.0197173523212637,0.057133738575917886,-0.9970907580901452,0.05045548580242066,0.026816681601182047,-0.6629066628399474,-0.25471321892121934,-0.01728975154013628,-0.5188502823689981,-0.5036238062860694,-0.007614078115522926,-0.3253999727335596,-0.11350684554930182,0.34586431345301305,-0.93718678997208,0.07571427163018679,0.43394055982437085,-0.6459412073203223,-0.3265150264835847,0.3448016856734355,-0.4781656146991397,-0.5752337248109195,0.3913126650819356,-0.27294356025455874,-0.15835353930837928,0.685398969353882,-0.833206779943286,0.00799639798990195,0.6282039916224189,-0.5194818176627111,-0.3399079285929434,0.7419099994325324,-0.4356375022817345,-0.5316269682346874,0.6864879560977752,-0.18911484035203008,-0.17919413509745755
L,0.0,0.0,0.0,-0.40341930202692255,-0.16875671880619134,-0.0340751561574269,-0.7045043530341729,-0.2835636111644352,-0.08837610248643007,-1.024030801879926,-0.4443730299470923,-0.06001850621549153,-1.3291148559358763,-0.268720984992711,-0.0659885511791836,-0.3759946537392146,-1.0125695868677322,0.02938016201053915,-0.4753435549923407,-1.4476694430890027,-0.09696927970912927,-0.4849671972332892,-1.8088886516248408,0.0032089475813559805,-0.47480222503964536,-2.1116476496510006,-0.04707749530775272,-0.02454318686336174,-0.997732433291588,-0.0626707550348411,0.023944500917976126,-0.61086578523196,-0.4190323180821872,-0.04861116603471849,-0.47239661301548524,-0.48731054744022756,-0.04754070128392053,-0.313768122288859,-0.20409058069291117,0.2752779266431782,-0.8385282314157261,-0.050542129060511094,0.22394711658989225,-0.5681533356619454,-0.32382902707943295,0.35466917748878296,-0.43532205371537047,-0.556621931862858,0.27086118557336386,-0.20109097992810493,-0.20453872801787984,0.5964163403055932,-0.8232670523801721,0.018319267594178665,0.6149873121398837,-0.4817387048810318,-0.345760060959522,0.5586374319476985,-0.31983255273209227,-0.5533316498629631,0.6165185886711139,-0.1274354710077095,-0.15721359705746005
L,0.0,0.0,0.0,-0.3476021173688871,-0.18702539463310214,-0.022101846476234793,-0.7574619984812903,-0.3745166852023409,-0.0249545994691251,-1.1003219110913478,-0.4998543139861754,-0.011225651139810784,-1.3725456041660402,-0.28959599918836987,-0.06386826621318156,-0.39028395777270397,-0.9924431753846513,0.0062447030980408115,-0.41226214167206554,-1.5364685238122233,0.005704399977629336,-0.4579200291717676,-1.8497573559856462,-0.11013564378406089,-0.5065783862578738,-2.142778509377707,-0.09733188289304659,-0.049963803380915835,-0.9970005626517745,-0.059105807022307354,0.02474304390450734,-0.6918288737218576,-0.3842168284411599,-0.06643473000461937,-0.5011887687201171,-0.6208438330267142,-0.025424202509733308,-0.32211248613366283,-0.1771403145565551,0.2692648834507756,-0.8989857462376833,-0.03773455542733487,0.30424680371553436,-0.5484047529664676,-0.41761852680035966,0.3309418942256379,-0.4261461916445101,-0.5281805037053803,0.2608626731467283,-0.3406854708505324,-0.2176821213559413,0.6208335004955456,-0.8672596731860863,-0.016333807676131875,0.6415759066664334,-0.5921195626685657,-0.3571854041183176,0.5980738929568304,-0.3233371059970922,-0.5958485518798053,0.6604531199204569,-0.19282081093988684,-0.19748270418624195
L,0.0,0.0,0.0,-0.29788062349090705,-0.1927480182029123,-0.030081627260307237,-0.6213608451111214,-0.3298512211030558,-0.015383527320637117,-0.9409583038848361,-0.5141137611711333,-0.02226086972697437,-1.2570793313357607,-0.35796571056756976,-0.07101458821745264,-0.32517700318218556,-1.008980138143557,-0.06673521198985201,-0.39846196827203906,-1.5274577268723557,-0.0003485860637813308,-0.3780650552169107,-1.7809754693248074,0.007835966893397564,-0.4199636362457917,-2.1371480375152294,-0.044545746617887225,0.023690268892925467,-0.9967241219816402,-0.0773291395252097,0.03346561424078484,-0.7083938954196843,-0.33273090019000673,0.058773690570271625,-0.5416896100957732,-0.522797453809072,0.01916889934880911,-0.27709149649025594,-0.2238065643592093,0.30657805958099366,-0.9233748952022528,-0.004685242997809326,0.352816613401993,-0.5685223633182119,-0.3519265816021854,0.3016605852068568,-0.4398928811658242,-0.5426267135153606,0.27254281764792115,-0.30722795080843723,-0.17758737865891408,0.6257186334050789,-0.8658919623908947,-0.0032068820275457676,0.6799797076804219,-0.5176234530934349,-0.3274691010907113,0.6767811835078689,-0.31431952079449066,-0.5405669109295489,0.6714339257461348,-0.19825252174706712,-0.1382045970561108
L,0.0,0.0,0.0,-0.3913094111279067,-0.192500788512046,0.018465328302099175,-0.6402847953926764,-0.364938148405863,-0.013174100074393695,-0.9908387890776419,-0.4837183260905096,-0.0026590953006445286,-1.2581545847190134,-0.40738498611078905,0.029572231705328633,-0.4162093530160053,-1.024618473135227,0.005464116090565801,-0.41640229640799614,-1.4874756398801674,-0.003183310968713748,-0.478186049536197,-1.7595662326456467,0.042396427507092806,-0.4911749411352178,-2.179856994520375,-0.0030580877326563376,-0.07242939981060777,-0.9973476093904435,-0.0071922240122303995,-0.09647844147092008,-0.700612680052163,-0.27507148397033,-0.05386205186871514,-0.5216438501794668,-0.4927848587423763,-0.06410317057499132,-0.3259282762943603,-0.09386789490942567,0.3178454401308302,-0.9987021439570711,0.05595516696723329,0.33066932171681457,-0.6455050622790219,-0.3012066431092311,0.32348904341039997,-0.4287147810108444,-0.4669312890499007,0.2685975579421215,-0.279776384559522,-0.17190342700925393,0.6355883742369755,-0.8603477193502318,0.065029517331551,0.5741387697325973,-0.563388900740587,-0.27285077335843705,0.5679901187514972,-0.370937575418649,-0.40071951067732886,0.5867247659692926,-0.23739310032851205,-0.12352452422035025
L,0.0,0.0,0.0,-0.4043545564225538,-0.21610727460751852,-0.014118602546813089,-0.6984844170243154,-0.35869160430216707,0.024890472427864747,-0.9739670155845189,-0.47187478898073165,-0.04737354483720609,-1.2633477411350098,-0.3195794939599424,-0.025885780230826386,-0.3844177928485495,-0.9226926278434266,0.000702721348046263,-0.4506749264666691,-1.4197415808323148,-0.02892084299471811,-0.4994779572981569,-1.7478252818287647,0.0313752902773066,-0.47102737093992925,-2.0509670139275333,-0.005313108499610323,-0.01857681170820893,-0.9997275143079545,-0.014135034573581956,-0.02302276894155808,-0.6074802969909576,-0.3461947191049955,-0.049937319977995664,-0.491387382873498,-0.5037847398886531,-0.04872948419306231,-0.29397508446731335,-0.16644873214557404,0.331976471736382,-0.8468488517060886,-0.026283631856555682,0.37017528537946576,-0.5786186141797113,-0.3571231170104595,0.28981767130601693,-0.454599701692268,-0.46281172086734373,0.2557729130114483,-0.29180573626371703,-0.14863908452076147,0.5309756779818565,-0.7827669071073449,-0.031102695478535104,0.6556755213115258,-0.47802996812278964,-0.2690728430816371,0.6425350101588687,-0.3383483335101195,-0.5522612469523634,0.5991453032430162,-0.0808728492034487,-0.12016051544842894
L,0.0,0.0,0.0,-0.35014442512447913,-0.10343166525310406,0.01757550910512601,-0.7341990517865122,-0.3176752328085357,0.009242266631083917,-1.0150005598239358,-0.422775073877142,-0.03023152116435214,-1.4087293853374356,-0.25693822109074727,-0.006325563820184026,-0.3773499113673295,-0.9564141303607065,-0.020498584242303875,-0.4238377636339484,-1.4810454677092593,-0.03526518979439843,-0.42679241086948283,-1.839098995382563,0.010962572265791936,-0.4604576149521378,-2.1797360473261125,-0.05894539366289134,-0.055320399409062776,-0.9980691611975805,-0.028241863882893098,0.0077061409870611145,-0.6209777971223943,-0.3239130037697722,0.013587332294351924,-0.42464010791970513,-0.5315370403801021,0.015363977803583043,-0.28205368483106596,-0.2351764204452465,0.3116304052776341,-0.9138657679456849,-0.00016078825373233146,0.4073134777974657,-0.5275935847037192,-0.37783629448657147,0.35921912294310415,-0.3805154780025132,-0.5697817067952177,0.3081997543874492,-0.16649229320517253,-0.20335949331584968,0.67554444106655,-0.7896579165638713,-0.03943980663332191,0.6866856708072522,-0.43994260116706413,-0.4192094483928659,0.6777084090078462,-0.23554166577460683,-0.606345095197892,0.7227341970644603,-0.0691162750229632,-0.1812417717184406
L,0.0,0.0,0.0,-0.3375602069108611,-0.199827089071578,-0.005810600449983206,-0.7586726070739643,-0.3476379858854177,0.045829677105910245,-1.0795206457430553,-0.5490898730175914,0.0728655240675134,-1.3966327366702171,-0.32081649412364216,0.058443717116734704,-0.33058731807925185,-1.0653820446141349,0.006557955398993006,-0.4613754623250749,-1.542360892848098,0.06752918363075777,-0.4275097883616661,-1.9166006953582837,0.009246323560287985,-0.47739420690290546,-2.187493788589511,0.07485482586701599,-0.02496590839584993,-0.9996678693396452,-0.006391746858561927,-0.004771577280832483,-0.71440946761074,-0.3250808611110886,-0.02710481358320247,-0.52283190683227,-0.4843447360813569,-0.02819962881483475,-0.3415297959363433,-0.10494875233751813,0.2968802962498431,-0.9530165391117498,-0.009146875441025472,0.31980511687794494,-0.5818258654699766,-0.30403031144528914,0.3390970025421211,-0.43808183096017667,-0.5074547687729515,0.3441751131484275,-0.2811894758987171,-0.18967707801951267,0.6404738733547295,-0.8875938914470292,-0.013765559390676314,0.7364767602537924,-0.5459831437873593,-0.3445176822094861,0.6719601789560792,-0.3692716285290759,-0.5029658731167717,0.7047740694541564,-0.16593196385166126,-0.20859222729340707
L,0.0,0.0,0.0,-0.34836611614719015,-0.14421643136690604,0.04378938389617993,-0.6252044999809394,-0.30717539163972446,0.025473778505813678,-0.9930679885601325,-0.473946367266702,0.04673784789889067,-1.2632033501338962,-0.2752196092245491,0.10591775406223056,-0.3857028689515457,-0.9544795621520488,0.10655396143976052,-0.40249520612993644,-1.3833746843556967,0.06287328864131558,-0.46890390022053846,-1.746203256086188,0.04488501751052522,-0.44019338695743165,-2.075819973351574,0.08382847000894329,0.003020240205179136,-0.9997009710189063,0.02426616354017923,-0.06591734235598941,-0.6538134779335811,-0.29019153949632986,-0.06475699607470668,-0.45292653678083905,-0.4015926452825589,-0.019206655913361802,-0.31074817515997366,-0.06435841310255777,0.3140590401840284,-0.9026717482135523,0.005682212449785592,0.24693278873158703,-0.5652848926978025,-0.27158065422226313,0.27815994028090296,-0.37647695215210214,-0.43431183853319627,0.3055575023899903,-0.21965286844884152,-0.11960302004873721,0.6396379211460266,-0.7981049195966701,0.06837677261792453,0.5916517305765592,-0.4872915168429264,-0.23044731980207075,0.5899321242251518,-0.27066339602846645,-0.4286332181270905,0.6138093847535351,-0.07034588574952962,-0.14062319461644585
L,0.0,0.0,0.0,-0.3608010810016617,-0.1560568906109621,-0.06516668749098194,-0.6142087492646391,-0.26740256680866176,0.0060849173866911865,-0.9878527396087555,-0.5610573636688412,0.007985645846001066,-1.4015025559075223,-0.3241157467401933,0.03979958113632118,-0.3851797315466718,-0.9746551054009238,0.052405296229279384,-0.3883415482518651,-1.4878589119636458,0.003344936069501247,-0.40001545261265026,-1.8106665909944115,0.006795341984258665,-0.4609791612006091,-2.2150212484379392,0.0017327623624769808,0.01168453527869634,-0.9986764104723669,0.05008890896545329,-0.01381298489101381,-0.6172162597967755,-0.2827541239598625,-0.018956567538474148,-0.4779080534691091,-0.453673600784044,-0.008885312295671103,-0.33666268083476814,-0.1937785601622569,0.28109486498415415,-0.8741447180569337,0.039423579467099554,0.33442100978423883,-0.5678909449878319,-0.2643736289968642,0.3388734484675446,-0.4642769199271243,-0.46565677875853045,0.37463982815113034,-0.2596982390749794,-0.1484606306693462,0.6084571125822241,-0.83946839885145,0.05720832096954234,0.5932289085871222,-0.43831391332011016,-0.31746331615693996,0.6102903279639923,-0.3458201198548455,-0.45427098936604815,0.6656183325796935,-0.19599916651295077,-0.09046705351491176
L,0.0,0.0,0.0,-0.38677381529290467,-0.19669269224541683,-0.0025114293415060226,-0.7205569613888004,-0.3340828792931307,-0.009087614329711302,-1.0935793772651752,-0.5520844916578309,-0.02421169163443064,-1.4634949226953622,-0.3150892177530047,0.0035559746861984305,-0.37002394323613436,-1.0595612860635033,-0.0794134378249136,-0.4043316348383602,-1.5801570894834742,-0.047372502833951065,-0.5917310721289569,-1.9065431401861899,-0.07748268373717088,-0.5071722804148462,-2.2087375732276455,0.000688999925999085,-0.012295273867966085,-0.9992566535856773,-0.036537193450861254,-0.003680260397062491,-0.7197625722647294,-0.41659025601997923,-0.07840167378832576,-0.5355261157448516,-0.4970264773069245,-0.0016449223407431776,-0.34422083384350755,-0.19592890013071657,0.3804515202751187,-1.0329828007153858,-0.072210237135574,0.395311550449328,-0.6381673508836523,-0.39530183797837654,0.30049385404573326,-0.4517171768323225,-0.6100820920658183,0.319559112693089,-0.2842704493472016,-0.17958096399089687,0.7006985371989572,-0.9194849772039799,-0.0410159469594831,0.6205807417737891,-0.5567538259598439,-0.34945245358593263,0.6597573895114786,-0.3321648236425308,-0.5601933461463903,0.7446973068701596,-0.17389185389713993,-0.24740396945500295
L,0.0,0.0,0.0,-0.39748616674156056,-0.09871259057148227,-0.03934330671207212,-0.6857954163785499,-0.21785966047689165,0.02650529181798479,-1.1179637682256447,-0.43975206462550764,0.0571761667263882,-1.5237573993414841,-0.2810109310516375,0.0038731939838725113,-0.42622373868530844,-1.0405578953167207,-0.010129970349171832,-0.4434174331056736,-1.6162501505554263,-0.01292268546467457,-0.5196825265055292,-1.9335387180356565,-0.012422441613383997,-0.4857668751750848,-2.288604330824534,-0.034016874831432654,0.02091054534216664,-0.9990085681794321,0.039301778554849495,0.061542909362565686,-0.7000750988826239,-0.37116965965913173,-0.0088503687231444,-0.43823270144652976,-0.48388078719911426,-0.01216853052918309,-0.2330481765167336,-0.15572054002129826,0.3566876282654991,-0.9159774251476448,-0.013951142770619662,0.37898916476958694,-0.5545021979802002,-0.40507318626629285,0.3684923868213151,-0.3298256635890176,-0.6100298511013895,0.34515328721770777,-0.25049890526034685,-0.2861497646711031,0.7005703839585918,-0.8186341129549727,-0.016709583331391366,0.7395272508196354,-0.4489415163792399,-0.3982205967792777,0.8036628430573549,-0.2147074865684065,-0.5442242127254849,0.7289601168497015,-0.07248477220783331,-0.128549525180229
L,0.0,0.0,0.0,-0.3597757905093372,-0.1615499806436178,0.027891899837451925,-0.6418842299466216,-0.3196217403085071,-0.020215360624639727,-1.0459536622956855,-0.5307523586152469,0.05885481700679464,-1.3259922432384021,-0.2846405918742905,0.031210075717941807,-0.33101083647161345,-0.9825307522736195,0.05345200741759533,-0.3694101385461013,-1.4947737283331852,-0.011206948532001937,-0.40411499358167247,-1.8006192695451642,0.022561047477285642,-0.4128692938081958,-2.1998438617353924,0.09457445703935854,-0.00803799971375221,-0.9999675641692459,-0.0005110479690065827,0.03288885165089482,-0.6451618087782359,-0.3272959421816256,0.008729430969778925,-0.4710830633352802,-0.49195126288125895,0.02862192351401856,-0.3411692382776437,-0.11029443685975335,0.3298381803628317,-0.8765359658597416,0.017146275277502523,0.31583913339751996,-0.6072110655378713,-0.32359044072191234,0.3289294929894559,-0.4018294871317094,-0.44183570978154485,0.29681194089849533,-0.2364548803009994,-0.15421770235881374,0.6433988405504637,-0.8236917473891597,0.05610796098050008,0.6741896278209709,-0.4753707353405005,-0.3295981624957527,0.6564964925283828,-0.3255090812434996,-0.4841782120988996,0.6820749787053766,-0.11361222947280425,-0.16023265798403968
L,0.0,0.0,0.0,-0.36941234024104314,-0.15199068166566954,-0.11600547083685017,-0.7009869650113497,-0.31395199831962756,-0.06424372445127412,-1.0916430155108479,-0.47648469553331335,-0.054315327076372176,-1.416848022064614,-0.3458394998383731,-0.007213942775621441,-0.38722751186218146,-0.9943016342279017,-0.05703460207634591,-0.40204219612545855,-1.5649380375986681,-0.04547396395172975,-0.4316537835371868,-1.9096045422499432,-0.03227337584389475,-0.49499026739423935,-2.3038750831868327,-0.04122067844644988,0.004715725821758502,-0.9988288159973524,-0.04815348651241193,-0.0027029721757003055,-0.664770395524169,-0.40670908915947834,-0.0030015985495195734,-0.5528150639240413,-0.5039232853164257,0.009447133597807461,-0.34304659209424193,-0.2175814095820326,0.39498529022967993,-1.0554920552715588,0.03654469329765637,0.3242761486966329,-0.6120048184267471,-0.38080016752818235,0.3645514413968817,-0.4584492040510865,-0.5711056084833386,0.3104920537255382,-0.21109442308566667,-0.18934994120233012,0.695620909131527,-0.8432628662789945,0.01025543734913511,0.7235531149190337,-0.5091259593001086,-0.4064793895022598,0.6749615399377928,-0.33575089394016766,-0.5484008280772603,0.6709983591884475,-0.140307249580974,-0.17043155016335543
L,0.0,0.0,0.0,-0.30778435530611786,-0.17973603332347254,0.05011639360372949,-0.7105815906327477,-0.25902266437858884,-0.04861481173846625,-0.9955861937525604,-0.5072949515018553,-0.0768345796570057,-1.3413775012917062,-0.2967991151929622,-0.05136488176783435,-0.3050943849185621,-1.0069313356105696,-0.018726006701922718,-0.37442448058182987,-1.5006955441479932,-0.04282548849991605,-0.4410021330012182,-1.8215675728715153,-0.03956037419869911,-0.4453121856177984,-2.1790733649298306,0.010729288368025506,0.03779215526889073,-0.9981349440109978,-0.04794149084347,0.002767437904900587,-0.6494163356935999,-0.4043101729341007,0.00966399677574933,-0.5311929784033779,-0.5736169634579199,0.04617117725126732,-0.29817089439601724,-0.25401637530608184,0.34637446534315824,-0.8931087608853229,0.0003742271422711371,0.4102783116175427,-0.5860118838737772,-0.4077283626913383,0.27586207317454753,-0.41139065840096517,-0.4942624352349145,0.4620877067395974,-0.23702969406087124,-0.20558270746267818,0.7097145197666469,-0.813253838377988,-0.024587771545057886,0.7497799106355343,-0.49572338342839006,-0.35573940232521567,0.6487727938782598,-0.37377109471106623,-0.5377440233191951,0.6920132214940823,-0.18806853703734722,-0.20349439042508835
L,0.0,0.0,0.0,-0.28018038272228024,-0.1966529522438919,-0.005077283980211262,-0.5933342479129857,-0.40671337780896244,-0.019287460709285175,-0.8977900512796374,-0.5320587016706361,-0.09033057238613618,-1.2427580363414328,-0.3590870708519378,-0.06999144224066312,-0.25412475746238145,-0.977373969371963,-0.07857477211356485,-0.3627772157233587,-1.5355391579378423,-0.03492178002554174,-0.34968019748841667,-1.803926491835815,-0.05410612522268636,-0.45900305943192743,-2.09787272967951,-0.024504108087932082,0.05734476402885568,-0.9982610241374956,-0.013656709941747109,0.06689890186403492,-0.7384418895806194,-0.37378926491644937,0.06820613720325058,-0.5097231060142762,-0.5123175837624052,-0.006664685002948372,-0.3315268593536008,-0.2204289097340418,0.4078083722000175,-0.9494017897465619,-0.04538135981787757,0.38129275186957584,-0.645158495147324,-0.3509885938818626,0.4023718406976327,-0.4755232100517325,-0.5349484021380433,0.35206910912334133,-0.3143892087341956,-0.16506573055689996,0.6645234859143654,-0.8711084094209453,-0.10604000040255922,0.7024106863209048,-0.4941000827053871,-0.3498300215972951,0.7482025606396125,-0.35182378243360135,-0.5485637089499056,0.66877757596653,-0.19739872358554006,-0.27541127409502264
L,0.0,0.0,0.0,-0.4003739540958514,-0.12968061882234405,-0.0018209236447785998,-0.602895336854535,-0.32922421331235263,-0.0645639156641597,-0.9312197519284406,-0.4752188193219613,-0.042620926393484276,-1.3096490724850798,-0.31181320430886467,-0.06605094511169327,-0.33507329649138823,-0.9502184237520147,-0.06047357974716232,-0.3757396581459044,-1.4642409889205563,-0.04728690481417197,-0.37922238322578095,-1.7309918308803787,-0.031134335557731,-0.4868185546444093,-2.04806693465427,-0.016706271071948532,-0.05391548967333014,-0.9985008997158515,0.009437862041790748,0.05583695242753953,-0.6284794979057182,-0.3511656400972235,-0.0402937330237985,-0.4567678479515667,-0.5925139272906391,-0.00808772770015927,-0.3828638498008853,-0.20711202184337243,0.3345369484039499,-0.8763963349071279,-0.09090171567469257,0.33723589590266667,-0.5432325031558796,-0.3607138516114995,0.2805406531631645,-0.3954329581523665,-0.5790317843696409,0.32156511841630303,-0.2540066560367731,-0.22349533338591343,0.6546080921890204,-0.8367035240981219,-0.01828474101259528,0.5988204970307455,-0.5029597162004059,-0.33049157299941284,0.6257339223745276,-0.3136996893230426,-0.47321022250139905,0.6090413867740064,-0.17403812246552658,-0.23239127828036105
L,0.0,0.0,0.0,-0.38596829692028733,-0.1563410869051844,-0.06400251122610663,-0.7787720406335727,-0.35072773519198697,-0.06192938610261903,-1.17592059307389,-0.5303437142460993,-0.06606891881284345,-1.4445565990469826,-0.38803237657051526,-0.07132734755878956,-0.3360042868557708,-1.1019659148413148,-0.03920011591405059,-0.4396622709848682,-1.635672410812091,-0.040984985141918714,-0.5507587981343057,-1.9904583143322947,-0.06488183954827019,-0.5825280943481254,-2.4069723070227838,-0.11025259926720113,-0.031140676741516327,-0.994154006027946,-0.10338312507690461,-0.09791156808981553,-0.6686003284479795,-0.3980103563546454,-0.04069583276543254,-0.5160182285660835,-0.5573288472773392,-0.03271000300624574,-0.3439232305093983,-0.21207678844662908,0.34206669802747386,-1.0078489001426507,-0.08365823012554043,0.3024146276594249,-0.6543974583026836,-0.46031339516682496,0.33139539017581315,-0.46889899185657796,-0.6092419365641947,0.3761008563907709,-0.2835333529142744,-0.24565992532037306,0.6399570352029283,-0.9519545977207655,-0.0879896259430463,0.6972605156379764,-0.5658188593753524,-0.46584931098181126,0.6485330752909335,-0.39293052720636634,-0.5228486676565994,0.7041443339437723,-0.17088210879500207,-0.21602997638526805
L,0.0,0.0,0.0,-0.3210550253838119,-0.17169679927961262,-0.04066198767374107,-0.6028515741091136,-0.35042844644801147,-0.04020357767536961,-0.9663934919684993,-0.5192508343113436,0.027118314931757544,-1.3415246058899601,-0.32567707419024716,0.07874113195247606,-0.2956052188805927,-1.0081004891119625,-0.023769536587000428,-0.4012869374867319,-1.4749512148039274,0.025046480446596103,-0.4634795313476883,-1.8416794389873459,0.04791682675638092,-0.4766377992487109,-2.181673636617187,0.0179850400265934,0.06008156201993603,-0.9969976679831524,-0.04884522434588981,-0.006003779529625816,-0.6546984410008074,-0.3632609861323338,0.02677622786916778,-0.49994892366716515,-0.5352278724257689,0.031175905839005286,-0.33051803543936226,-0.223819424854116,0.3783863624008897,-0.9588591270637804,-0.023005859644528174,0.42503672269189835,-0.5843105772426487,-0.34812475945747984,0.34190586715972754,-0.4394623358319144,-0.5072359529091469,0.3638895673154464,-0.2745429477746829,-0.20496098189632103,0.6762101816946796,-0.8204798319009353,0.0400018558987041,0.6735355911691383,-0.4786886953826759,-0.3388229652540128,0.7163111904138825,-0.3603390883952361,-0.543621415249272,0.6850651850913538,-0.22098364053507905,-0.20863377627859425
L,0.0,0.0,0.0,-0.32691683503175784,-0.14296949445692256,-0.03643223866705558,-0.6875352979747048,-0.3501737876330969,0.010556198847328864,-1.0114253270216933,-0.5457813630872299,-0.0020493276915789288,-1.3499750595512512,-0.37972212375478276,-0.04851274022454315,-0.42300053185123354,-1.030990131128219,-0.0010307665269774105,-0.42264080090198786,-1.5437272947443847,-0.02168473695053613,-0.5215217458761784,-1.829102137116539,0.012980222128757872,-0.5142213643026439,-2.2041081044679975,-0.007862257261273377,0.061638106756862536,-0.9974352399792867,-0.03638249363213584,-0.017764548216998154,-0.6891483703005026,-0.3789331127729362,-0.017480572989111803,-0.5298980792362127,-0.494039472708707,-0.02617741660692498,-0.2863040401014706,-0.13479131236657835,0.3640738843845378,-0.9773169212628178,0.004703468913199369,0.25651537254748275,-0.6415755034262052,-0.35464294870942203,0.3131521019496625,-0.47831906417858894,-0.4167205357673847,0.3675232122985016,-0.30456167174198023,-0.14495188197431688,0.6415581220400429,-0.8061530147865227,0.008555353525765589,0.6245032836311702,-0.5277709376898573,-0.31986737421492434,0.6091402424754953,-0.32885423439864486,-0.4551613808171056,0.6094252784584844,-0.2650299739106142,-0.2330728639669067
L,0.0,0.0,0.0,-0.2910018614956135,-0.18807282949888438,0.003889090284510424,-0.6878820273340163,-0.31380338966359805,-0.024586848202484485,-1.0494565643657787,-0.5221135307903164,-0.04975789407207794,-1.3469484235795282,-0.2976282873553355,-0.03081323651472239,-0.3628092156692982,-0.9920401002783525,-0.049031052958862814,-0.4130577929186605,-1.613412340056248,0.010394288477721543,-0.3665816138240676,-1.8923826722502153,0.02765371589862554,-0.5026546227965638,-2.2108868000921267,-0.05205461847375547,0.0037914712877436378,-0.9999678461948587,0.007066209867364439,0.04559703796624786,-0.608818916775406,-0.38548202459341363,0.018706403377993976,-0.5160478029054479,-0.5910530350153673,0.04693808220054546,-0.26461393359757024,-0.25004363313410705,0.36079575672641995,-0.9411763362201322,0.019232666876544267,0.33791433252957137,-0.5504569419779375,-0.4242781050245346,0.3705454867318429,-0.38770511538265107,-0.6154010481765225,0.3537175626490594,-0.15005310478922898,-0.13880702159357058,0.6921119307985856,-0.9020081033174886,0.015540709085759575,0.7026192232310894,-0.5527379350507533,-0.3425147189735138,0.7031280441997795,-0.35017711946849067,-0.507362802596172,0.6951240782838737,-0.16546084077455406,-0.13650611208433883
L,0.0,0.0,0.0,-0.30621603662788366,-0.07372936205713941,0.0777225714007149,-0.6360288919858803,-0.34837076968466724,0.011278656788691062,-0.9237636556991728,-0.4946008713059243,0.007679775584737265,-1.2779307431120726,-0.2747419655908829,0.04775441533915497,-0.25362367918811707,-0.9713003141258894,0.07648598263067954,-0.3385796277061361,-1.4577014036708291,0.11674402300586313,-0.3105800820383381,-1.7643710019482999,-0.030046362123700907,-0.4023515090593386,-2.1168861792694145,0.013789317335623354,0.07164150817226829,-0.9974181064857368,-0.004961366869122616,0.04392332794991073,-0.6281609995758521,-0.2875162445455409,0.09801935663569766,-0.4669906870538434,-0.47400762519298684,0.013367060462906814,-0.3656773893514618,-0.1429505524089642,0.3774143632462556,-0.8481817165386577,0.053161418531798905,0.3220152003787381,-0.5671159643217154,-0.26765196334786207,0.38925722361266346,-0.41392727584133576,-0.4621124142855809,0.3152019844959193,-0.27286474890212753,-0.1389617050594028,0.625938689038482,-0.7899207676628307,0.019590619653054822,0.7129084643367529,-0.4546896571361238,-0.27830357154042096,0.6598115753793357,-0.2879114911392049,-0.4796884584015226,0.6572655545235072,-0.1960831040918463,-0.1205073050435552
L,0.0,0.0,0.0,-0.34666893596116116,-0.07917449916907339,0.04968448126974978,-0.7419788884202496,-0.26950050317269203,-0.01698014954681506,-1.0081323656740573,-0.41824658451709346,0.03442414191903741,-1.3415040423447657,-0.3505868503742513,0.037509749947017654,-0.404011134438982,-1.0005402142971216,-0.01766105946426734,-0.492878431589238,-1.593479300991314,0.034699972830836694,-0.48761184372711375,-1.9047197113533936,0.05937083038459217,-0.49674356747337167,-2.2555564958834347,0.012237696246153576,-0.02394762343607157,-0.9977749063503765,-0.06222336851426078,-0.050546399128512984,-0.6079511571590304,-0.3698657934868561,-0.03339951469000418,-0.49690011312408544,-0.48362732658642804,-0.009744605537145406,-0.28173499757472764,-0.15580477583172225,0.3234951695604008,-0.9566914942291634,-0.010438729869803015,0.1956420320774985,-0.5993412665763327,-0.3452111247838138,0.26754376526172857,-0.47206212340882386,-0.5264719794898106,0.2793827413324864,-0.22415826743622935,-0.13221790117889098,0.652590257842217,-0.8175912013283281,0.03395932713270049,0.6179413721353018,-0.4651845342218826,-0.39386695305122676,0.6221414263445244,-0.2888148733329536,-0.5047796509420398,0.6287455908403452,-0.173210539226598,-0.18350846874297164
L,0.0,0.0,0.0,-0.2786526620356658,-0.2571284923911242,0.013744903418066789,-0.6359086423706206,-0.3578572305159058,-0.009772421667842972,-0.9516943990128555,-0.43652244614798785,0.029983440535239603,-1.2702633652947304,-0.37779447577481234,-0.0064392927236881885,-0.353572185227796,-0.9206415374405249,-0.004313958966853457,-0.4247098507497159,-1.4385784361982934,-0.01277228692607747,-0.4246145644540383,-1.7208385516343052,0.06123472756455588,-0.4291578177952018,-2.08542713760057,0.013773967435817007,-0.0020901522358911513,-0.999816346295936,0.019050064122617567,0.025081090163553248,-0.730770755746545,-0.22254317196042186,0.008582705833934853,-0.559388182077052,-0.449119117891775,0.019534912093873973,-0.40272130326071787,-0.14421556660999854,0.2754079754842461,-0.8924737047329537,-0.052355611850045315,0.30537210504270174,-0.6237140142848524,-0.2977285885359585,0.3076773079675998,-0.4142975172960643,-0.43409756220052564,0.2510136494126711,-0.2628572430142989,-0.13172906378687477,0.5935820959139751,-0.8262599791344821,0.011150701535501416,0.5743618948409237,-0.5431944300075001,-0.2357457108472452,0.6129641917034635,-0.33095550645684263,-0.42390579671006146,0.5830957493165232,-0.23201133587927614,-0.145532576575154
L,0.0,0.0,0.0,-0.30627194057842827,-0.20253842571746578,0.03739965659909949,-0.6894339349704114,-0.3668063996148125,-0.005757648026328007,-0.9884939420570263,-0.5117953494262334,0.029994791359410543,-1.3531197872143887,-0.3642770013505108,-0.014180523133495616,-0.309363456752561,-0.995837628680636,0.008500613620669844,-0.45309119428897804,-1.4859175528543989,0.05809532588266609,-0.4632885561917263,-1.8137561443727972,0.036804045864698216,-0.5045552570218195,-2.2521518798951985,0.0370471192905378,0.04419061823171281,-0.9988393889434307,-0.01915892364965199,0.015455973362346389,-0.6649390300107932,-0.3253893115650699,-0.024720747746541438,-0.6056414227021022,-0.45576343962580357,-0.06502029733125465,-0.36769472296808603,-0.19611190108596702,0.27313127990886704,-0.9572053160635248,0.08792173861810659,0.3188168179885157,-0.6533820401494469,-0.27109028894934056,0.3268991803226531,-0.43185678202605055,-0.4781038867997307,0.3643624719065834,-0.30934899146493305,-0.07799882294171627,0.6601362375856815,-0.9100240383974524,0.046147323196344146,0.7235305618567874,-0.5378392433135618,-0.2785028926364952,0.65184980704127,-0.35293069377004893,-0.45806369417759113,0.6727881136754267,-0.1252635523466874,-0.10701123663888655
L,0.0,0.0,0.0,-0.31529156006810244,-0.11476288715768208,0.015406343289420428,-0.6358201803571085,-0.2663402058857724,0.04791161643218292,-0.9371086728233111,-0.41992561167592046,0.04723919120424514,-1.3209048079704346,-0.29171626579822046,0.07290659588665054,-0.344041251645839,-0.9981666768856922,0.021943989384083186,-0.3425203655439022,-1.4650995815275178,0.010041445765460181,-0.45039731815866685,-1.7972837821345344,0.020501896508952695,-0.431249801364512,-2.1115410953388096,0.046307486602354724,0.027279218250227475,-0.9996258051771542,-0.002023332790872277,0.0660124726163643,-0.5753612846046441,-0.2753799922851523,0.028564876307181512,-0.43692550027211985,-0.4667315337494298,0.07431353886710365,-0.2609717431881879,-0.09526984676933437,0.3882102622262096,-0.8960867060839101,0.04840203094179854,0.3981530841462449,-0.5528216599220971,-0.25872744118557894,0.3878064231390904,-0.40935146004984946,-0.43690647010185024,0.4143411156190005,-0.21300772003236307,-0.18267620335254098,0.7140788275194287,-0.7560974151616423,0.009582930766314548,0.7391161449782594,-0.43092740261473084,-0.3705115101057169,0.7309428532942013,-0.23920661096910759,-0.4961831401926962,0.7467171066657999,-0.12249985860774637,-0.10903112227546786
L,0.0,0.0,0.0,-0.2975255665140294,-0.15635814432367878,0.0024447951998610236,-0.6885925375466704,-0.30806349229935476,-0.00628228573418186,-0.9911030615084132,-0.4672711785336123,0.00415167667869554,-1.4044973195285109,-0.3979038550515908,-0.030222173446010792,-0.3275884840780268,-0.9965283895051336,0.006637503212256162,-0.35729219146758046,-1.566871584896756,0.0538871250331039,-0.4631328866756799,-1.9778446276255333,0.018315749662619802,-0.48521852823080275,-2.2555034109866363,-0.0051386386519294775,0.06185872135429393,-0.9976129438045888,0.03069060028664063,0.01075911633463573,-0.6760061325068729,-0.31435173308012765,0.06208650056501082,-0.4978968648215822,-0.5203666266869473,0.001253922114183388,-0.4188137439585223,-0.18221308738385947,0.38017830797352997,-0.9891325580914381,0.09521340425234588,0.35614956672495385,-0.6083846534154932,-0.35339403393107455,0.3642649648567569,-0.4425294816376112,-0.47627211069808995,0.3926177224503718,-0.2758874518607889,-0.14353759674410194,0.7437952979562047,-0.8873494106445481,0.012211710311344003,0.7377407958843935,-0.5085045020305771,-0.33592240022766484,0.7548386135813114,-0.2996765756360549,-0.536606083314733,0.6770156405326145,-0.1753048116565646,-0.1865740998698356
L,0.0,0.0,0.0,-0.3100764800874754,-0.19429051535033115,0.022786240076619398,-0.6641487281505747,-0.3377979122146005,0.030135893375931207,-0.9940585688571051,-0.5349103663334034,-0.02425665493373315,-1.3156093409594272,-0.3761784374343992,0.044126170389978486,-0.321533207152093,-0.9948879974870013,0.05316659612499804,-0.3992671624653997,-1.4831585986885885,0.031179458607353636,-0.42310155877809963,-1.918142661758383,0.03351100126533033,-0.4324686280111335,-2.1802962077394086,0.0069427459726481705,0.016461022918165837,-0.9997854695262381,-0.012571779853588433,0.08342906482080846,-0.7211397794914077,-0.3287941638350104,-0.011333086359068798,-0.5101042809604523,-0.4592681914951009,0.029488874152268505,-0.3511807423871831,-0.10201085265800508,0.37842153047233434,-0.9350136331737127,-0.016125596822137978,0.3784637476946638,-0.6270252299652452,-0.3584708021496009,0.31439973665309345,-0.42664369729180895,-0.5046621131442589,0.3588361314288136,-0.27877098777818277,-0.12040912369741905,0.7583654683422021,-0.8601246725746069,-0.06331972948509491,0.7255596714845692,-0.4849336672235227,-0.30234896641053266,0.6574334583511324,-0.39040653471365333,-0.502227684303723,0.6909306061714695,-0.21481529908641217,-0.13798908568105306
L,0.0,0.0,0.0,-0.3534129006317438,-0.18347662081943808,-0.0033873542228139188,-0.7202513243237304,-0.32569983099468014,0.010262431995089074,-1.088874210356021,-0.5360718333412726,-0.021764152467505023,-1.3501687059612835,-0.3122664394974309,0.014033016711399842,-0.35739329508134327,-1.050707220508027,0.004370561296306226,-0.43341953687043255,-1.5541930564569069,-0.00045710997107656603,-0.44357101809712157,-1.8661923946974452,-0.03019795290993473,-0.47537961375654775,-2.202101417418777,-0.07474234280065033,-0.05132495977308892,-0.9969530741808121,-0.058739393814700544,-0.013844437329265331,-0.622319371050209,-0.3674761402943272,0.017596983951972955,-0.46776134668113406,-0.5053750379035288,-0.0005943721215941602,-0.33267344859663167,-0.16299993521681905,0.3193446536788433,-0.9345812832595525,-0.062119816334705265,0.36552235553977214,-0.5447917122614057,-0.3318150045391291,0.34664474689891983,-0.3243650993834662,-0.5906687859319368,0.39919182756269855,-0.27852809705051734,-0.12218841126709255,0.6562121078298728,-0.8247270516710657,0.00030283921690594184,0.7394903497567278,-0.4356934709832269,-0.3432429948808196,0.6958928549818041,-0.3384187799251626,-0.524534487560735,0.6642356698305185,-0.11786773808234326,-0.17176556523472236
L,0.0,0.0,0.0,-0.308918309885107,-0.15219467303234396,0.013795713981570574,-0.6881594454088845,-0.4015560110913448,-0.03540947966921635,-0.9086544751064478,-0.538258201728366,4.535441292133738e-05,-1.2869490017793201,-0.32045401941212964,0.05822319820471436,-0.2995207810917867,-0.9779988045727597,0.012897922072081413,-0.4187711615483867,-1.5170598760678828,0.029674973951553215,-0.39349367051363016,-1.8439585516050108,-0.012242302800813148,-0.4183015308684273,-2.140233396884698,-0.02439323074828082,0.014508263712646796,-0.999854823464066,-0.00893545072650384,0.04926495137823687,-0.6518336402087027,-0.3069036431569798,-0.006955472652652816,-0.5208054977903259,-0.5333799516894309,-0.004031669067710805,-0.39562113282054356,-0.17997159798519896,0.2656828503725398,-0.9616919578579886,0.08979749593053575,0.28991272092804216,-0.6530916867872303,-0.27224743160433534,0.3402349914413677,-0.43963524770512874,-0.44277673528036504,0.341891268228375,-0.23869138261193837,-0.1822029791317887,0.6288606872259747,-0.8984285274032017,0.03946895116074225,0.659030893775452,-0.47720792181869026,-0.26415180700824104,0.6509145664386041,-0.4278036105441495,-0.46273318810010333,0.6165601187573444,-0.20705735320952032,-0.1261936317569673
L,0.0,0.0,0.0,-0.33892147093036107,-0.1030657875636147,0.034008507457182834,-0.647166626336784,-0.24767192866352486,0.056823952408810385,-1.0235445629803535,-0.508375076423229,0.06489432922883016,-1.3199610714645498,-0.36617939229240537,-0.04374025705283114,-0.36154522004682166,-1.0114668290446083,0.04201666839571119,-0.4326447595857823,-1.4502307887680346,0.06893069320096437,-0.4495589491286105,-1.8349836749436206,0.03597671295468211,-0.44169936563837053,-2.1427680016770125,0.03254201033271158,0.01374804264140122,-0.9998800191164793,-0.007137134940528866,-0.02735322879267522,-0.6896350278064075,-0.3222036211113393,0.005148069288972517,-0.4550235608186602,-0.47570331214073835,-0.017648356191968886,-0.29076079357957935,-0.11324319943217111,0.2779175718912367,-0.8553132783865653,0.02757189683192776,0.3211919661237193,-0.540149814648658,-0.25689652895544457,0.2413885680665832,-0.37020340773381794,-0.4778279118801436,0.27616140078796475,-0.2545400273778994,-0.10611302851779107,0.6248943107638992,-0.738594694541059,0.024874820789039187,0.604475372910308,-0.45099686882861467,-0.25030908191446427,0.662442252089599,-0.19462394689605,-0.4592131149100224,0.6818752510703894,-0.1441774464124742,-0.16139938678390428
L,0.0,0.0,0.0,-0.3240228985498239,-0.162632506208097,0.0059335679829001925,-0.6942989654621735,-0.30543899498450344,-0.004284458028442477,-1.0377662876944562,-0.4714426504036238,0.01387777317113549,-1.3109285219570261,-0.34443998302014406,0.039440968230471864,-0.2087027498664572,-0.9391190453042568,-0.040749658686774756,-0.35567058478311026,-1.4951975230407701,0.007505664437817529,-0.3886830669692375,-1.7827752915938568,-0.043015748400304615,-0.4862919518746943,-2.182659365276443,0.029392479439372707,-0.01510654335880813,-0.9994740130333598,0.02869650882493869,-0.025751680030977657,-0.6972890027044902,-0.30335098618398654,0.008333478584930228,-0.4203916936447186,-0.48276669298977576,0.054729823045595524,-0.36173032504912495,-0.15933667164937992,0.3511303528429798,-0.9779906703313999,-0.0018946365200894438,0.3270816808252027,-0.618263278669486,-0.2961353349683677,0.30498866440507694,-0.46262874038347146,-0.466389025368646,0.30074025330162274,-0.3280234182712776,-0.12402182340905196,0.6701368357139098,-0.8407449513679587,-0.00832421995128698,0.6871755533155823,-0.5058545327657707,-0.33839841302908213,0.6498066108522902,-0.31008833341317954,-0.49380293648162243,0.6337897241143428,-0.1518855809122207,-0.15107140877663336
L,0.0,0.0,0.0,-0.21285804008083944,-0.2315132526934106,-0.0003770270133386314,-0.6740599421997536,-0.4065141007318192,0.03489738819427253,-0.9962360055188276,-0.5120042187466242,0.016549618342035697,-1.3314864182335409,-0.3164461482038903,0.041523788795067185,-0.31521983981489865,-1.0918549191597022,0.007215812005166887,-0.3708775273582212,-1.5520465120199978,0.008232338157076413,-0.4498045496759115,-1.8977271152174051,0.038719954932428,-0.47527104489065747,-2.1344937456227924,-0.005856645617136834,0.07459795362676806,-0.9968936776673175,-0.025261447734224084,0.06683448198854339,-0.6560889096395435,-0.35158173753462935,0.05016920514401519,-0.4983895576343593,-0.41769344357642846,0.06146236845614556,-0.2715183551322932,-0.21350563216800023,0.40715448962134376,-0.9783460528400683,0.03780539759720715,0.34466988670267884,-0.6471126127466106,-0.41146239661361467,0.36831560287468484,-0.47152031048953935,-0.5644799060658989,0.3913554050919616,-0.26274195931694944,-0.10668687040866325,0.7066410982972567,-0.8367741539502073,-0.0560733706188195,0.6539011477068779,-0.4965000732776099,-0.3096720477700412,0.7447427487156612,-0.41850812282848265,-0.43638495004158945,0.7348387620559979,-0.22516905094824763,-0.1785351954828076
L,0.0,0.0,0.0,-0.38856668352155865,-0.2139037280251709,-0.06013387199554233,-0.6763075053538767,-0.39859694331367435,-0.024181550486014558,-1.0562189981284347,-0.5623734470217429,0.0012858204475317582,-1.421490933319679,-0.40781141320803915,0.017858870802734527,-0.36445371723929937,-1.1206321941655208,-0.010347011513310536,-0.42383863087861845,-1.525591246914804,-0.011257656906255131,-0.44249970758353574,-1.8950027827394715,-0.04445547470754356,-0.4720210456936135,-2.241285384494458,0.026531758475872004,0.005666299424762775,-0.9999757703294891,0.004043736486700008,0.029946871665931206,-0.6940962901368515,-0.300068173243621,-0.0069520230532086275,-0.5515268384906136,-0.4907351413072618,-0.057592037239278096,-0.39245423760379905,-0.14372281095833458,0.3085339336624314,-0.9953293614931539,-0.051311526178497435,0.26465529859379855,-0.6986808395045196,-0.3482401346599619,0.308442573414197,-0.47987180779398425,-0.5421551347282391,0.32069226417898844,-0.25899615383607355,-0.18209140934881715,0.7349880718263472,-0.9244124414048779,0.009745833617346935,0.675563314245573,-0.587516049366258,-0.3147537994983708,0.6552202801062691,-0.4549816496519206,-0.5270245603354362,0.6888564347515926,-0.21902926400053774,-0.15030369136691973
L,0.0,0.0,0.0,-0.32633300780242436,-0.1896063271073971,0.0061144283732264,-0.5878460291300166,-0.2870353732648669,0.07496017163263238,-1.0304882756773468,-0.5061131274565149,0.053801472472896066,-1.2726667909278806,-0.3460421382869752,0.025539035500864046,-0.3372808028699758,-1.0141658970938976,0.06631217770623729,-0.4099683216455361,-1.4717302938619974,-0.023255284833107803,-0.4301663216556691,-1.8735363136057517,0.05095553815757422,-0.389043498900371,-2.202210862478249,0.044983286581003847,0.05273668051595978,-0.9982269387847597,0.027601108901003136,0.07993956659805945,-0.7367719469705035,-0.27456139371725985,0.05643785226769452,-0.48108186906264233,-0.4794960941572089,0.025439437980480113,-0.3602406681124224,-0.10293793545109839,0.4016319912353498,-0.9299782838464627,-0.028833281191907513,0.33716679643977066,-0.6191216664218692,-0.2430447654237587,0.407749242777914,-0.4285764848662009,-0.4021026708665071,0.3648905095542543,-0.2873192822344791,-0.15629216314386032,0.691762381931314,-0.8027807531192874,0.007751392451582248,0.7234761950942526,-0.5249345058133922,-0.2814373198948358,0.7010445943001953,-0.36403345267057086,-0.440488938242112,0.6884532812072651,-0.20970999047601988,-0.11360455998712582
L,0.0,0.0,0.0,-0.31637737441697544,-0.13411618752457533,0.04323938235950648,-0.6931015723987924,-0.3198295245491101,0.031067128378509775,-1.008604228549122,-0.5423988551961819,0.08646727629840825,-1.4588502277685507,-0.28282717220291015,0.030406764614079016,-0.2898156934704744,-1.008074360604558,-0.005707283673544537,-0.3781704726312964,-1.6246658119845412,0.02610528025731887,-0.3945116996548676,-1.9419737822307985,0.06549700937547437,-0.4689593401033232,-2.258066144340007,0.030732298840087723,0.07980991207787737,-0.9966729575756775,-0.016534617367003804,0.03587261519570829,-0.7025933706097466,-0.2678858841047888,0.0724225143593825,-0.4421888659626537,-0.4712949928057171,0.01349719108788492,-0.3293428053044348,-0.216248153819419,0.4058333028525657,-0.8992572129156955,0.1060326993741998,0.4278791478155957,-0.6870674271200388,-0.3327367789792278,0.3946554973966069,-0.4604065964678975,-0.5394554207145119,0.44894655691833596,-0.20805360980028215,-0.15906557425913945,0.7789946816935217,-0.8388822316375405,-0.022336835850037005,0.8380722355973477,-0.5797264898966011,-0.3637657375812869,0.7738524756031798,-0.3599845111815838,-0.4534705740081801,0.7868920606056423,-0.11847767677222046,-0.09256266100465273
L,0.0,0.0,0.0,-0.38766438787949237,-0.1543049324661558,0.0228156257294445,-0.6393553126577036,-0.35904660337448013,0.026736929966614628,-1.029160315744036,-0.5271426450538312,-0.017362141230819958,-1.345190483472117,-0.40584331209337904,0.04183939163601715,-0.360810002290158,-1.0416639342008627,-0.01415174727402518,-0.35391346134608526,-1.5955958161067443,0.07426227323323627,-0.3861260699887615,-1.9441961605848803,0.02893050920406583,-0.5479788512446371,-2.3122750947677835,0.0026528547916806478,-0.018613928039657498,-0.9937605474947633,-0.109970432052633,0.03851304446575866,-0.7109741619459664,-0.41042156086057074,0.06473219578473202,-0.4875485499388462,-0.5580145701824125,0.033838964387550075,-0.4102005276416537,-0.21170914870188393,0.4627714373681672,-1.0136794217410408,0.02151653025725711,0.38785726250241126,-0.6798444283440563,-0.3152856197445143,0.4001661224283569,-0.4402686441436692,-0.5304333109647671,0.39394950628261355,-0.3074503680858003,-0.15436378445285479,0.7071692408265401,-0.8314425390380188,0.06294707210171173,0.749638984719084,-0.456700430335619,-0.4358843057399239,0.7278128809270314,-0.31399626554463317,-0.5164400269073974,0.7659788253911546,-0.1963950631199673,-0.21615566980166095
L,0.0,0.0,0.0,-0.29136230009278336,-0.15156846788743064,0.031592227333478606,-0.6300090961453393,-0.3341359956317568,0.025240732295123847,-0.8980993561854307,-0.4272673520990568,0.0029255054728467497,-1.2598202308425088,-0.2646129076116582,-0.016828616514009347,-0.2834910357476193,-0.9464740165379109,-0.03294352884550316,-0.3814515216673264,-1.4076919499248002,0.01805356443739986,-0.40313537934578964,-1.7191281674051133,-0.010188060907338294,-0.460272287128464,-2.084181664408077,-0.024639296444079913,0.0038130624383104976,-0.999600871591496,0.027992107251204643,-0.004146953711235327,-0.598057526606074,-0.31941138576434697,-0.03174096713728444,-0.48999029667746846,-0.4286291897134425,-0.0021300663860781355,-0.3339808534232129,-0.12047821464963353,0.2896729956830348,-0.8432901844040966,0.05520252967385054,0.26656099538356526,-0.5782644600590058,-0.2931114436289059,0.2998792032384331,-0.3620588470206844,-0.40962316439564284,0.32408690109234245,-0.2791793141284682,-0.14850893732758325,0.5931976578623782,-0.7905120718204647,0.023812593401983915,0.6272967558977527,-0.4687065111889036,-0.31131080962088686,0.6602797846780722,-0.2730822491759384,-0.4975715431252871,0.6388830590196887,-0.17090322933312807,-0.16156750946255616
L,0.0,0.0,0.0,-0.32979506074350734,-0.18245750516002324,0.03808169405417664,-0.6786458845293725,-0.34196767380214516,0.03604491003738746,-0.9680979135787371,-0.44205630564851844,0.06970730038429677,-1.2947208504598486,-0.3329577971067089,0.0055779076733816916,-0.3231914981870349,-0.9947162497969737,0.06144804103769876,-0.43248381766695365,-1.4526854599219996,0.07799784797732136,-0.4543586025990657,-1.743289421391363,-0.007970205956988592,-0.451165324029232,-2.042645171035737,0.006986553742173222,0.021842392905818263,-0.9995567717059419,0.02022795118007232,0.04152400391246928,-0.6262898023546709,-0.27790903635175973,-0.06229701042936116,-0.4704667594695452,-0.4641773056904088,-0.02583004575083643,-0.3101693119841935,-0.10156926647453744,0.27306232771316474,-0.9109647744175225,0.03440317238427903,0.3214443352748172,-0.6717114957983428,-0.30291189539987695,0.2992602513439895,-0.4048008552249913,-0.4338911144014226,0.3800251195109282,-0.26499653611166474,-0.13960581087043855,0.6309570905331545,-0.7728719144884738,-0.05647363064694884,0.6360106399079577,-0.48386399161407917,-0.2625202179199978,0.5813177717107922,-0.3696157651815871,-0.4093882201086923,0.6346149137579448,-0.16960312243311979,-0.14086897017421068
L,0.0,0.0,0.0,-0.25550274252308025,-0.18778814967995175,-0.06673813893510756,-0.571112378599245,-0.3082541811826465,-0.03051752808592728,-0.9643206172113908,-0.4636780306849136,-0.027259226343072613,-1.3422485661048442,-0.2910435316102159,-0.005349162727837445,-0.2791286053024644,-1.0108371408639392,-0.06284373756798003,-0.403487370395615,-1.505206102702805,-0.007441255058644146,-0.28569955488042187,-1.7584301811157697,-0.04012356006923008,-0.4582693081675791,-2.1635029161226473,-0.08144566149178162,0.027330508215887662,-0.996089177269001,-0.08402020142933267,0.03963586482357778,-0.6944725127963632,-0.36881200247555884,0.03305216682385721,-0.47292927627092146,-0.5442579052205606,0.06428802803702617,-0.3383850234266906,-0.18844204808797071,0.43010286217930765,-0.9724418704107374,-0.06436115234522284,0.376741046361308,-0.6278751907133215,-0.3774166138604103,0.40716481918026876,-0.3778382281383797,-0.5548457997611399,0.35042831560733617,-0.20922765776821775,-0.22736857624814324,0.7554968815210293,-0.7544282299362911,-0.031009918655680875,0.7383979226371009,-0.4614411100416485,-0.3624664318452217,0.7236410630375685,-0.31515072162067864,-0.619975677864697,0.7693562026585642,-0.14269971616439125,-0.2657009147647897
L,0.0,0.0,0.0,-0.4105055452436466,-0.20964410551385693,0.04188514965355736,-0.7171257896485607,-0.38034229432177263,-0.028395404674567387,-1.0566231227145673,-0.5289147014293727,0.07772634909482498,-1.391675691290813,-0.3967445387402458,0.0437263802283477,-0.41308559220021307,-0.9985542041639619,-0.011993217257037616,-0.5178035300585454,-1.56966890326193,0.019844555754945852,-0.4311705358510698,-1.9149202068012636,0.03363686391342804,-0.5183733154197105,-2.245999335234258,0.04807449031800648,-0.029472216822521186,-0.9995261821482557,-0.008876915888871469,0.003519146995137928,-0.6873442102764028,-0.34966945593379,-0.07048599556915779,-0.5289056294745441,-0.49935952824587393,-0.049123432744689305,-0.4592624267842111,-0.17174943082598304,0.25798448239363797,-1.017899194519262,0.030560489938249027,0.25892350857388785,-0.6882874093835012,-0.30521839090549974,0.262007326066704,-0.4031656083747958,-0.47784828543460633,0.3384896935741117,-0.27866840562205264,-0.17374066592244797,0.6269507752541944,-0.8139304247000826,-0.004460547040295672,0.5607602880267263,-0.525058877536585,-0.273463372134125,0.6254890135747233,-0.391530363095794,-0.4869247190836636,0.5672176743538109,-0.19311814693795426,-0.132557349259478
L,0.0,0.0,0.0,-0.41263625417991057,-0.12711110899982606,-0.0814930541090547,-0.7035482288789241,-0.3587160790669488,-0.13705379698295084,-1.065966954852138,-0.47947648996365344,-0.023157961891339764,-1.4875845276450106,-0.36796724658101265,-0.02466836196413887,-0.37612204987745834,-0.9695178239185532,-0.028722971126494315,-0.3904694585386588,-1.6379576220210128,-0.045867999579179794,-0.4315596498471847,-2.038841843979059,-0.09937226166997758,-0.5732835783755035,-2.3295662635857055,-0.020132716903874175,-0.011744649053840588,-0.9965700974338966,-0.0819152251977375,0.003946261469855131,-0.7072496508720733,-0.4029586889473712,-0.031062274720170292,-0.5662294270741135,-0.5930491725182526,-0.04400507177810002,-0.291617912953668,-0.23911644211318747,0.33617186655056475,-0.9879747847686929,0.026063439723640353,0.3487852443502854,-0.5676400956732149,-0.36340766961648224,0.32132925766816156,-0.38736366538701955,-0.6425993762641685,0.37076202615622017,-0.2649229960653805,-0.21186627245891682,0.7505431359344121,-0.875624547353916,-0.07110170540344983,0.6769858585015052,-0.520970051592427,-0.45802735808016015,0.6783667739603184,-0.29040537574035785,-0.5816262076327786,0.7227582930108171,-0.12548814744235856,-0.23975076982588114
L,0.0,0.0,0.0,-0.34657892061369666,-0.22918440533105883,0.03523486841089208,-0.6933771877135076,-0.44150236674066223,0.06439645617130858,-1.024424412120519,-0.5104350225479243,0.026537754593643763,-1.3244152541004306,-0.3548117757879382,0.03203947216404341,-0.3773221398571635,-0.9888502722345555,0.04985484688426129,-0.4319201930624028,-1.507197752703047,0.05945711674502077,-0.48500250748434515,-1.8084910770081102,-0.01142059071269187,-0.501994336662136,-2.0665714164823017,0.022896605006535602,-0.017663354504929018,-0.9997166105491692,-0.01595946426777062,0.02077821781554477,-0.7504680632598649,-0.2865513357389986,-0.056061047952316964,-0.5555011430415312,-0.48648442788365126,0.07986768339956204,-0.35003632191762907,-0.07734493115981463,0.3367723002042458,-0.9513047736586854,-0.008923202899558494,0.26581236781284384,-0.6234228213235699,-0.22536435583865072,0.3391265295678927,-0.47288984824157615,-0.4591720702654808,0.269051680940813,-0.28854761151475006,-0.12649193237436182,0.6383882795565721,-0.8651240278898596,-0.010973520509993857,0.6613890967207757,-0.5618534264022782,-0.30736977063292764,0.5974438127678476,-0.3166723330363286,-0.40850179847953216,0.6835396364395779,-0.20597028160639969,-0.18086711856236312
L,0.0,0.0,0.0,-0.28273608306015685,-0.1654413818123477,-0.008705172781420824,-0.5827759994518761,-0.3006338109117322,0.037617448902256594,-0.8530293039686019,-0.5117599749162657,0.013913566825611788,-1.151699268665199,-0.35761784768412086,0.0025477578893038726,-0.23474359975907258,-1.0215229434829736,-0.014598188511896603,-0.340184242153576,-1.4612232574733315,-0.025127164869248812,-0.35783105258031245,-1.6529563161065015,-0.05108788246386506,-0.430306236232412,-2.0531235922700626,-0.027620677905065425,0.03194076401272979,-0.999478573649217,-0.004729525389493459,0.021028797777730084,-0.6173448271826155,-0.3164923364054797,-0.0015709528107651501,-0.47158910215640715,-0.4488206370760531,0.028159798024192727,-0.3169908208421887,-0.16510201649117348,0.31185315598488783,-0.8359849559672011,0.018846698039020768,0.30350860451907813,-0.5129287335852365,-0.3039076617010054,0.3346874696377173,-0.3696257394356666,-0.483637367441927,0.398792700877688,-0.29065437654147,-0.13635477615455277,0.6815785180725669,-0.7444620880263009,0.004870557490999297,0.5855607955001985,-0.478764755243177,-0.28981444882817015,0.696062510977994,-0.3523407222768481,-0.4176156338454927,0.62705117199037,-0.14455280394107275,-0.1188079193937297
L,0.0,0.0,0.0,-0.3353077521153297,-0.06884085618194975,0.015220439066248885,-0.6430270641954413,-0.24067834701266858,0.000786576455333811,-0.9725590126897338,-0.4431446708311735,-0.023496664747879297,-1.3135395882847276,-0.1366031492891889,-0.049043956768104476,-0.33917775734087774,-0.9453865982661003,0.030486165336493364,-0.4169063503271699,-1.4614744144384706,0.03704478943353064,-0.4465023527317871,-1.793571980098523,0.03636671853771849,-0.421946009951772,-2.11126170794187,-0.017609863430643455,0.04533045668573289,-0.9989390495958477,0.008119414338950552,-0.020853681649169557,-0.6119195302177122,-0.3469684719426636,0.01711143089630954,-0.42157137393820016,-0.502095280873815,-0.06846055872560768,-0.2670549581388467,-0.13554997010544576,0.3067604675573219,-0.8050862093849015,0.03402129124855884,0.3101925024849477,-0.5240294038353116,-0.35087321170299485,0.32149293815124724,-0.3645682315937373,-0.4510559865636285,0.34329504651869275,-0.20634473359982886,-0.16226010043662045,0.6380179827048388,-0.7199263860341465,-0.05162328952376635,0.6802354014055043,-0.40792067413603655,-0.2856425232833471,0.613534382554592,-0.22759155292257338,-0.48949313095298125,0.6693281283930057,-0.1194611466528135,-0.13753732871983898
L,0.0,0.0,0.0,-0.2418410232147731,-0.14247842672248426,-0.03549793921888929,-0.6003521694789906,-0.2531136862983441,-0.08734561976436733,-0.9000618918095841,-0.4475319831888147,-0.12626599190904972,-1.2971455080233107,-0.27418217577843557,-0.0539511090264438,-0.31341114230840356,-0.9902850792412065,-0.08998311806539531,-0.303035469902253,-1.4759382831385788,-0.11625263687067608,-0.3400102512661428,-1.8157579743767676,-0.10445036006676282,-0.402351529069924,-2.08357936284711,-0.06392746402095681,0.020944057189094333,-0.9971606520123908,-0.07233243080861944,0.032983112852112195,-0.6934802391849232,-0.36511289439214434,0.04980562343878943,-0.4444141190096868,-0.4880664473079245,0.054310016551384045,-0.3593029282576493,-0.16379710159292296,0.3826231030868083,-0.8713440384868505,-0.09312807133530643,0.388282790543791,-0.6293213150521426,-0.35125932721474956,0.32157088084641866,-0.4455635535951771,-0.5351708665679014,0.3018652900340821,-0.27494905061232183,-0.17260338869240674,0.6756662272814914,-0.7932439453053792,-0.04420834488787249,0.7092151274207968,-0.49375834544189473,-0.3283011909416855,0.6792057111499155,-0.30337850324409577,-0.5187826237085259,0.6571833261109862,-0.17204081376082314,-0.17385798700939065
L,0.0,0.0,0.0,-0.2767450868694336,-0.11676029830688116,-0.03473406987520627,-0.6272144788170045,-0.3072605706571782,-0.055793614047927625,-0.911237717427356,-0.46411430853309515,-0.020059484585663534,-1.2668033642732492,-0.31204716811188754,0.03631721871131005,-0.27664393522356256,-0.9620301699511304,-0.040051548696830294,-0.34016028612692545,-1.4566696849447172,-0.06787430621859439,-0.3691912155852652,-1.7768439750854337,-0.02802251829050091,-0.3983302458442853,-2.0688949083445554,-0.08071360204833787,-0.026595563704696464,-0.9981847950980656,-0.05403508884292055,0.05366427181288969,-0.6494494547650747,-0.39890882999726957,0.009269191053717594,-0.5184392257959342,-0.5184161299667389,0.10948377403643941,-0.33325139634884327,-0.17073622641869737,0.33266499773021935,-0.8415811095233527,-0.06809259328597578,0.3387413541987907,-0.5920295008774548,-0.34853378026043563,0.32030305815945576,-0.43126758610194904,-0.48735619098961624,0.4077774128040237,-0.1609901542963574,-0.19118745050853114,0.7010921876378882,-0.7515530007128066,-0.07067298574621668,0.651311166023284,-0.45866243578814114,-0.3930389633037892,0.6732292577160669,-0.32350942391055815,-0.49637512041375714,0.7075910088868113,-0.15446885303172678,-0.20022072792639478
L,0.0,0.0,0.0,-0.2783587916777989,-0.10087930633925254,0.019467608630501013,-0.6071646975743684,-0.32665231050658794,0.015351982616704698,-0.9841377195031074,-0.4546529703228845,0.05782319219490869,-1.266037920897319,-0.25739908250436594,-0.009809711130014226,-0.2957708690554564,-0.9365627372236618,0.05105322721768776,-0.3692217288152018,-1.481457120369551,0.06599199810679458,-0.3566240893765727,-1.7326759311597162,0.061650320499498604,-0.3719594325036633,-2.061000156404993,0.10556012806460804,-0.01591710014270191,-0.998118481767024,0.0592126868005337,-0.0009256089234294643,-0.6449715491415797,-0.2928882513566629,0.004270813377508071,-0.46774269556324305,-0.42962689194482967,0.08705227521715732,-0.3113992810709883,-0.12543287426975983,0.3577344437562817,-0.9110066728381337,0.08656974229530232,0.3418459168610668,-0.5315792706965591,-0.2602151004886457,0.3363415653967442,-0.4209110107396507,-0.38705503336581243,0.3592169231956075,-0.15254380315152347,-0.17162645798267734,0.6336503723756178,-0.7823136778462351,0.056248846811315985,0.7287054858885471,-0.44636209582833714,-0.30002547548745434,0.7115291241134682,-0.3164247674363826,-0.40582188658997814,0.6819292854829805,-0.13151500389699491,-0.16349413743528027
L,0.0,0.0,0.0,-0.3233604127800133,-0.16188275314130482,-0.009990211734575547,-0.7560920560449406,-0.3928545218341981,-0.020915606768194237,-1.024156621108955,-0.4951956220589476,-0.04445269917281364,-1.3355237792021326,-0.3502935894722033,0.007189512373057109,-0.2912999384473729,-1.057180812617662,-0.006317253693764512,-0.43879336195071,-1.507812357430126,0.0693919187113367,-0.46483566538243226,-1.8477522258836798,0.02039502622124813,-0.50354936832352,-2.1546087290220814,0.028407973521599506,-0.07151155383845845,-0.9971768421530487,-0.022900723597370526,0.008641696207448367,-0.6915703149903542,-0.41621453222401456,-0.044422083160648274,-0.5287201610227471,-0.49330115083866904,-0.048996558402530664,-0.332712574502125,-0.16688597572281927,0.34290809476516454,-0.9003845350194943,0.0012196739651176576,0.30788651092981495,-0.5872952959858254,-0.3674534823406926,0.28940795076454484,-0.4416776477662166,-0.5200185896657215,0.38936037055234995,-0.28863919423595585,-0.23030791861372127,0.6341170698875004,-0.8753420094556762,-0.0246604480404973,0.6563373627164446,-0.4966148797894399,-0.36564043576385263,0.6313647487744473,-0.2701913657977936,-0.5192359072591031,0.666580809497484,-0.18591105229105076,-0.21627967800871956
V,0.0,0.0,0.0,-0.3418536379408188,-0.18291359953713765,0.0008514629208799824,-0.6189637810829552,-0.3274403747266998,0.037058721027218584,-0.9897832265537571,-0.4909638315422122,0.007513834831942268,-1.3100757257860856,-0.7059136300458368,0.07546590022427163,-0.31812753618125555,-1.0411965770236258,0.05260773175414801,-0.3570519984446887,-1.5144027280603698,-0.005943289583725207,-0.4061098960724543,-1.8142298207132626,0.02079484600058184,-0.6464192719313454,-2.0063389005369734,0.09341822453378693,0.09465569933891634,-0.9930547520923969,0.06987530271396733,-0.02373737931969879,-1.616845406692345,0.048144843433819,0.0608288887096697,-1.9618577603589535,0.06629132136256928,0.36162946175949656,-2.0557545896903187,0.08977415432368813,0.42679965706437634,-0.9372408231298923,0.05458796100229289,0.40044992322557527,-0.5648174818745578,-0.312783742767646,0.37305175434529037,-0.42659583091850883,-0.4509141783898917,0.27055115216777376,-0.2675774102697918,-0.08367705780449376,0.6507804225699658,-0.8385498118802078,-0.011355369520922629,0.7140401201458343,-0.4598480199047931,-0.2932614282650919,0.6981789794947627,-0.31746296907995525,-0.48042504993937823,0.6956831277549114,-0.18725188471020293,-0.12476530508839682
V,0.0,0.0,0.0,-0.3513603410769372,-0.08277617516158942,-0.01502322816900742,-0.7239938583628794,-0.3162964069454797,-0.12353042531144473,-0.9806283771301061,-0.43634155942538205,-0.09002112865973579,-1.4085631748629457,-0.6463445381894263,-0.05942899604450448,-0.24612900237479515,-1.0245309096085722,-0.083134494847812,-0.4084057819527902,-1.5602142237620502,-0.10021655156940422,-0.4505493402621052,-1.8961537567636833,-0.0729248480635155,-0.6459968685928439,-2.010245946668813,-0.07847263034421172,0.030949087006757636,-0.9981819479077533,-0.05171994667951141,0.026751663875695,-1.6204106671636942,-0.06135330411210369,0.011350859852661316,-2.0762919962591275,-0.09095367889159862,0.335083350188433,-2.0588856733979752,-0.006926807884095804,0.39422848798220167,-0.9553796319161793,-0.09894020829556718,0.28153597692940274,-0.5609123929972308,-0.39761654948657776,0.3028224995198697,-0.39898967543859115,-0.5414092131954757,0.3084147942378534,-0.22709507139730264,-0.22094700442905643,0.7133836393672874,-0.9088747765558848,-0.06811921229656194,0.7011088249139464,-0.5591795646018447,-0.36548446133855267,0.7136678762487244,-0.26883462171057015,-0.5762356118013214,0.6898714161788162,-0.15854861084687832,-0.21483310531813304
V,0.0,0.0,0.0,-0.24714130832535164,-0.1971285897071639,0.009308287173297004,-0.5386161619195208,-0.35094565958330987,0.004763365969455731,-0.8432868029688383,-0.5256328677549906,0.02670001400004741,-1.1801315105426482,-0.6258144726285063,0.00275423273685314,-0.29670139329080586,-0.958373532334081,0.00044451484706249856,-0.3921448214333352,-1.3806735083509096,-0.03772114047141902,-0.35596733018100934,-1.6526059891174933,-0.00908174106961701,-0.591922430051148,-1.8528818917676917,0.020676323988311783,0.05709464076187891,-0.9974274877287395,0.04334292006091962,0.023657762675229514,-1.5005131980603355,-0.02630014313775585,0.06056803206597184,-1.90020080166149,0.013616389823615746,0.32083002920258247,-1.8274618052115188,0.0218915438390363,0.3033448347690099,-0.8863851397474208,-0.010855710388003773,0.3432786443508676,-0.5600670046412005,-0.29281693214235754,0.3781313256544008,-0.44778711610875727,-0.4224634271286543,0.3600509042838419,-0.2830381495201194,-0.09217654126868778,0.60930971659095,-0.7691136641359998,0.022608315292148223,0.593688149477747,-0.4462963913510731,-0.2824270021591242,0.6890923445090269,-0.34634902010297486,-0.3618769365117847,0.6766122569022394,-0.20614095719790645,-0.12558684688043892
V,0.0,0.0,0.0,-0.2455748684833171,-0.14947133494686463,0.008987687523868748,-0.5960108602398995,-0.3793580800669348,0.02289754575270543,-0.9218682962048027,-0.5378105566244401,0.0019045318811149452,-1.287252324026181,-0.6910400223540347,0.0755222509651127,-0.3033958995850472,-1.0363460296372742,0.0013486736601209443,-0.239599623351108,-1.474556609054407,0.023774112090681702,-0.3277432858233419,-1.816578791650543,0.04347226701939879,-0.5965288662913628,-1.9916651483415364,0.09369669507914845,0.09857412455070706,-0.9947773899847079,0.026478035128653227,0.07427914986703262,-1.6553573182181622,0.047044600541339465,0.07717265072403805,-2.0268220317491936,0.013705174214778038,0.47573927962082485,-2.0096686224351354,0.04247217589006017,0.4269659693143039,-0.9726722434788734,0.05193421742350426,0.40697795136792786,-0.5605078490129104,-0.3178034434242998,0.43854509843304096,-0.4183041406869689,-0.46952511199548225,0.5528419676368863,-0.22192100896901681,-0.1748255330445219,0.7610556183507616,-0.8049043102529642,0.0817308622349437,0.7811517610089697,-0.5141790363783316,-0.32172262221992154,0.8120117883020325,-0.3186219738251609,-0.5299416439931313,0.7789297452745811,-0.16435889130836523,-0.16281724739805317
V,0.0,0.0,0.0,-0.34294149411508934,-0.19232712705153418,-0.023607740296404504,-0.7191706906549851,-0.34252222127920295,0.023071055992752908,-0.9989621315638622,-0.5428669519204379,0.017724391876079132,-1.2561019552615764,-0.6864657828359626,0.011628987608935553,-0.3364844724101927,-0.9822485991853079,0.0038924129993248065,-0.4107098858649071,-1.4550938233846131,0.009736774919527454,-0.4024551318385645,-1.7432569104680997,0.04292106767534039,-0.7487124922094196,-1.9026208774979219,0.012497003933205776,-0.03659145535089351,-0.9991261458893491,0.020199257303147655,-0.019782110604343907,-1.4824914799248123,-0.0037628950727006992,0.00020295171523112686,-1.8886722054034353,0.003302563283611635,0.2748080267693258,-1.9184730942553287,0.0029363356507048424,0.17890176029032326,-0.9544299273821253,-0.05433408586413725,0.22091532478877837,-0.6016456292023431,-0.31362439159297484,0.2701794027415673,-0.4455235145603187,-0.49972270316267703,0.264271985494843,-0.27996066688227267,-0.15764211303716621,0.5737529149002523,-0.7368594515807598,-0.05517777031656344,0.535869474548584,-0.5350627294578049,-0.32199465012351014,0.580487135155642,-0.3642635916571677,-0.4510787509124177,0.5885252313020564,-0.10163999252808308,-0.15227688648001925
V,0.0,0.0,0.0,-0.28276543209883076,-0.11730810843911943,-0.00701354240430513,-0.6294429585874599,-0.3642607486660382,-0.09161927559813839,-0.9236546228297275,-0.40358895490893293,-0.03483159787280954,-1.2835415675652955,-0.5955888771148584,-0.02484609445868156,-0.26277100873606224,-0.9761291760122721,-0.04277695833583162,-0.3506410793459671,-1.4866642092572786,-0.04083007314789547,-0.39426182165997564,-1.8125010771126364,0.018104768764311892,-0.5776855066144039,-1.9865698655399346,-0.09441842117897957,0.0667672805329426,-0.9952722158002447,-0.07053613759135333,0.05211640583836278,-1.5796154269987497,-0.026192453851637352,0.10142156560867274,-2.021606290421079,-0.030738363861478123,0.4394221206715075,-1.969993223975479,-0.002491612690941639,0.409685571429633,-0.897466930433584,-0.032996648527265006,0.37640810536859937,-0.47020046611919375,-0.42021323450314835,0.4432445365758731,-0.39557584709914956,-0.5029895033690945,0.39474445014528986,-0.2581275864579479,-0.2101005388387286,0.7814978155884483,-0.8093956891579034,-0.031975862188287504,0.7648394457466662,-0.44257644962524983,-0.3654837084747642,0.7794429021141265,-0.2997459741025829,-0.5808090142630961,0.7397255895550149,-0.17290170248917108,-0.20904142179452267
V,0.0,0.0,0.0,-0.337737162856495,-0.17936124226438413,-0.0321863600019973,-0.7361876161898422,-0.35337680911532804,0.0003353488512999418,-1.007277779496748,-0.5305476068108289,-0.0060631148133818945,-1.319706930644512,-0.6562617171120848,0.04222685537548433,-0.34853852218151976,-1.0309368329243485,-0.04273852244047474,-0.36310573436692256,-1.514589190169226,-0.015045880340658025,-0.4295025402164242,-1.9343210225213894,-0.017220604672508577,-0.641443156560817,-2.0252958139099118,0.049481025172101616,0.02810284523811487,-0.9994103455728047,-0.019727930747277765,0.011510500147562748,-1.6125864632928293,0.017544171191053122,0.03761446613914249,-2.0428291886372207,-0.03766926043220627,0.35773981833010454,-2.0205609600992402,0.021214193209765884,0.3878517112841353,-0.9216744321735354,-0.01391685915373998,0.37901000479442964,-0.5947884535562076,-0.4114882380637312,0.3726638532652839,-0.4498620555709188,-0.56825044703207,0.33323606354514235,-0.2851076364623782,-0.1842537195291198,0.7838860306107975,-0.8421693163513851,-0.021135837880251532,0.7021554938379625,-0.4744805052395479,-0.4170097404543275,0.7042109269588704,-0.3535682279057214,-0.5782979397474085,0.6747004939007825,-0.1805898948791592,-0.15171005663589143
V,0.0,0.0,0.0,-0.37035293136264946,-0.1852112030761515,-0.011724192387455248,-0.6805980563236143,-0.34638630123541675,-0.03296164389425389,-1.0037827803631705,-0.49422345547549906,-0.015815704302060522,-1.3844103899845648,-0.6757627289255027,-0.03926102014539521,-0.42937829441153424,-1.047538202615605,-0.0020233828262827937,-0.40490787990579225,-1.462420461113464,0.001630960876780153,-0.5123226330406954,-1.791782920637564,0.01848654201409599,-0.6554285215862579,-1.9170459237592172,-0.040029432521128616,-0.09317525959863378,-0.9947847957181343,-0.04149194146767748,-0.06319732340390097,-1.5930326384492062,0.008564400391631408,-0.07173250119766282,-1.9965518437055025,-0.10445624364381066,0.2644483923614729,-1.9898669976887293,-0.028367325632084415,0.24177342965592805,-0.9675649934511853,-0.07305386235789459,0.2691633575269108,-0.5609570625280035,-0.34864544552935267,0.2849402876361354,-0.4429971879259411,-0.5162020146391088,0.2558391297881637,-0.2459643321453953,-0.18569168282620196,0.5864573944327063,-0.8479195899078191,-0.03227724439936947,0.6175155993575581,-0.48987176050220127,-0.4022046770707054,0.5394015486556081,-0.37753036835480264,-0.4730757501210878,0.6421242450879538,-0.21018235521639053,-0.24006794134978302
V,0.0,0.0,0.0,-0.3399990826450264,-0.13993513670334276,-0.038643341302909494,-0.6602716423222335,-0.33267074628088744,-0.06106896803098956,-0.9674490011274297,-0.4806498265583901,-0.1084377382295091,-1.3591749134552664,-0.641746638776743,-0.09452620941785317,-0.37017178342678914,-0.950913108214372,-0.08977361739928702,-0.4562629009918535,-1.4695449449415603,-0.08303975302967227,-0.42438376382173665,-1.765912021380772,-0.01971749430781451,-0.6587719661917236,-1.942901499849804,-0.08634955030635645,0.0033936206650500883,-0.9997500143368377,-0.022099596654109068,-0.016606969305822065,-1.6208567386672472,-0.04584014309282569,0.02085507996829944,-1.9917468314333242,-0.06357954038688332,0.3205774099778599,-1.9520534464561037,-0.04060063874219462,0.3897258184710275,-0.9824265366514304,-0.0881062009426918,0.25305038315949047,-0.5768028164275711,-0.42021496930101154,0.31383281965015375,-0.5015997405189544,-0.5116672141298163,0.23616744911205495,-0.3360695456735381,-0.2312433866199314,0.5636604911826454,-0.8214104501955998,-0.04211546752653068,0.6382265305520481,-0.488009821566294,-0.33514677436266876,0.5908836583917767,-0.3624607128870839,-0.5433553176083084,0.6138811385443581,-0.21382620704316202,-0.2237051235149301
V,0.0,0.0,0.0,-0.3237137870027451,-0.16382064604742305,0.0685104542682848,-0.6937553580859659,-0.37086921558887964,-0.018564371472898186,-0.9997601987938382,-0.4719630846711819,-0.014417832015311813,-1.3252058028598985,-0.705911477552067,0.0698426510541864,-0.3295201678217917,-1.008002536472097,0.028065994741516723,-0.3484935727508571,-1.5778074049558257,-0.025895253771548988,-0.42480397260522385,-1.8979680357501136,0.04363550824198879,-0.662312783513496,-2.0601051586287875,-0.015166957884596427,-0.023682025611833968,-0.9995091065318014,-0.02051115849776873,0.03942814826530154,-1.6897843911099,0.04359678997189171,-0.00485507689249396,-2.017459373977055,0.02911324573137585,0.3385117707504217,-2.057992884957198,0.03556000655157739,0.3612621688451225,-0.9395468367985235,0.029268515697385016,0.34881854572113263,-0.618026919862573,-0.38233644466479283,0.32696072611957044,-0.4411736221709881,-0.5347719118556092,0.3907436951904103,-0.2781344615126909,-0.16219328251941498,0.7080179044970578,-0.8260717957617588,0.06261311997179766,0.7087254820581702,-0.5042090188762012,-0.34087775268543874,0.7166411868055128,-0.3226941064336011,-0.4539546819025302,0.604139677708661,-0.2348713519367552,-0.17808530503517594
V,0.0,0.0,0.0,-0.40529659989375255,-0.20439113429435538,0.02210456476938171,-0.5938625191546993,-0.37719920343234586,0.045045236930536726,-0.9919697965500198,-0.5347268268544664,0.001536054983401605,-1.304973627537626,-0.7155908068158215,-0.02299260498944815,-0.36489657193247194,-0.9928320590973223,-0.028449753625990733,-0.4427976858993974,-1.48146562783626,0.011159918560288376,-0.3906857885850197,-1.7565157244227414,-0.017469143202919136,-0.6384003168751553,-1.918262227529098,-0.01330020813632956,-0.05023288197861821,-0.9987169130714173,-0.006417562872395272,0.021278630537237667,-1.549788986518959,-0.018025492365979414,-0.03670088012854917,-1.9402920887322344,0.023543719509193425,0.2555464545936147,-1.9485761832450412,-0.04299889665208204,0.2860710864911802,-0.9459897489193718,0.015234005648162657,0.2772574605469444,-0.6033687471545957,-0.3157218920413312,0.27393043110846244,-0.462825231697942,-0.48743833545560866,0.2910241286572193,-0.30038680471244633,-0.12272681329952993,0.6045225624617908,-0.8399788457491627,-0.0541753889758146,0.5941584783022533,-0.5347432086361094,-0.3369639329959147,0.6118276328316439,-0.3438841636560375,-0.49294796709709393,0.5654545879188125,-0.18240016142929547,-0.14200734623956876
V,0.0,0.0,0.0,-0.3865948196010026,-0.13522262227572693,-0.002641915961369946,-0.6940981493434114,-0.32471690243658247,-0.004175081667317651,-1.004188417414598,-0.5174585582422262,-0.022541868990923992,-1.3652935172007117,-0.6505237050655723,-0.014940068342950589,-0.37831943253239136,-1.0493231096496214,0.005252312159169885,-0.4510453061999949,-1.4795017635400485,-0.003906028843186834,-0.4590779714716743,-1.914840513779001,-0.02113777417120748,-0.7142982769885066,-2.065856369736395,0.039497277821512335,0.0540386358938607,-0.9980051757518185,-0.03264192095010255,-0.04743314224486455,-1.648149380015198,-0.027300932634741513,-0.02663750859014465,-2.1067042929740576,-0.05967961702740976,0.347231604516626,-2.074003576371212,0.013456657316632549,0.3164630214537394,-0.9593445722266574,0.049530344691077303,0.40543908963444175,-0.5536633814700217,-0.30870838066210443,0.3037180196569874,-0.4372828280605883,-0.5587350020324037,0.3664972688984103,-0.2695457722084344,-0.20378786875852714,0.6800574638131359,-0.8428144108104813,0.006222789389783183,0.7132994666242711,-0.4777564649281109,-0.376507109281193,0.676995039563933,-0.3415481408070105,-0.5610530870005688,0.6989938830911319,-0.16042447852020564,-0.18406676517727033
V,0.0,0.0,0.0,-0.34981743779881286,-0.31534010228164827,-0.01898728374953921,-0.5980453988737735,-0.3946705521334668,-0.031727643742517984,-0.9397823482226407,-0.5889198238242342,-0.03997106510887443,-1.2023616658322895,-0.660040100848113,-0.05994233070138681,-0.3065140172422278,-1.029910002042708,-0.029911321559859757,-0.3785355042451063,-1.5153333286907604,-0.005211677608131575,-0.41408282056990087,-1.822014646834806,0.0031017886089109953,-0.6000323906503761,-1.9038156734731662,0.04622320483888641,0.012005735404094345,-0.9997912360322292,-0.01653319904174987,0.02392220307240624,-1.536945552730014,-0.03181623513842148,0.06601583802458481,-1.9448502068325546,0.01143171142515107,0.34501339148041726,-1.9496192974630535,-0.020730755641376376,0.30784438543067955,-0.939089849744881,-0.04428389643311789,0.3357432916050139,-0.621928484313366,-0.3257598423013844,0.3412785706353727,-0.4928038958666273,-0.527976442469886,0.31429646138418016,-0.3449481805349966,-0.21656781187922727,0.6173576921602908,-0.858912204738709,0.008973852866243706,0.6041919261005506,-0.5264215196230381,-0.33318794459648615,0.6594028575804188,-0.36410852435816315,-0.5123897997385799,0.6555708292725071,-0.16275298300928853,-0.12351894564613504
V,0.0,0.0,0.0,-0.28545810894052226,-0.0987998028531634,-0.049744676218405025,-0.6327599910018102,-0.25481057780261646,0.009986250655981023,-0.8737066512397953,-0.4653272564701252,-0.035108090622853076,-1.2133508045642831,-0.5842054392777947,-0.037301249470890134,-0.25651760554994885,-0.8847645600651797,0.021468711776611353,-0.34512610375991454,-1.3972159719370376,0.02750977683211014,-0.34385071621180535,-1.7093916171412464,-0.036965948614313696,-0.6223029819680387,-1.9066158805986813,-0.019329227668796745,-0.020764659324109987,-0.9990454071188045,-0.03843310341327617,0.0018949853540901939,-1.5289436862854149,-0.049884064460566827,0.026928582957855853,-1.9977281788389403,0.003260683341042493,0.32884732622859364,-1.863218093046713,-0.048240709186404995,0.3184805600721698,-0.8045548196046768,-0.010240773156197102,0.34667997413763035,-0.49421506341010446,-0.3689111419142104,0.3464068899695762,-0.3493903215774257,-0.5547391594520994,0.37657297425889863,-0.20053291215247185,-0.2347375180535824,0.7033682673388879,-0.7932640135030152,-0.01409089027306617,0.6710440695382028,-0.38669499141326635,-0.32940814502594495,0.7051173723127138,-0.29675079975068375,-0.4524339547770923,0.6584996174906568,-0.12282178248638528,-0.16318212409494837
V,0.0,0.0,0.0,-0.3410120689058391,-0.23265836021793757,0.010496745590465635,-0.6167516807661164,-0.38214578146128525,-0.03236250543695812,-0.934412675855641,-0.5462841220545186,-0.015469995099177047,-1.2391393716172554,-0.6899369901165976,-0.04284353676065601,-0.3496513976373925,-1.0002217904243058,0.02560052478080717,-0.3228799679149719,-1.4897936458964596,0.02537947992538295,-0.37607557354270504,-1.8223178476404405,-0.004719781533174082,-0.6123031616216112,-1.9770158139508822,-0.0067850715252345635,0.019876249334439818,-0.9995622189806967,-0.021915864089307555,0.08886872391248701,-1.6336575524559485,-0.01071152451796613,0.03836825505425032,-2.050533302153187,0.01294543269311419,0.3816014380152725,-2.030739156268637,0.03696642399926958,0.43514635041389454,-0.972516688906705,0.0930183371897335,0.34425218291566534,-0.6781428866664986,-0.33204130754971717,0.38873616908286135,-0.4993117208954861,-0.4964362107732634,0.33310797989575186,-0.2703219725959619,-0.18105249444018987,0.6869656712908428,-0.8594936266085317,0.019758731660121754,0.7378375146849262,-0.4968043105656202,-0.31941677070477414,0.7358838462173813,-0.3854655833229227,-0.4459714875979241,0.7299866978939769,-0.17788540031566752,-0.1432328565100453
V,0.0,0.0,0.0,-0.3947915949626447,-0.21329629352311213,-0.04407737028555289,-0.6097371927566323,-0.2803993045207264,-0.03582870349795539,-0.9655512653207552,-0.501112647991783,-0.08710028622595643,-1.340068665457251,-0.6443217562490356,-0.02841267084984516,-0.33310448277033106,-0.9019936209669147,-0.03596065692262797,-0.3935285067245356,-1.4194545519500874,0.018092951481874862,-0.46945966810948014,-1.8314795923998775,-0.03296666715014425,-0.6588780088832802,-2.003106528318355,-0.022682583826831505,-0.04820793586428411,-0.9985969685461676,-0.021910940876862576,-0.05113906456833394,-1.5491699680225055,-0.04561866991994053,-0.047680612388558155,-1.966271386903603,-0.07532194455655103,0.25975244240555245,-1.960752980348694,0.012955286844198659,0.3935282090699407,-0.896608104421415,0.020595224250944347,0.27035803015392607,-0.5955459826423907,-0.3345816907210214,0.25779151524829036,-0.3733970916045116,-0.5334999289662161,0.37106997871913455,-0.2383734472186858,-0.18583233253177187,0.6479424202957331,-0.8551347497377937,-0.09655215616185576,0.5836074050312691,-0.5445504099009322,-0.3570017169165795,0.5973740591119898,-0.31392633100060924,-0.4926494537571721,0.6025923345672497,-0.07866880610530652,-0.24324702907700924
V,0.0,0.0,0.0,-0.26596830378251857,-0.18278849406524575,-0.05291332100768981,-0.6221650423236418,-0.26472446228785096,-0.006679217600986259,-0.9849782008425756,-0.5106787764386501,0.011431147111855994,-1.300188469629826,-0.6221751816114505,-0.007643787756792135,-0.3677057471376881,-0.8901294002247273,0.008393022008006354,-0.41619668641607044,-1.4126149581017022,-0.018361360331382328,-0.405202393493002,-1.7446626561978786,-0.062221876553369804,-0.6461219032348446,-1.9025197394971431,-0.05806691564902043,0.03436784350674375,-0.9973486259003204,-0.06414491209315644,-0.005862521811642694,-1.5118536089151662,-0.017724161446990874,-0.022553665191954207,-1.9263194336296894,-0.021787336531828762,0.2537942622168584,-1.853916588376428,-0.020166054521409005,0.31293006737976387,-0.8146390365587018,-0.03337171010782632,0.3145513067244907,-0.49750173721919705,-0.3517019167732138,0.3051310574722361,-0.4014641220777042,-0.5233499361943927,0.31435828706365165,-0.25020934274538575,-0.19608136284830033,0.6022595529199498,-0.8106442108911428,-0.07098002499443826,0.7123762473569419,-0.4454725144233035,-0.31650891491043137,0.6334480481577566,-0.3173825392254667,-0.5236258846884096,0.607493832900992,-0.09807501292491792,-0.16788592966890042
V,0.0,0.0,0.0,-0.27117447592933,-0.15230417064578644,0.07372585933222457,-0.5964911742870941,-0.3216745860533785,-0.049959167938554296,-0.9119800440952017,-0.5209193868904197,0.04066110943471804,-1.2960804743347256,-0.637386918274835,0.0724687466136463,-0.3127390793237127,-1.02397141916229,0.07907653001240812,-0.34841597181536305,-1.4308935534526352,0.03534408150108801,-0.4331679293928303,-1.8128577466338718,0.003700768982635568,-0.6114604939071594,-1.9043601441665114,0.09018188867936884,-0.010566320769565958,-0.999881814389287,0.011167368489580512,0.0653394838722017,-1.587087904703133,0.03179375343664408,0.03585383133186029,-1.899909227721655,0.030472207281859152,0.3406053041931696,-1.9006242533984699,0.04031266374532177,0.31436865366322236,-0.9914880228039237,-0.0013615899289568345,0.29163298066355986,-0.6094458092409423,-0.27797264286908435,0.27429412199663694,-0.4549752244736452,-0.44038308244217256,0.3346633843278354,-0.24058207516814079,-0.10393732616077885,0.6315353376427769,-0.7757234260762288,0.03802298107966534,0.6228890575634339,-0.4734726634828329,-0.25007055797013394,0.5975735640461712,-0.384027975957814,-0.41077371622299313,0.6279477263555102,-0.24363491529618364,-0.1546855631635867
V,0.0,0.0,0.0,-0.3680786879007782,-0.17241229948706258,-0.01802530487522641,-0.6666318675534909,-0.3468525988160726,0.012867578565744154,-1.0335028763944762,-0.5573550751776823,0.0031810631941970482,-1.3879630482705017,-0.6829837827318376,-0.10488596493717289,-0.31549622870553135,-0.979038073100602,-0.07192736084182197,-0.37194350075711474,-1.4693604449211537,0.08821294031368779,-0.41387384902847185,-1.7955619185114384,0.006405094036534911,-0.6319122620579094,-2.013905076763685,-0.07711635657931887,-0.0013120657310800774,-0.9987791148382963,-0.04938176025969914,0.015083287660156762,-1.6298346916339808,-0.03337246996535478,0.022532020454359813,-2.050719050302993,-0.011199655034498233,0.38047242180141766,-2.008087517720189,0.0032800668182240964,0.3999843529812892,-0.8976718238768479,-0.051284144823252116,0.3734157327718701,-0.6168803118742364,-0.3636849329378166,0.36863890382430997,-0.37227186182569366,-0.5563797806067324,0.3708850374907869,-0.2416464952696554,-0.17662080050308668,0.7013905523220523,-0.7544078199753276,0.022591253598850385,0.6548777374542119,-0.5303085818233467,-0.342638149248634,0.7759909770108223,-0.2986792719857739,-0.535506654830127,0.696919155571411,-0.14781617835522096,-0.18562199027001236
V,0.0,0.0,0.0,-0.21987440230683214,-0.1969669729370319,-0.03267331993531323,-0.6193073318085723,-0.350431519402536,-0.04495488471402063,-0.8828974778951669,-0.5040008259824306,-0.012895428458584598,-1.2771724350767502,-0.702337435749821,-0.10091211520939457,-0.3103862395082689,-1.0684114682962655,-0.06996819034148878,-0.34302973965659045,-1.5698311626446804,-0.06941159051197342,-0.348609152361659,-1.904005838132517,-0.03870041224229796,-0.5989966379529796,-2.0268074416507473,-0.07825326794448048,0.05984373290558871,-0.9967655908890737,-0.05363846056217889,0.14130628061900116,-1.5929560499359448,-0.03951702140687969,0.11601369417971026,-1.992934680539089,-0.07569232905887317,0.4319144325174496,-2.110983260370415,-0.05677339874950742,0.419983978573107,-0.9729524227220785,-0.1061135438080403,0.4113908492162409,-0.6942157957701005,-0.4370176795256931,0.42506096048936615,-0.5138205222969425,-0.5993975534883079,0.41070230850773765,-0.2661307868833683,-0.26922514378927137,0.7153982044243764,-0.9265893924153056,-0.026052025382243434,0.8642207280861852,-0.5581801826422437,-0.40250407857220494,0.7665479642501534,-0.38010096141760685,-0.6548205582258056,0.770460472578418,-0.22682397587999792,-0.17426563767037803
V,0.0,0.0,0.0,-0.28636273870320716,-0.16939936329207536,0.03718593722204793,-0.6740213853463871,-0.31374362725158694,0.05147538642679739,-0.9958899546151608,-0.5016632408229538,0.03385624037289138,-1.2976085520244693,-0.6954721230067717,0.0227422540464181,-0.3354570130924252,-0.9700455634573745,0.02662846209736952,-0.38600193444908865,-1.4149641356772953,0.04453829987721659,-0.4932022531899454,-1.7666781271631662,0.007175350284959197,-0.6294534730208566,-1.9430534975814737,0.013978493614669844,-0.0005751263586555522,-0.9993923260756663,0.034851797812174894,0.00042865683579438793,-1.5176150354633071,0.06419992464230961,-0.006064854050217114,-1.917965507855512,0.023333415630554927,0.3456378307634599,-1.917636224009165,0.03345328433042073,0.28887782647867066,-0.8992853866708039,0.04314318446630485,0.31903863662875714,-0.5919257480387288,-0.35166845405555397,0.31060169216549427,-0.4079149038797981,-0.46481759028565917,0.3739878093156948,-0.24559074578513412,-0.1708620866366955,0.629285828435693,-0.7817078155936319,-0.0044125723629504406,0.6668005564098425,-0.4794130254918255,-0.3084051102989072,0.582303286444962,-0.27925114064788725,-0.40939344712430953,0.6567377871771024,-0.15939303985295053,-0.15879144793022387
V,0.0,0.0,0.0,-0.2802151450296447,-0.14068626036526846,-0.050071006294896296,-0.7289966919962424,-0.34819937059267053,-0.05514191711552803,-1.06185872326449,-0.5058235841398554,-0.036223865729123964,-1.3425550035026985,-0.6499523154290835,-0.06141024583507821,-0.3412437543411514,-1.066059321769342,-0.06623216736234976,-0.38959197487572594,-1.6456371164812331,-0.05246737279419622,-0.4199987710784014,-1.9188331858420304,-0.06520388067624185,-0.6294465497234434,-2.14640797078407,-0.05906725315433586,0.06057766759274936,-0.9980920921877477,-0.011938245319432822,0.1368900159158214,-1.6580772208129393,-0.012692204546391658,0.04277917281966753,-2.063604049279211,-0.013960910418033138,0.40767872714637615,-2.090549144505802,-0.05872195070728274,0.42768770369357473,-0.9492896361102684,0.031819059838544106,0.40413047840524013,-0.6030932939612107,-0.40453718747456524,0.5025351363454621,-0.4303936424437091,-0.5846506833029221,0.38193185773127963,-0.2808311939304644,-0.22516532252776214,0.8205006166953529,-0.8628866924883085,-0.06951214455526358,0.7609980023779563,-0.4749091466398002,-0.4115833435350753,0.7308982808221132,-0.29606809561784264,-0.5692424461718042,0.7847443650646984,-0.1334801823651271,-0.2671384026317628
V,0.0,0.0,0.0,-0.32854797507052946,-0.16333255334755917,-0.0037805616859413736,-0.6398094101494053,-0.3167692271037227,-0.009472481627225422,-0.9601761768457525,-0.5615896477900343,-0.06507966667065128,-1.2859268209327068,-0.6673275677459437,-0.019316804472911498,-0.3872432529472385,-0.982301096729847,-0.06733082613983918,-0.4083890883179642,-1.4879611552513061,0.01467902346079207,-0.4193655354488147,-1.7758213526211195,0.041996089487757605,-0.6335452582317136,-1.8914784914901799,-0.01438708919039561,-0.06358847829000346,-0.9978888653946631,-0.013202944751596307,0.035188089623091966,-1.5862608556415736,-0.009830833200159803,-0.03506801785659331,-1.9490652490573532,-0.009554569918878559,0.31152016515019043,-1.9168865232739771,-0.010528961473385346,0.3556228518562313,-0.9217043720760172,-0.022853834095515137,0.2913316411234894,-0.61564221502501,-0.2788458164871758,0.315330454588145,-0.4003570527005748,-0.4263971070280993,0.3100491117914137,-0.3051185454029355,-0.20651613588933923,0.6263061102494607,-0.8502550289684521,-0.05784489170636045,0.6061072810916903,-0.42816086550453347,-0.27461362809796763,0.6144917212955814,-0.3197655813745142,-0.5042801331705596,0.6712654134212497,-0.19845985894088905,-0.17398572433503304
V,0.0,0.0,0.0,-0.2733978454754709,-0.2377839325543438,0.05624387715354433,-0.6221513313355889,-0.3817763913557706,-0.05108974416153481,-1.00691543443714,-0.4532039110652284,0.013705333385556469,-1.288157264043242,-0.6953058487600025,0.05330094460784847,-0.32299653810831525,-1.0329217373319968,0.0731982941239693,-0.44613958351905314,-1.4729172817722378,0.0646470420127828,-0.39568169071876474,-1.869540622957259,0.03746647540452968,-0.6131347965487578,-2.0278958185820795,0.03997856221096807,0.04615362258553421,-0.9985269719302594,0.028525943455370125,0.049083274762526045,-1.5608441566852598,0.05108585150437532,0.02547865673974019,-2.039216628780074,0.06451608877918971,0.3960157631911534,-2.034758840557321,0.023470361230893685,0.34386282069943286,-0.9357341420179323,0.048256454600603016,0.3644535051348424,-0.6253870816921419,-0.30239786797322804,0.3293542145148522,-0.3353936747480415,-0.4297629000234142,0.4048369271768467,-0.3063839847975637,-0.09315750375780125,0.6784902917554139,-0.824464965026318,0.06550388855926292,0.7048667536902021,-0.4747401556838973,-0.29375824225381686,0.7107441139362727,-0.2692120751697912,-0.40095421557188404,0.6947863063086596,-0.2182806965698754,-0.060227115965647525
V,0.0,0.0,0.0,-0.38961042381351707,-0.26668378230658935,-0.011387877572395622,-0.765117808003326,-0.34824329334953374,0.005569544753571534,-1.0748955930050965,-0.5841800258361636,-0.058567513100221756,-1.4190525271754517,-0.7006931280711873,-0.022585673462458204,-0.4432100313896516,-1.0374879447723988,-0.018054312046677817,-0.38353376997293337,-1.5480574241170673,0.006337006703211342,-0.5188058094253478,-1.9160907246165666,-0.013538711532517303,-0.8138921905471629,-2.136579573402919,0.008256079060525674,-0.003368094583906156,-0.9998499838570489,0.016990165388627295,-0.01464821768322529,-1.6989527110959304,-0.07113134935918158,-0.022796965397269043,-2.0592461409359495,-0.07379515130627562,0.27497643653585246,-2.0979408531100274,0.007333716190368997,0.29652376947237263,-0.9368446217449256,-0.020444864072749286,0.2908463039431483,-0.5542761547715004,-0.3578917299657178,0.34109043921406346,-0.4259108810119328,-0.5440129851173352,0.2712841832864557,-0.2496683620396396,-0.2232881778125052,0.5972187275931347,-0.8440768110598581,0.0013394459902829597,0.6014051246902613,-0.5290192816999196,-0.3677662761045373,0.6605141911782396,-0.3523178000933189,-0.5697357289015927,0.6589938355583888,-0.1493479116844893,-0.2208812877576574
V,0.0,0.0,0.0,-0.32803698474524673,-0.14010891922744304,0.012460221731453561,-0.6665072065547787,-0.33622504288464394,0.028784419427800863,-1.0639616313953422,-0.47321653439354816,-0.017009421479934384,-1.407210052886301,-0.6366077153659461,0.0016654989866707179,-0.3672321883740429,-1.0443434937145715,-0.02545194332453536,-0.4007850657330789,-1.5381925192611126,-0.01623096025912087,-0.47555900842401405,-1.856783720329852,-0.008530972072080895,-0.6795441868135931,-2.0640580139380273,-0.029834085373923146,-0.020232292034264358,-0.9997869573281623,-0.004085867782463741,0.06844777524274816,-1.64798074019152,-0.020677676763803624,0.01102480926368828,-2.105161698977558,-0.027733918301434273,0.3688919395923017,-2.102345085260875,-0.004709460169495427,0.35653117524962524,-0.9222329359344529,0.04767598932763914,0.3491000848136763,-0.6519406573626246,-0.425580085503308,0.3163613734341332,-0.3958888039776924,-0.4748147527885686,0.3991987727782224,-0.22466940618446146,-0.13793869850943355,0.8156749207358117,-0.8973285520062554,0.02510781417515542,0.6985833795337871,-0.5230412258374728,-0.3659124005765669,0.7145327144052636,-0.3549317359785146,-0.5339261145475722,0.726371122406895,-0.17186559226863232,-0.203223988480603
V,0.0,0.0,0.0,-0.4475117600538278,-0.15641810409874196,0.02365705664786858,-0.8276948611902574,-0.31849950913952135,-0.10901931895112224,-1.1627996959201585,-0.5969867086833361,-0.019551497326791796,-1.575217392816302,-0.7369532830948278,-0.01423828721826793,-0.3966055476158921,-1.0476973074713185,0.053992158016779944,-0.4987555203904645,-1.649650242776764,-0.02468930145499584,-0.5546414264399852,-2.0292171202203284,-0.010610454741171308,-0.7874500312564828,-2.279344046595252,-0.03289705690007842,-0.04521629130548944,-0.9989082387769791,-0.011739570011327057,0.02560802144089961,-1.8029363024525027,-0.01363174981422209,0.006154439820087369,-2.2332963070535943,-0.03949171015697166,0.4448859366548452,-2.2726067466676905,-0.059595885562786395,0.29234826052114427,-1.033147955116909,0.0037748700832823754,0.3556126637878949,-0.6289562252605408,-0.36650028433720394,0.30891773058850913,-0.5337206313340737,-0.5707890516497108,0.33253898689560324,-0.2524413411054843,-0.21845184678373314,0.7072334507947794,-0.896365316288948,0.0643862201576159,0.7440530036843311,-0.48064210149928155,-0.3921785994487691,0.7138625809549473,-0.3936660338324323,-0.5691371779796641,0.7139273256495956,-0.1076667087630277,-0.24652519663484423
V,0.0,0.0,0.0,-0.2753464368213201,-0.1966343211119308,0.04873882174159344,-0.6454795182769544,-0.43340837536665866,0.04536845352997273,-0.9493951880634348,-0.45891888671970776,0.06143633670310398,-1.2757275322635149,-0.6886882674788705,0.027813182976745253,-0.280389281782579,-0.920693511253947,0.012673495234014516,-0.38262926376413403,-1.4877248803758232,0.0020740610379351297,-0.4187181983610243,-1.8179599747028008,0.06805223120486403,-0.6535995492035344,-1.9361635731887328,0.012889542403167272,0.042755587749449514,-0.9988813599102068,0.020198726200808283,0.04400568320492508,-1.6462276677674024,0.0736826915743442,0.010616882315915843,-2.0034726216228917,0.09232532030811946,0.30449918450836616,-1.9707279006328597,0.02591495754754263,0.3945638961149814,-0.9164919073229482,0.0989649565877497,0.30456373568925105,-0.615894822942717,-0.30265865369951844,0.39675254071683985,-0.4441050544654396,-0.4043108956879851,0.30624598383223983,-0.2967155585189676,-0.14542692424319156,0.6718891019401493,-0.8298058828994601,0.09437696543112432,0.6428081081497644,-0.5849299249778228,-0.28645974326910917,0.6936921434017428,-0.3212027862728112,-0.4680805284751768,0.6691647914900407,-0.14765968974047947,-0.11516872969098346
V,0.0,0.0,0.0,-0.35671676140295416,-0.26331641156651014,0.0023520900710203158,-0.6651186056998233,-0.36018782673310096,0.03896320728718263,-0.9798841866084741,-0.5959770496997545,-0.0005114698043273168,-1.2648696237932069,-0.6538071553913288,-0.023375761921685643,-0.3763196333183522,-1.0050309413449632,0.004225662337015638,-0.43430798175271196,-1.5013277268389984,-0.016403489403538907,-0.4294734735207497,-1.8280113773123834,0.004569623282559925,-0.6905291225163637,-1.9496744163005801,-0.02842152898503407,0.022628461104746974,-0.9997430651563906,-0.0013252998664554088,-0.0027230336530585544,-1.6126368388570675,0.020181840383870737,-0.06730824877269491,-2.0271416316831705,-0.06639115325007541,0.29651662294008096,-2.0501031362423165,0.046149844333099564,0.297810744632948,-0.9784418005258783,-0.01398048005010311,0.2805346117759218,-0.5954460302024864,-0.305894949384254,0.31265313520779336,-0.40105893340339344,-0.5744887353259344,0.3258223837999863,-0.2712508684732379,-0.1555628408752323,0.59587651687816,-0.807655957365098,-0.02142607393123281,0.6634664815270699,-0.5164463486519656,-0.27359317421443335,0.623679490296777,-0.35571495632726885,-0.4944401309198719,0.5960086795247589,-0.21152092767346709,-0.2080772059487679
V,0.0,0.0,0.0,-0.32581837610208925,-0.20518505325373754,0.007649026864886262,-0.6377560593634028,-0.32087686298172374,0.003399757519707418,-0.9790542557949858,-0.48670843299283567,-0.0062862934339787775,-1.3295588500395672,-0.6633186012653948,-0.07509242585426439,-0.3534465720028351,-1.0222250459649511,-0.017310391434122083,-0.33998159643610204,-1.4445607747969715,-0.058650346764965805,-0.40173840941449884,-1.8102564118895481,-0.03382057132020789,-0.5850320604064944,-1.9092957636272978,-0.03824486179676073,-0.01955375810208543,-0.9983114006444183,-0.05469915801422319,-0.038270109562596494,-1.575345037462856,-0.014293832778259493,0.08924590958995866,-1.9634732039253264,-0.015383815453935589,0.36324549475565493,-1.9956669724943774,-0.0377517661254393,0.34451684326919146,-0.9018888689873462,0.033516873995725976,0.31160249791228706,-0.5883246534828923,-0.3991180524627762,0.25898687918713853,-0.45551354527929955,-0.5288554998123404,0.31591307874595775,-0.29163532292555583,-0.1722290379252754,0.6645776753538214,-0.8176252527549017,0.015116835645602752,0.6858263596080301,-0.5007400925873489,-0.295214481309152,0.6088955766629377,-0.4160046682054564,-0.4716602213745762,0.6630816697866148,-0.14917377121674724,-0.2241926255962208
V,0.0,0.0,0.0,-0.39910839760266714,-0.2220385720877565,0.000659500405718277,-0.6502139298226033,-0.32250925886101295,0.001793170267398284,-1.0471996609638414,-0.5113689111595974,0.011231896373244121,-1.2768566504271284,-0.6822575416403576,0.03591501947425082,-0.32880294668667537,-0.9817341459245686,0.014699083346674274,-0.3954367705367851,-1.5323536438903762,-0.012230356936576068,-0.39672329040804694,-1.7838828182925157,-0.009090911028184807,-0.6612955144506237,-1.9679365429444888,-0.012816852271906948,0.028229160427298308,-0.9995673177535805,0.008263884103870493,0.006676384430175021,-1.5578570131166736,-0.00046577392416832797,-0.056248630939678856,-2.0061958409717664,-0.0011076410094518804,0.3136023572938317,-1.9519558122729626,-0.09727491163032466,0.2978253604952855,-0.9309471210844943,-0.0810759142014241,0.2952484738199325,-0.5541867206408584,-0.3072494594310291,0.33998247867185916,-0.49833752578571017,-0.48833613182854474,0.3355980028142922,-0.29445440837615505,-0.14541090790124186,0.6425466195805,-0.8109854000753851,-0.026043375307393247,0.656128784850979,-0.5310182968188734,-0.37839301081426213,0.6005432727161677,-0.3723758424217479,-0.5009038035502779,0.665514866259028,-0.18690419072608672,-0.2190140573802612
V,0.0,0.0,0.0,-0.30346332093190903,-0.28293407091500117,0.08768066747014801,-0.6280964206729719,-0.3891224390737302,-0.02951363365898038,-0.9806975388330447,-0.5401483136859934,0.05542501456884188,-1.294273879906833,-0.7537585397623044,-0.010841478980445374,-0.29492595317977677,-1.008060587624266,0.06392239774734437,-0.39759112428342047,-1.5221600207068366,-0.03490139009729369,-0.34411170081888637,-1.8519155539085521,0.023687717943986997,-0.6287577102089891,-2.025506355262949,0.035239301626903884,-0.004422557192527531,-0.9999901145803747,0.0004601406392616391,0.035266686140866484,-1.6623609272779951,0.01944208163873773,0.043677294184530924,-2.027291219391183,0.09025262550231655,0.29753190851142247,-2.1075400794794064,0.004838306254580265,0.3384846601016308,-0.9972712982459235,0.05548252313976557,0.38332416612465997,-0.6459338480467888,-0.3032510916319263,0.29447707325409267,-0.5558457033272065,-0.5280805886976694,0.3356463499827123,-0.3082224212736032,-0.09178753151326222,0.6459757278323995,-0.9244447231132561,0.08080152542579788,0.6331699671243871,-0.6044272216081618,-0.2923439485816299,0.6936434515671237,-0.34445063480387555,-0.5359908698704773,0.6153705796583617,-0.27788012516614397,-0.1451914890821073
V,0.0,0.0,0.0,-0.34204188504364275,-0.17088264560000416,0.011197214415233013,-0.613614149402751,-0.3262845631723121,-0.015758511740610902,-0.9500363288287573,-0.4856123793100161,-0.08437654818174685,-1.2800572993104171,-0.6870942287872174,-0.041815993855692714,-0.3075110123010516,-0.9584717833995672,-0.0010845425466439271,-0.3735447068420618,-1.422080615332369,-0.028628597000513064,-0.3821545878662677,-1.7474580736278704,0.006663840608467452,-0.6796436930056191,-1.870434545261229,-0.029271042118115084,-0.048658965456978336,-0.9972615385209321,-0.055693167152891146,-0.027526919202031947,-1.5318650251899437,-0.11971356061411355,-0.013807393462597232,-1.9874085133848256,-0.018274530387697864,0.2356979926189135,-1.9035043071524347,-0.0147375233207585,0.3160836538693966,-0.9256327707189683,-0.05947883089779346,0.2781665152009663,-0.5652647445320373,-0.3066780783792626,0.2800382389577567,-0.4156880438452788,-0.5386345063841205,0.28262944860014,-0.2564782870715712,-0.19053234600567848,0.5647983264541947,-0.7855170663466535,0.0006521030218980833,0.5590061856482023,-0.5201118882640495,-0.3592929602961433,0.6539907895505109,-0.3393026028431519,-0.5115347877314643,0.5476181276366849,-0.1537581614823314,-0.20256300638737104
V,0.0,0.0,0.0,-0.3011647973240842,-0.23515875964752692,0.047752011353538286,-0.6657519148658156,-0.38075874483352906,0.04642184718716801,-0.8647295356292701,-0.47644589068979815,0.0182017391424467,-1.2041137807645654,-0.6565011470697903,0.042368581367199086,-0.21049537388346592,-0.9621020804065807,0.06808495143870008,-0.3556938671351059,-1.351072844762262,0.10095219900653592,-0.3949913858280876,-1.6681142989020739,0.034563642288522295,-0.5631073395883679,-1.791730067178235,0.04070866439005924,-0.04114109071056212,-0.9956925985433503,0.08308826548397641,-0.006880865621038451,-1.4694113766512082,0.019255461293579725,-0.016557892914711023,-1.8815405952579594,0.00470327097509802,0.25252746781880636,-1.852812942541975,-0.03563521415088666,0.32298439704130494,-0.8838038225259177,-0.00943714257083647,0.23505356736155356,-0.5851839241089004,-0.30274595016205885,0.28217952537839186,-0.47159677938319666,-0.41533179460247216,0.3628220674989084,-0.3344121940792547,-0.14265734388459617,0.5837694487312514,-0.8288512709495999,0.017674870747532097,0.5796998427105134,-0.5422746602238749,-0.2924955634001609,0.5427580026028791,-0.33885757036627884,-0.4619425461554205,0.5656420582222514,-0.21753209774411753,-0.0878185373985655
V,0.0,0.0,0.0,-0.34973393573614747,-0.1693125949436625,-0.06132637942778694,-0.6301375812020011,-0.4193744612085074,-0.04978717926369389,-0.9531849281449942,-0.5565930511638344,-0.014910930816701046,-1.227536287986054,-0.71122027579396,-0.056888124003437485,-0.3352621239198948,-0.9645886322402892,-0.055492895198767454,-0.3778281479736347,-1.3983336559452808,-0.0473863457242584,-0.46416590567171817,-1.7719844380439878,-0.09127382501383925,-0.6744184200897466,-1.91387504610245,0.0013783062297411549,-0.08594502940467602,-0.9958792017564178,-0.02894939428778334,-0.024899829891643663,-1.542733779532929,-0.0338325372586951,-0.0173247467787182,-1.8896123676123577,-0.04694163868872358,0.2474688144401821,-1.9150045956210713,-0.07306621131027172,0.23495542781272982,-0.8600208933573699,-0.04906059439645625,0.34598895739544816,-0.5979646757395749,-0.3206618367189102,0.30505465430074846,-0.48877294652799463,-0.4948571941320158,0.3281903089506587,-0.3106299372586901,-0.16217960751454638,0.603050300451186,-0.8204339508543708,-0.011722619503152624,0.5742352390886077,-0.5364000448498674,-0.30728139455394926,0.6304272244330703,-0.36642891333860955,-0.5123712811345742,0.6254677228565396,-0.21756510189074818,-0.20875646414675475
V,0.0,0.0,0.0,-0.3535195594573719,-0.12823217376034338,0.038074127406911046,-0.6626002169032437,-0.33227786975658463,0.0808994353461267,-1.020390869817081,-0.4221052775918619,0.011132335024440745,-1.3297853720698367,-0.669092236885131,0.011275957390565486,-0.33310971692763286,-0.9446818990550038,0.018247544780116694,-0.38299139433892865,-1.4784003669004235,0.04923763686411784,-0.4209428568529857,-1.8122421000901074,0.011773920222317805,-0.6342891677167615,-1.9229828564156586,-0.08014387154269487,-0.005097115054976258,-0.99743863472912,0.07134556305633659,0.02923784832307249,-1.5531003961060077,0.003694932546611784,-0.04127351861044443,-1.8730835297116746,0.0659197753431724,0.3312288859441757,-1.9516078183487404,0.08018725374199555,0.3407569211249004,-0.891902914876951,0.014034176665418093,0.32554098697218947,-0.5429778290210928,-0.295560081130075,0.30651785356923583,-0.40507402633080497,-0.4602261670594997,0.27499011373809773,-0.2696476903805667,-0.14974006275310864,0.6467238350420809,-0.8110308071970223,-0.009147599190498863,0.5906239197974462,-0.41289616432204845,-0.28635276439981655,0.6816085053468074,-0.31669420656102254,-0.44321120671942094,0.6041930014077904,-0.14125581161564066,-0.13791822966978526
V,0.0,0.0,0.0,-0.3192423931140023,-0.19546162638306253,0.0923025077482358,-0.6649301652758833,-0.3574080184634905,0.01579027766851211,-1.0005762803113472,-0.5452492947492239,0.026483649572135046,-1.3032314584622882,-0.724441320996843,0.06764388644790736,-0.2878174428522255,-1.020692874400532,-0.014820068079472544,-0.37213474398333884,-1.54739182960481,-0.026205687507286524,-0.4436242458643266,-1.8261618045833734,0.07151237308288012,-0.6519650270253804,-2.0148389869748784,0.003160643153012978,-0.002853677302271587,-0.9995818309407882,0.028775332820243117,-0.05612830464724182,-1.6373569819579652,0.004267135151765133,0.008885162923358763,-2.056032026383558,0.05741288130471733,0.291796231856158,-1.9489244480850814,0.05851683103862748,0.3470046156654742,-0.968832136740891,0.03065343851424959,0.350432405156408,-0.5669329312320535,-0.2394517741989295,0.29948137661943425,-0.5146224387744552,-0.4349738946810902,0.3137365680356036,-0.31157990586836765,-0.15082434830133137,0.6184519481905248,-0.8613094882107035,0.002125395801864814,0.6725788153239328,-0.49142908668131896,-0.29511233026446154,0.7165247042410593,-0.3571865859302099,-0.4266421231864655,0.7274005606100232,-0.24787548079299535,-0.1081302497753682
V,0.0,0.0,0.0,-0.3476876390282408,-0.1878813872869762,-0.014449081664486585,-0.6561942263979595,-0.36668839846664714,-0.05574062664896263,-1.0373396189204174,-0.5387734942758092,0.051946376341113785,-1.4142311561182244,-0.5985939883835357,-0.017722661736193628,-0.3191888689720446,-1.0392542617753304,0.025675886668527093,-0.4497367363427522,-1.5942387882385436,0.0033583452652951587,-0.440607405531172,-1.9296504256159006,0.03281970012514238,-0.7029347711365076,-2.0598615254148402,0.00759921679557538,-0.01468339104225127,-0.999682966677712,-0.020453952232972476,-0.03563388903924507,-1.5922568362717744,-0.0016304112751821557,-0.05342543065618988,-2.039742533253292,0.04306539247138294,0.34206993686038567,-2.0894915301547092,0.05988080754687776,0.3364798482987419,-0.902008242309673,0.03208937208732276,0.35433673471487925,-0.5800454239486557,-0.28918678725182634,0.2772809740219859,-0.42810023301305483,-0.4802504566904426,0.32294276780630976,-0.3053395820099139,-0.1732938272225973,0.6379923762141293,-0.8820096394450687,-0.03635263372894808,0.6572814948385569,-0.4350812769129871,-0.35261027770524866,0.6721107296119021,-0.3216466810900235,-0.48583911827589543,0.7060050423630838,-0.2062904660191653,-0.1521334544475072
V,0.0,0.0,0.0,-0.30667152941059694,-0.18660373180322895,0.08461076115016644,-0.5775828797621207,-0.3406353250061237,0.03213450876151885,-0.9272631634071744,-0.48715023339425145,0.0820142402499635,-1.2093061530879214,-0.6141267370327251,0.10369410883188347,-0.3411054566357893,-0.9783735432884194,0.08181929314633506,-0.3204020962832076,-1.4009249854289378,0.07295555128486451,-0.43438285803131055,-1.7126458166675194,0.054364964358556624,-0.6011630920385507,-1.9017225300752958,0.10677568168409184,-0.018679998274765276,-0.997835337936324,0.06305312069958675,0.04349651477928315,-1.5455429439954647,0.07505831713814749,-0.01671284211208804,-1.89449773112705,0.05269243100942399,0.29357060801802165,-1.8396823825046136,0.10844535858944224,0.3147622474389121,-0.9143977191648768,0.13940887146268569,0.33615157290571573,-0.5926823307884264,-0.27918026955159897,0.32800062205446745,-0.432807378922789,-0.40852112469912805,0.2723151726638476,-0.2903359769288802,-0.045679299920179425,0.5953008385746411,-0.8401022652037351,0.07438480748682744,0.5927965639875263,-0.497121440407099,-0.1882569499563561,0.5747887722200756,-0.3591949549714097,-0.36970489827333597,0.5736951160137169,-0.18844443921335835,-0.08259963356080582
V,0.0,0.0,0.0,-0.2963673473769545,-0.17840268872600382,0.037744539173249506,-0.7027147042417401,-0.24142911232127043,0.005071764763296508,-0.9348748870090469,-0.4466508469304277,0.030192053846438652,-1.2605026917009339,-0.6290779944344719,-0.023547916926227104,-0.3077568908770115,-0.9397989343586712,-0.00043198396848628237,-0.41609075936511286,-1.4555375337420466,0.008066290074435396,-0.4051033734631181,-1.7162647211253308,0.006052274878849397,-0.6665052700197347,-1.936705269227163,-0.004833882044655489,-0.0836052044181313,-0.9963635454510096,-0.016427266677586476,0.019378517144331715,-1.5003972693005037,0.04021297544216109,0.04024149253013345,-1.8164281223485133,0.007636833929936156,0.26483802884237395,-1.8940193551053504,-0.0012843005151204222,0.358574927804959,-0.8132502736585138,0.07881214468280595,0.2743340055937134,-0.5868814530911908,-0.31816526039043264,0.320001308002368,-0.39848360465824767,-0.46851970799961495,0.31112075472585377,-0.23245424279024465,-0.11462839210221239,0.5326796670077082,-0.74079582127443,-0.007173724537889552,0.611321489512683,-0.43354457098051374,-0.21926331470105778,0.6657463333579641,-0.28467530239293726,-0.43066583799228814,0.641007039639713,-0.15553438975093625,-0.21454316442770754
V,0.0,0.0,0.0,-0.3963735978598222,-0.1296818928745291,0.01299287802382671,-0.8129452954251376,-0.3740928882653705,-0.11445272434500012,-1.251153937801645,-0.5415115515308181,0.022345363998520162,-1.5970397940316348,-0.6549390739613954,-0.03856352171123335,-0.3402774041086321,-1.1163074293725226,0.007483221601935101,-0.44350368672511137,-1.6263603309585186,-0.08727172057339432,-0.5276588250810716,-2.1149016204202336,-0.05119961946105627,-0.8131723388333826,-2.2399172683656907,-0.11834108494169392,-0.04176649892040827,-0.9961264730113624,-0.07737964418292118,-0.020170236278895366,-1.85776569282783,-0.01280689374572091,0.029669806070758916,-2.235160450104017,-0.05659762571779517,0.39549597574300654,-2.2812946469419013,-0.06681619561690282,0.4211533287138903,-0.9922504169603763,-0.12232395868925501,0.4038446600667081,-0.6644179130284866,-0.4383217628660933,0.3455703574501752,-0.3694075819457811,-0.6031613374814159,0.3564972283308236,-0.34971365804201165,-0.2692941430250977,0.8232745773723421,-0.8819002291011169,-0.13435895311665524,0.7522749248612688,-0.5398895094202415,-0.46470413457095927,0.7815529778162149,-0.2980325079639084,-0.615102441721302,0.7220724605091648,-0.06708806793255118,-0.2837034496184398
V,0.0,0.0,0.0,-0.3592792902328736,-0.16558826917498345,0.019197832518394062,-0.6924450473183826,-0.28597517688240165,-0.05451162728374516,-1.0393617426455162,-0.4570459818662877,0.02494369423712203,-1.3972866691918486,-0.6357096767389862,0.04004638702306227,-0.4071271054520056,-1.0054587274601365,-0.04263339840395356,-0.4823179711812038,-1.5120737048989084,0.013964878056726087,-0.4843419171662134,-1.8206099196577832,-0.0006434763063063559,-0.6771148970630242,-2.013428160018821,0.04153636278870902,-0.040145729251300104,-0.9987768320963851,-0.028864512647724917,-0.0839945957171183,-1.59363519208779,0.002495153078322665,0.0019175410121045047,-1.9880159143938259,0.041383461045320744,0.26426043173227975,-2.0657682741335206,0.1349425399505426,0.26387030513599224,-0.9054436359086715,0.030073629984515616,0.3584809774922343,-0.6044117438886418,-0.2757731788986887,0.273964416361898,-0.3878241779524935,-0.5107925765533807,0.3117165569850286,-0.19574562562640793,-0.14658452809280761,0.6634408443410049,-0.8454706364658449,0.021037691446236278,0.667795642003286,-0.4560874834014978,-0.29876564646137393,0.6843784285065352,-0.29414711413702976,-0.413338585680787,0.7043377621351012,-0.061563942000587873,-0.1437626364343744
V,0.0,0.0,0.0,-0.33277568898282733,-0.16503884128778235,0.05737285111103269,-0.6584462132709379,-0.2978469244265818,0.051768569591319515,-1.0696941347054003,-0.4809103170447304,0.03789957450875543,-1.350286322760243,-0.6765776570223863,0.024879275045456787,-0.3649106928003857,-1.0077369199752908,0.008895858682142764,-0.4241579585798394,-1.524031521077901,0.019630432231277396,-0.45982574482940725,-1.919103739073703,-0.03426562875791164,-0.7007913603559464,-1.9794737203668955,0.15536004100730574,-0.04681428556278859,-0.9975273058384134,0.0524184774101851,-0.039014323603848156,-1.585039210947244,0.0746173635371252,-0.025283559183143522,-2.0439890170463224,0.05079140518448634,0.38346101925762266,-1.9505637607281558,0.016951099778129197,0.36046878620353123,-0.8589828734664423,0.02532003719867316,0.35347403494210067,-0.607153860790862,-0.27787143441007034,0.4137470327762432,-0.3500028381423933,-0.506046733019484,0.3518522292865332,-0.1828935022326294,-0.08991695257430875,0.6355797926801584,-0.7592690415313205,0.03634420213230018,0.704667472695556,-0.48094873949714373,-0.2654838497216246,0.73219605800637,-0.30988010349590056,-0.5618919534800149,0.7257465197097057,-0.14137496326192214,-0.18559479394056397
V,0.0,0.0,0.0,-0.4084637116850221,-0.18495102466513705,0.02238930137236173,-0.6939743822342902,-0.3021051726690087,-0.03257377244233885,-0.9953609579943793,-0.4864405438772866,0.02434690871914632,-1.3488788120170936,-0.7003518945744642,0.022798908114814928,-0.3477522363390227,-0.9797683164790718,-0.03561720451950399,-0.44932433784189413,-1.4987913419947023,-0.02715021692407933,-0.4915978210953855,-1.830618366314608,-0.042182100914656864,-0.7020834975235593,-2.0180556863528776,-0.011018467392674612,0.007922629124315107,-0.9994742979361966,0.031438188763118775,-0.028234077819012146,-1.5884523815937448,-0.0158663142246156,0.02332486957373526,-2.000323875874489,-0.06805485046422725,0.30175300649293874,-2.022032588488733,-0.003370533795893237,0.27296382892136506,-0.9474399147483932,0.0006815885943768536,0.2872208124751895,-0.6389344774275868,-0.310686713565712,0.2983485788317316,-0.4392224517952744,-0.47371908550766034,0.3640529137250692,-0.2744460752741819,-0.19013903798925538,0.645811443909212,-0.7791432487198496,-0.003786667000071468,0.6595266117412742,-0.5183273865805776,-0.35124311042603057,0.6656133107681661,-0.2928308095548054,-0.5482341363725061,0.6268954630556978,-0.2021150449162931,-0.23623380426407964
V,0.0,0.0,0.0,-0.3278767343838443,-0.15666772708425214,-0.016892175614709518,-0.6424992144427167,-0.2303328766087582,-0.045266847917034676,-0.9668959584445511,-0.4604557873344151,-0.03195642919115917,-1.2425988185419168,-0.6485494908209886,-0.009263963686684926,-0.35569791214845714,-0.9828283065635717,0.002421166154951376,-0.38648732566523086,-1.505276993729845,-0.07528024760230946,-0.452063507461891,-1.872752642090295,-0.007762014302269142,-0.6831285311890676,-2.0248628701601468,-0.024335962048458743,0.03558687412321488,-0.9975578593288708,-0.060099015643680385,0.041037326915168815,-1.5773462182282134,-0.01012694313382146,0.05990347354214168,-2.010550519519366,0.04071963547841761,0.38280458277337504,-2.0194695071216864,-0.11551194044360058,0.3676611807575956,-0.8641886600630502,-0.022792931341016016,0.37512136220808406,-0.5626840992364204,-0.37176527855059804,0.4181182030377578,-0.3952136601883837,-0.6183311764091992,0.4669888469263296,-0.18968996722487913,-0.2337858652310439,0.7119569330031718,-0.801161154896173,-0.029503714123395957,0.7565957322384627,-0.49554351389253054,-0.4776767373043801,0.7230064863225387,-0.2261315825707772,-0.5724901231026722,0.7955076148104707,-0.12119535908750899,-0.2535461738770659
V,0.0,0.0,0.0,-0.3588450844977801,-0.21301929157734864,0.060636340981155626,-0.7113155052638517,-0.29898209519897995,0.008645823920268032,-1.0891683500936433,-0.5200607384401503,0.09922659000024946,-1.383524309510092,-0.5806372968951772,0.05494586991774171,-0.34600445641339117,-1.0240792900696922,0.03232067377021915,-0.43508225078829327,-1.4418017995292964,0.0425916739927289,-0.493227626113026,-1.8428493349268316,0.10575241715922501,-0.7196855122971373,-2.13332379149528,0.10492579248994396,-0.12461662596480927,-0.9883369348276035,0.08752599493135785,0.007073952413635178,-1.5916121172525581,0.00963971870519645,-0.05473977607710079,-1.9822328933285547,0.08542352983728625,0.31399266028167877,-2.011307074458036,0.02206752834471226,0.30778937183961586,-0.9320511102818189,0.09842051830233152,0.31104111453817573,-0.6128720209523105,-0.2951080711721863,0.32431665362982326,-0.483450293103111,-0.4001039966511093,0.2870709646712495,-0.34338225259936445,-0.041233147362335076,0.6579245592175009,-0.8341022809293929,0.0923119998466113,0.6158095915920371,-0.5276364944310165,-0.26688954281303306,0.6130095984504947,-0.3934095556016566,-0.45703308122414654,0.6347947747811539,-0.24755284758997181,-0.030720106629854936
V,0.0,0.0,0.0,-0.2896234959209544,-0.11288356957032028,0.016133335286086813,-0.6888191154895281,-0.35733947496135066,-0.0359406383441422,-0.9445141417884748,-0.5056854771709657,-0.034444167500776474,-1.3228241758272732,-0.6412393776312131,0.029437620771558575,-0.33761623613864,-0.9703691736347215,-0.0018821850685291574,-0.3611682656425358,-1.4823211480303462,-0.02423943905569756,-0.42890461348639175,-1.7925810951599497,0.018864594599699004,-0.6476146075308692,-2.013295668485991,0.028336483154710122,0.013392215384177081,-0.9996461844802298,0.022981610501052137,0.062047220867847704,-1.637451825108749,0.04654736125282421,0.024879500857873427,-1.9724974877255586,-0.03225100010887036,0.43540692179242824,-2.0338065060718042,0.02557323748838687,0.3911731994421126,-0.9345529371917384,0.006580888417399855,0.30777804966055416,-0.580706367630935,-0.2868339188153964,0.4039627232097936,-0.32557796033525277,-0.5116431631367917,0.2933916372500591,-0.27612872226919843,-0.1263257771250299,0.6463513138418535,-0.8377814411619751,0.008811004590232976,0.7483693722553363,-0.5497845318119681,-0.2987423376958289,0.6994694578719745,-0.30785973960623503,-0.5581986060219715,0.6237707613050407,-0.16140924523888717,-0.13491437163010567
V,0.0,0.0,0.0,-0.44774473182608554,-0.14616251196710608,-0.03565847383614334,-0.7509803452191777,-0.3253488467199648,-0.10311233858550974,-1.0400667552186549,-0.5098083484163479,-0.09793628129010921,-1.4722574510867323,-0.6443219801453816,-0.11586587990650639,-0.35731798092234784,-1.000316612569266,-0.03941041587345296,-0.4579126284992326,-1.5523353166785236,-0.07207327433665808,-0.46901528812731746,-1.8942509769812828,-0.10347821124838655,-0.7050423445838552,-2.084259856801116,-0.1258591412967312,-0.04871074967288859,-0.9967406141449378,-0.06430716118969411,0.008296470895814133,-1.6072402585219145,-0.07228882680626927,-0.049202301520936215,-2.0774919642384404,-0.07943228499697608,0.3474377195102217,-2.009219866337757,-0.08694039367585389,0.3413858346464868,-0.9484723336511675,-0.03852631278342099,0.3334535673860559,-0.6133825020251427,-0.427412274350069,0.31569091335066307,-0.4261806805978576,-0.6197935403963333,0.3001088244326148,-0.30825264116160067,-0.31802937922260494,0.6619795817932995,-0.8451210335418105,-0.08854139589843601,0.6347233215711067,-0.4670013722308968,-0.4485647253281695,0.6598800765361826,-0.392094080445331,-0.5516448852597373,0.6977866504462831,-0.13823464855910095,-0.22081486756425608
V,0.0,0.0,0.0,-0.34766612488322823,-0.16280988972063484,0.11312048841158663,-0.6829692669253591,-0.3231949103654275,0.14978824028223922,-0.9421868310375529,-0.5058790838709172,0.1296298222262752,-1.2698429636396404,-0.723217006684901,0.09129498508438318,-0.24940508180970006,-0.9735556471378431,0.13507734428205365,-0.320255619942189,-1.4981279587674838,0.1336117389834254,-0.4125769963330202,-1.7620140861932532,0.11998912584159956,-0.6295102194167685,-2.0080328177666154,0.06222310244581472,0.001269008043231614,-0.9960973498256214,0.08825224806745621,-0.031009903710342693,-1.5106919878587006,0.11242867310709546,-0.07963976940473368,-1.929085761864674,0.15066650140318555,0.34883480934843675,-1.9390702057350442,0.08539055149827773,0.3326643559361557,-0.9649288725239553,0.0916089859884021,0.370826497580211,-0.5303801659104057,-0.20638506533313772,0.2992977585657303,-0.49537398264949045,-0.34663783743525467,0.31959516146824657,-0.21599759904659283,-0.05071226416060232,0.637216598427,-0.877847623851642,0.08629453803413274,0.6683969352773242,-0.5012762627823933,-0.17115501538522432,0.624247750720472,-0.30692849153817814,-0.3600387945082505,0.6320456800806248,-0.13255752245717434,-0.08982386855833203
V,0.0,0.0,0.0,-0.36733408608949264,-0.1756303323662541,-0.012102520692827612,-0.7582023869492204,-0.3870776026311745,0.0014498381471199297,-1.1289982974951391,-0.5439668705070375,0.11555385846548029,-1.4412682470998117,-0.7879864624002072,-0.0043078534057793645,-0.3852622842347108,-1.0888634044377938,0.07287606093075387,-0.43217873076975066,-1.728793842331915,0.02363585809288673,-0.5115279575807772,-2.044417094357402,0.05644426537394312,-0.7411416753939019,-2.171947100366436,0.06268582105332356,0.004887192960594462,-0.9985205784270477,0.05415505334389245,0.012679040910891183,-1.8106466900262799,0.06984521180044195,0.022227831906814637,-2.1423412356163785,-0.019670217358863356,0.39454207052484913,-2.1624037467715223,-0.02551118475039667,0.3703478704419268,-0.9521477275610973,0.022003792427753494,0.331502934609161,-0.6551144515325636,-0.35973441170173315,0.32701848231960523,-0.5229013361103483,-0.5203158345082979,0.3175077214928135,-0.27385553101993315,-0.13934060536393045,0.7787789838860983,-0.8589815336482445,0.060019055352455615,0.7100559251950124,-0.5433632873614436,-0.3404859695691977,0.6924462936954721,-0.4226551272942941,-0.5513575095666461,0.792470787617743,-0.18651391771496678,-0.08603943193274782
V,0.0,0.0,0.0,-0.24093063947514465,-0.21101874208486576,-0.027979296462865195,-0.6206201645202577,-0.3269532852886986,-0.02752161268192045,-0.90034094532188,-0.5213443290152705,-0.03442372562924375,-1.294559453027868,-0.7117201759729336,-0.07647489893114641,-0.2445845800741905,-1.0571560402642903,0.04490691812975798,-0.32267393770198616,-1.5507314020205807,0.03183762729990941,-0.367908996644286,-1.8774980138583495,0.02687007852404228,-0.6332291232641555,-2.09179398214692,-0.0673827948617713,0.11932006750060074,-0.9921361748061978,-0.03779592746021369,0.08955422353800135,-1.660543699363502,0.032784208058260364,0.06450335454685957,-2.046002222046761,-0.08228640644558134,0.3813815867791662,-2.039213541425128,-0.005690896504003423,0.38621330734837184,-0.9594284095209891,-0.01620955784035838,0.419371890989399,-0.6579750494430927,-0.29596462265832413,0.3948665745608556,-0.40316794799173156,-0.5138132344908722,0.4004686929584193,-0.30190307505673436,-0.2354528466031841,0.7793340507318468,-0.8497546891702452,-0.038029373472767705,0.7801299785047847,-0.5105897617763084,-0.31379499250852105,0.734658332249805,-0.38683885109368166,-0.5665229559560044,0.7270914093280626,-0.20639656131936554,-0.254154781443859
V,0.0,0.0,0.0,-0.2735780686858798,-0.2503276294926005,0.05119115781620449,-0.5865595939989066,-0.39503861544416546,0.010721393014828814,-0.8290421173666478,-0.4837262145625086,-0.008631032054828394,-1.2316693547344937,-0.6518301222477445,0.012504425178151942,-0.23529354345650472,-0.9763075815973499,0.02633008145571314,-0.3322650379427179,-1.4732622274967326,-0.023059126952719364,-0.41105098514455046,-1.8354380202478022,-0.010845220658660913,-0.5845234409734753,-1.94844662265517,0.022265173998383098,0.07580984922911892,-0.9971201622815956,-0.002061245104987857,0.09524831640697913,-1.616840607078513,-0.02698229398328961,0.021673488244766385,-1.9076744055384216,0.05466484696770458,0.3221263070061015,-1.9207672673477296,0.10063189683756724,0.3851601474724877,-0.9793857693776713,0.02836722641972357,0.33392088405320036,-0.5818312535244915,-0.31834857088966256,0.36319444366497255,-0.48815825215573544,-0.43770358309112295,0.31520234781026896,-0.3301378535614931,-0.15365334951102383,0.5796850797349437,-0.8446133482929339,0.005495112403401526,0.6150886929706304,-0.5453851439634471,-0.24344045979393947,0.6416061290103832,-0.36196066521165937,-0.4299724699908381,0.605060955024881,-0.2417045263312071,-0.17083384792508216
V,0.0,0.0,0.0,-0.3055868301126896,-0.22327068607270642,0.03192233420044996,-0.675209931015129,-0.32199173452620733,0.03731722736413858,-0.9181145691322986,-0.5218110966887778,0.050979700953389134,-1.3674179064434544,-0.6633638289552793,0.07238041197431302,-0.33639010165407496,-1.0782423791525417,-0.019862408181700732,-0.402964626963756,-1.562769204582384,0.05141382102663611,-0.39721462298792226,-1.8948253307455518,-0.03785427454799112,-0.6318757364957577,-2.0979610080432467,0.026574076043945506,0.05022640420696738,-0.9974168187650173,0.051351708492618886,0.07244258138038724,-1.6352431926876245,-0.034185137675348774,0.00979909796713146,-2.0412753118191707,0.039061727239788444,0.2759922170237824,-2.0436384291031375,-0.06053066499817514,0.39477588748812614,-0.9369790816622747,-0.018679916156314546,0.42312944510660466,-0.675905501815674,-0.31265037303544085,0.383090951278184,-0.46441400487228357,-0.46598076623728607,0.339934771280032,-0.2775379211064822,-0.2081311163082833,0.7053830163997297,-0.8470955029385625,-0.011755477386230919,0.6868380709796654,-0.5512824275690212,-0.3473277639618251,0.7351896860462273,-0.3779293475549012,-0.4864783231949133,0.65559294997796,-0.12770033019926147,-0.12080710192268491
V,0.0,0.0,0.0,-0.31411802589177923,-0.13796997588873414,0.056520356108595016,-0.6590221657447988,-0.3922527240626538,-0.01624679857261179,-1.0135334643370468,-0.47228929212568566,-0.04362975370804593,-1.3197366752246313,-0.6150318489795024,-0.04329692509047828,-0.3942694314042271,-0.9546650390555248,-0.04023061737789508,-0.41443240627074424,-1.4759311495529492,0.0032613502936975716,-0.41682002606469865,-1.8128467589990966,-0.018520522794363822,-0.6286542156468701,-1.9782551479876365,-0.0528219424249561,0.004285323684292527,-0.9998735618153928,-0.015313274748433268,-0.03051205024655998,-1.5508020261288584,-0.010893331055411353,-0.010252994739099928,-2.053302367895223,0.023991566345241393,0.315406575268937,-2.0187007152161724,0.018451448020616126,0.4146796984897287,-0.9104895236765156,0.005010377261274252,0.2950570562310868,-0.4939192206536209,-0.3504630739782784,0.39420786834796234,-0.36795707498197394,-0.535561016907705,0.3236060117480863,-0.26350719603624323,-0.19096243427715975,0.7455032301321792,-0.8755855513044092,-0.07699610334343066,0.6902769585421104,-0.4883667658758878,-0.28520373912832275,0.7765041278618527,-0.3312311559002215,-0.5285331680437706,0.6916338544261263,-0.09195222799461418,-0.2044225647086433
V,0.0,0.0,0.0,-0.4265663919110987,-0.16109916618192638,0.06513758400456005,-0.6641084104407642,-0.3318841420750259,0.07608014109679469,-0.9621631567868393,-0.5375647650198098,0.03254959543165917,-1.3530456900993435,-0.751754675848303,0.051149271525858186,-0.3302598144279645,-1.009045597504251,0.0662969915390175,-0.3974349200346884,-1.5209887421295836,0.06733718622990327,-0.3819523926086212,-1.8786538300555111,0.02535541997028123,-0.7114028973618856,-1.9793258461389163,0.02901908594209414,-0.0038572040262179474,-0.9980438694288476,0.06239837075271672,-0.022116389727933606,-1.6149090058624536,0.03569355198654166,-0.005777788103023743,-2.051469205885983,0.09718740417370061,0.3158147126813756,-1.9854874704101821,0.056534716088423836,0.287698414589421,-0.908053439822757,0.08168459432304105,0.31270274192085246,-0.6647310225040715,-0.32183397454035495,0.33946451890166307,-0.4207546543378258,-0.452757497303108,0.32149899214871897,-0.33268275583790585,-0.0721997254387573,0.6302133105535717,-0.8202394269484388,0.08663756586232327,0.6764456238486753,-0.559771968589088,-0.2755189827367739,0.6739603636203741,-0.36712395001449993,-0.3837475184014643,0.6128102222354846,-0.20836764995403387,-0.07418612244342677
V,0.0,0.0,0.0,-0.3558047361401898,-0.20312942292522654,-0.025403124143610685,-0.614745373623293,-0.3378484147347111,-0.044724449984943,-0.9778648742282654,-0.5549300863952548,0.012648222807745687,-1.3522946971820062,-0.658505938098408,-0.0005873255787108581,-0.34588668322367655,-0.9851727830428374,-0.03059869316132035,-0.4148672445947061,-1.4747000903377419,0.038876133247509256,-0.4035874520774978,-1.809461799645789,0.0068177941321138965,-0.6511735613524094,-1.976125259921113,-0.017920357521174653,0.01844693266549602,-0.9994610794933136,0.027152555189054517,0.016716341496921736,-1.6249870226464658,-0.015082488196682387,-0.0030338555462670245,-1.995312108939666,0.06259904260021742,0.3194218913974037,-1.9889415555143297,-0.022211626621917054,0.2924645389521037,-0.9748021611660256,-0.012933011772606296,0.3639151291725789,-0.603002516675418,-0.31148977421370144,0.31973237229932916,-0.41660442893928235,-0.46274584806208785,0.29633243685360694,-0.29570295578491523,-0.10992062753845298,0.648718888154735,-0.8669016739232914,-0.016639305682753677,0.6301526803303172,-0.5166108305859438,-0.2941108239377676,0.626572517921562,-0.34878950262312325,-0.511617684635389,0.6337828087043504,-0.19298351506636793,-0.17158006368826884
V,0.0,0.0,0.0,-0.36768068399183557,-0.14271158293347208,-0.04597878918684767,-0.6838157731557566,-0.3104442185298396,0.07717231981084001,-1.0110679251907437,-0.4355126481335168,0.06962198843677814,-1.414434105136602,-0.6390352304772627,-0.06819578459531565,-0.36719886804621893,-1.0093093681453464,-0.05074560440761915,-0.3658027978948512,-1.557086123213753,-0.06264817693448912,-0.44337832653145465,-1.8179257568196503,0.01716761199704909,-0.747492902257233,-2.098343409036173,-0.018432295558874986,-0.019412824348615288,-0.9995810517563488,0.021467725088639606,0.012598407177078464,-1.6434272170854578,-0.0018306434788692167,0.05915047085724703,-2.0074198316264904,-0.030086082699402245,0.4157175301947555,-1.995628214180097,0.07385780939294563,0.3743775772536369,-0.9200572109132982,0.007487992039164338,0.36886653643294326,-0.6151974330685169,-0.3906667058703025,0.3782137555870396,-0.3922179903169992,-0.5140280346704945,0.38137188360255014,-0.18060587696054217,-0.14721872206039982,0.7160158175675422,-0.838684058989084,-0.0033152051815833073,0.709260564202347,-0.4749151754017115,-0.45097257646775246,0.6847160445903393,-0.2684903960321481,-0.4936067261854313,0.7234634096074136,-0.10491742243108636,-0.18401250879731473
V,0.0,0.0,0.0,-0.3301248380657611,-0.17150538340572705,0.0779866691786267,-0.652541726466374,-0.362070143824113,-0.011671547196183556,-0.8867233799928391,-0.49489172698605216,0.03233369608163757,-1.264435348516608,-0.6679962668537883,0.022454415438992282,-0.29382408869329396,-0.9883815619695643,0.048193678238035755,-0.4175240862088195,-1.4262310523718156,-0.0023174523228251427,-0.38696369188006674,-1.6954216732754648,0.044490443883229105,-0.6569178664605286,-1.8693293223966314,0.02251494722932999,-0.013079956563671778,-0.9999101633972297,0.0029291417203355947,-0.02197218237873255,-1.4982381416051158,0.03471321376680352,-0.05437292230719754,-1.873092363540488,0.029110238306959843,0.28108216109210177,-1.848743313079731,-0.03643729003824823,0.3427534517640036,-0.9452219167058331,0.0516238958651753,0.29515251306865614,-0.6455883374901905,-0.2879720968159281,0.26286034435008376,-0.4719690553265159,-0.41250319644732003,0.23344177267581953,-0.3056519696018396,-0.0874979462883318,0.6045225649144318,-0.8723088586162993,0.01403777325348352,0.6153001359768792,-0.5379136960493538,-0.26280539743803444,0.5904778786254675,-0.3486314399891371,-0.4441556672798633,0.5977068969594515,-0.22460702182743486,-0.12252698788454988
V,0.0,0.0,0.0,-0.41006868219303394,-0.23789058482120365,0.002631737695809743,-0.6485067434083307,-0.3835293343703825,0.019613713385625144,-1.0546162273008035,-0.5193682446408174,0.0407080698240963,-1.4015188582548583,-0.639152603459045,0.05062294382030624,-0.3838670137244104,-1.0223939944210887,0.014217009228366688,-0.4759221127100815,-1.5536699929786773,-0.008240419761702584,-0.5609162114782272,-1.9173499774950895,0.060391953322098166,-0.7138753935337794,-2.0897753890277153,-0.018193697925433638,-0.029384380846972806,-0.9975785815761817,0.06303595595129223,-0.05747149283680283,-1.639236486960756,0.008649137446662833,-0.05172300245546291,-2.0185457739603097,-0.035650571708349905,0.2781075215435064,-2.020584750909721,-0.01627762961051353,0.3052327753286836,-0.9678649617084197,-0.012626990710738834,0.28300960131732905,-0.6256636833005114,-0.33036405723347734,0.25653153192219685,-0.47515784545806866,-0.4472609970304951,0.32382559942297673,-0.3181919652814332,-0.16088929210816746,0.616553204177972,-0.8947800518397436,0.035125315429499274,0.6246416400026873,-0.5303965180525535,-0.2873559825204668,0.6868240245191998,-0.3744837531659308,-0.5439281660652453,0.5712730022111341,-0.18679875354578382,-0.12610242835207072
V,0.0,0.0,0.0,-0.3871088652639455,-0.18771707582246658,-0.10748260553392791,-0.6453286520485946,-0.418073690528802,-0.09876199126879888,-1.0542923722607065,-0.547051327120169,-0.03967221866671629,-1.4330730464727603,-0.7065469108137107,-0.08203850874790439,-0.3553739060488177,-0.9919282940691532,-0.022676510413621242,-0.4867109305785178,-1.526067701084704,-0.08020904444414749,-0.4622422256968225,-1.86112710484995,-0.035461543360561155,-0.7132495492811632,-2.013124999092364,-0.0543014562676448,-0.061076465438848336,-0.9932089664679549,-0.09902330178879179,-0.01752415322171128,-1.5931062249686938,-0.04228725988640331,-0.05108622035456145,-1.9983193065521698,-0.09036114368823933,0.3563343724856809,-2.04155671191366,-0.005120272339709067,0.3286422162163469,-0.9155524149125119,-0.05261065621115869,0.3053041497854459,-0.6082690587282973,-0.40584287146293774,0.3541030818182346,-0.47240074087913836,-0.5503856306307634,0.28591626426841316,-0.30673315698438786,-0.23879604759547784,0.6990198892200381,-0.873028505534499,-0.07050627847323264,0.6346038778569241,-0.4681947373426506,-0.3579039042954448,0.7186452649153926,-0.3597296736533936,-0.4971416491961021,0.6862883093955184,-0.24838094314566517,-0.21700205011554874
V,0.0,0.0,0.0,-0.36629694967074494,-0.10632386955391687,0.03807269491864081,-0.7107499416452356,-0.2928086899473904,-0.035441821440188793,-1.03959064181362,-0.5473875502021784,-0.007084448789994856,-1.4319958777933197,-0.6755056879527169,0.015024303062933765,-0.3075394057918915,-0.9927506655964641,-0.06165969417601583,-0.4075109913127358,-1.5703719758796586,-0.012751922408891631,-0.43218388200908026,-1.931067782504447,0.04234096704821733,-0.6899490315063415,-2.2373855785421184,-0.03767385232788376,0.09622645492113809,-0.9922660778267798,0.07841237254138587,-0.011045502777743528,-1.7184913850195136,0.0361309673627118,0.02367372691772053,-2.257780661593024,0.018817273713998627,0.33921313210625026,-2.15977894293896,0.08349630884184131,0.44305786383983187,-1.022083673480765,-0.0058838715284165125,0.3972042028343307,-0.6137374189850747,-0.2945544814415108,0.33066305615097985,-0.46159134139531277,-0.532677103876153,0.4103433502751825,-0.2612381009694092,-0.22354382157110045,0.8013447024368474,-0.8391882767463668,0.07053879499642715,0.7264968331195881,-0.5161491885941757,-0.39166992889497854,0.7173713157778376,-0.3736320902227981,-0.5511602842642351,0.7884571578378896,-0.1795075896873799,-0.16362264402979748
V,0.0,0.0,0.0,-0.27686183076766874,-0.0681213637950195,0.07548397107757214,-0.7868796815172426,-0.2888083689999069,0.0753064938894832,-1.1388007923186003,-0.6078122122910283,0.11030760417192802,-1.5126166849324294,-0.6275261632494694,0.07608843215443899,-0.32999108673097727,-0.9761487028157343,0.1420261795126789,-0.456774312845723,-1.5595231992684093,0.07590834266677499,-0.5042978979227105,-1.9627548844939893,0.10119761792621482,-0.7152552367680569,-2.165079372701331,0.07395539544072817,-0.07802173843813624,-0.992883472444648,0.08997232061778095,-0.07265054690141176,-1.7159886191712157,0.012971503690180413,0.015195831763249587,-2.0858258280052038,-0.020160524391714046,0.36575006647655905,-2.096757539183306,0.05003137938928887,0.385797213162823,-0.9114536898137684,0.12397702349222318,0.3954573930642387,-0.6313819851962527,-0.27250431931291064,0.3122864555605979,-0.33063768850249825,-0.41394872201059457,0.2783199205157594,-0.2779434721478453,-0.11198318625671339,0.787892340923462,-0.8163689176798085,0.07816302165481359,0.6901217969869589,-0.4293835817518274,-0.34728174519488375,0.7266482209813535,-0.3380536063960556,-0.502374068526415,0.7093321527296041,-0.03538181844325197,-0.08148287733175372
V,0.0,0.0,0.0,-0.3645901566967285,-0.17648218252748912,0.03782061635504032,-0.6835256952937221,-0.3387238235191426,0.03157440869390868,-0.9892985278144809,-0.4877270976776079,0.021673976533451433,-1.3595025273703085,-0.664101695655146,0.03689494364674715,-0.3132853256886603,-1.0469754827574025,-0.016330013694565798,-0.37795123558773264,-1.5279924112542436,-0.030224054587684693,-0.4416626548954262,-1.763876936474517,0.048502587971346794,-0.657086878342696,-1.9564811553781316,0.02375845328558202,-0.04156235026066083,-0.9969588202904156,0.06592178460837561,-0.024100042961802622,-1.6322447853244677,-0.016930055155023747,-0.09945552587408159,-1.9255066690723255,-0.04136693447377849,0.2507022952880039,-1.9446233096024779,-0.04508975784660089,0.3199678599120557,-0.9215323829472982,0.04391886305977111,0.2533877316807564,-0.6225848717321414,-0.3400101340427501,0.30533374527944424,-0.479734417503538,-0.4645147431131144,0.34886524159617543,-0.296104939267557,-0.10007497222794111,0.6074058941471194,-0.8138845108611116,0.05752858291748634,0.5375577027360725,-0.55224038246661,-0.31448381894968636,0.624626915704434,-0.377715458211557,-0.4337273829872516,0.5529348904760302,-0.14887575250470494,-0.15186168939560388
V,0.0,0.0,0.0,-0.36435217085069665,-0.2316026562805165,0.005217551525903417,-0.7419255360310743,-0.39322046560651647,0.019393426681201992,-1.0658679160623763,-0.5885155444739386,-0.02310196184316449,-1.3857715889555642,-0.6586883201098296,-0.004858119326826681,-0.35279946039293425,-0.9488950937514672,-0.05090715123121752,-0.4930543862410046,-1.5021920398058857,-0.03321181352903414,-0.5066114667719186,-1.7806835691805543,-0.07063980094331235,-0.7536603727722353,-1.9763436669432721,-0.04203476902866359,-0.048586719455450636,-0.9981003671349378,-0.037881233053585074,-0.0030199825429827877,-1.608339083801716,-0.016926904382772008,-0.06197668926188396,-1.9127115766057192,-0.04659607672293858,0.2716281667214962,-1.995886843257057,0.02383653664824428,0.28339959285622035,-0.9455084925742498,0.024690819931613674,0.3015484254369291,-0.5939952099812273,-0.35589273909658053,0.3123855235971688,-0.39544920633259467,-0.51214401580691,0.314375854040554,-0.2239810349828943,-0.0857197627655029,0.609240405750661,-0.8478459184959397,0.010095253682166962,0.5622658694889747,-0.5106576627397266,-0.3483209273793355,0.6375858893196525,-0.3106814664754144,-0.5566415301049012,0.591248131170556,-0.24913794324188535,-0.19808026178579613
V,0.0,0.0,0.0,-0.3016062522701771,-0.2474822257569152,-0.012871491425156277,-0.5891001383532289,-0.4149422328312202,-0.04892312595473282,-0.9145738034653021,-0.49872192934904724,0.01777015160256766,-1.2134689976115538,-0.7377409275572728,0.008484235779552218,-0.327289224143001,-0.9668128502092225,-0.007498641738874299,-0.3352247474169686,-1.3987579146636335,-0.013112339515407563,-0.3864690282682813,-1.7610973052659298,0.03410722985835565,-0.5348722922089357,-1.8463420183486499,0.047901488424199896,-0.010119289874731504,-0.9988803688280852,-0.046212646995164496,-0.002191139909346033,-1.51508630230425,-0.010006077461952688,-0.005451997648361709,-1.8179395577783695,0.019019928080855585,0.23890654921125712,-1.8861894878967485,0.008530143664914645,0.31796176150712646,-0.9298510959051033,-0.009843541484426243,0.26238521391827935,-0.6774572297613266,-0.24077817173032268,0.3209521615331124,-0.5202665095932877,-0.43918634478076035,0.2864950325716238,-0.3906952034830224,-0.12804426389695275,0.5428129430210081,-0.8015246390178097,-0.0020754839950006907,0.5483998327570645,-0.5688877785095383,-0.28018919252965174,0.5933413412974597,-0.3646238339434392,-0.4589050579781881,0.6449395052579991,-0.19957522766501515,-0.16249304786989652
V,0.0,0.0,0.0,-0.3267233130947059,-0.13699507633620314,-0.018648731190626284,-0.6306926834455064,-0.3085549703485895,0.02170204483704907,-0.9932636199755,-0.42822889392337676,0.0035231868467947495,-1.3571848623550393,-0.5636924041341462,0.03229795164441078,-0.34073049990846277,-0.9899751887291502,0.04623027956681062,-0.3766969593809978,-1.4289973190922611,0.03273945153001728,-0.43122523749114255,-1.7703185999844426,-0.02793463033009495,-0.664260283912337,-2.0050771872359,0.03209948278478476,0.059857968588278986,-0.998172277970804,0.008314270085843272,-0.006499943278099033,-1.5389837275131635,0.04297677152965283,0.003842355481290369,-1.953355527801177,0.07262757492839322,0.3571137075523124,-1.9812148757789099,0.04720745370910668,0.42638475284911753,-0.8935582493801161,0.06194384603658386,0.3125325285354673,-0.5941804202801408,-0.3482889727217175,0.3264404766546103,-0.41191612129230976,-0.5244414582308298,0.34478069635293673,-0.24112642636961468,-0.15757889228366884,0.6967587738299784,-0.80433683594583,-0.033466573756847896,0.5910989576931396,-0.48141051921198547,-0.29947890248402514,0.7288273018343543,-0.28658614038112096,-0.44344438868304487,0.7154599847946951,-0.1194226334874841,-0.15409507249872675
V,0.0,0.0,0.0,-0.38050037013305504,-0.09307273898634778,0.041780735666099404,-0.7673682149024628,-0.3180252414112658,-0.06738048103416285,-1.091020219040945,-0.4623406318678367,0.014276973042336277,-1.5094064448191313,-0.6501685942823696,0.012528206927239162,-0.4143652632695584,-1.0625533386272916,-0.04565038913685308,-0.49004397910585845,-1.5611118037935539,-0.05901588923185964,-0.47846933159553745,-1.9490125671494787,0.06620047459303877,-0.7163910142344664,-2.154459150894448,-0.0726207823652628,0.02839475714462069,-0.999589201915071,0.00389424979802001,0.021124331300860926,-1.7044150395495512,0.011224612225108737,-0.008866802336990318,-2.0931551063620177,-0.02582670888884241,0.3370204237255428,-2.1182345016985566,-0.013087908317109162,0.3241124153462679,-0.9372977419394389,-0.01878961302730225,0.37709624615436804,-0.5735056588833843,-0.40644174394045285,0.3506066226108826,-0.4477791175422075,-0.5664227948512135,0.3627266027055166,-0.20341251691256204,-0.1889010697903857,0.7136154634407624,-0.8382212399319084,-0.011920840451242283,0.7402671956610698,-0.4935547017212805,-0.4166531931453453,0.6981965996170327,-0.31784710705607616,-0.502217659656812,0.7037974391107256,-0.16233919845532752,-0.16522274375620585
V,0.0,0.0,0.0,-0.2705297676612067,-0.17617989891211827,-0.06712059277044946,-0.6814353296868709,-0.27937801045285776,0.008675240588462302,-1.0284941163642087,-0.45075303287353613,-0.0734645299630687,-1.3283774561523458,-0.6971080677909477,-0.019334387371623178,-0.315590612697479,-0.9918064047881809,-0.03651602985022703,-0.4337188857330133,-1.4965467412400364,-0.001858773175007219,-0.49169968741100506,-1.8269355810021268,-0.09767161732688279,-0.6762356259994526,-2.0433555503803777,-0.04720093001135786,-0.009174543843611136,-0.9988627207322315,-0.04678774280370861,0.04428452357340398,-1.6604053150647282,-0.08370723430938275,-0.02629778062773951,-1.9731290315161198,-0.027371056155406536,0.38838583625819945,-2.0068743573075314,-0.08879808380143878,0.28168118982150303,-0.9335425067032967,-0.07165690744299227,0.32570040655963717,-0.5712094588289912,-0.36559452688684935,0.4533703264449842,-0.4467714938328608,-0.5477878343189063,0.32612885922625273,-0.21054514807157643,-0.2353925614411149,0.7002610151019283,-0.8655005210858983,-0.08642837316366997,0.7590424718737278,-0.4542680388214113,-0.4168307156229339,0.6791835295816289,-0.29121423648949857,-0.5977287898406051,0.7095122046836747,-0.1226250216373409,-0.18925256337145824
V,0.0,0.0,0.0,-0.34864782166157154,-0.16417435658839777,-0.06708335939620877,-0.6951634588943622,-0.32183323616937265,-0.0330930426025463,-1.02359091843827,-0.4685578986680296,-0.042631678235036816,-1.3761406389455775,-0.6531905670208532,-0.054917113883450455,-0.35456715302036756,-0.9716005483585298,-0.001000113852956002,-0.39710092002738473,-1.4979058080800807,-0.020861781992610535,-0.5122840143960806,-1.7948801897720579,0.000632333761181867,-0.6668558120917827,-1.9432372896130103,-0.015896468665508767,-0.02599328381137278,-0.9996620393249295,-0.0003953851599217844,-0.02561936015271864,-1.6299922144508578,-0.05938639995524186,0.04692543982489175,-1.9671460354301307,0.0005020732414775283,0.25752193105091037,-1.9827052087550627,-0.09175828410606433,0.3430371569382163,-1.0013964473176868,-0.04893918526193721,0.29616819449242576,-0.5852154179781445,-0.4290616214600818,0.32678305305731076,-0.4391001574209277,-0.5464720228983986,0.31430619953134276,-0.22493769146448342,-0.19540590089404558,0.6955377039750865,-0.8970998004482978,-0.06929871916590179,0.6861376884015836,-0.5249611038525305,-0.3526736510934697,0.5886067128138697,-0.4170734037005718,-0.5514067885535955,0.6531397783789336,-0.14802085661320447,-0.2046780829363787
V,0.0,0.0,0.0,-0.2944346300214785,-0.08080533996264187,0.07039262543101123,-0.7093688329549006,-0.2306382839085432,-0.03740525111590549,-1.051327552007607,-0.46309411565191844,-0.033674318497404127,-1.36928323327661,-0.6266772473650157,0.0031114358790971606,-0.33769280422741993,-0.9653353312917871,-0.009591586129696116,-0.3782445551743329,-1.4936480052573302,0.015945110688088314,-0.43397964824021007,-1.8758935423889875,0.008331534757290877,-0.6798163407384549,-2.062823257999658,0.026905353326964546,-0.0041316811028261425,-0.9997924279592179,0.019950694390838977,0.048573910765086825,-1.5979260966021889,0.07553600986295239,0.05084978351379615,-2.0720261941828206,-0.007778819710521768,0.4084483881143895,-2.042367304338202,0.049803422121462694,0.3557156215457518,-0.8908151461495576,0.029313281850649714,0.3772786186372674,-0.4900991667368728,-0.38720147647522163,0.4231230176303876,-0.36664257837757175,-0.4015368298309621,0.378817176013882,-0.268719536144695,-0.18912893431460345,0.7203098640688634,-0.8239282435612025,0.0636451631389554,0.7016344805669722,-0.49849608431526715,-0.35805893949559586,0.6746741399613065,-0.2790111730356284,-0.583563718348638,0.7219932573307881,-0.10015681688860557,-0.1944574486110321
V,0.0,0.0,0.0,-0.28043459280590577,-0.17185195157803557,0.01453073572652902,-0.6062544284271083,-0.31770686298163897,0.002145189803310115,-1.0326677050343636,-0.5134401811740845,0.019917627888391548,-1.3059944635318104,-0.696185535397503,0.048885221053420164,-0.25590114612897663,-1.130321545164316,0.031796881585516065,-0.29636018547550674,-1.5625276331786198,0.008968618252305811,-0.32968328841312494,-1.9911068699506569,0.028010928337431806,-0.645011416424513,-2.136038507207234,-0.05365396012835931,0.048348904372046704,-0.9981115190164508,-0.0378916752426672,0.06836291206868321,-1.691034984158973,-0.034840814782580366,0.08245846191821815,-2.1488891000033234,-0.0014872444537223934,0.41574567317892025,-2.1875376582064816,-0.07971865185511008,0.42738677209519393,-1.0072438758655493,0.07359374017773576,0.4212674327691679,-0.6708560581200329,-0.3417787670319306,0.39485204768524856,-0.47158519666905496,-0.4897665532996198,0.39641843986572045,-0.30940626933532345,-0.1801675636851387,0.8317655988101306,-0.8620491403039968,-0.021459645617232972,0.7685929468476392,-0.5158765472695551,-0.34866470227255325,0.6899832235019149,-0.3551193058801155,-0.5709523166805281,0.867205887689029,-0.07042146792321889,-0.19489250277113282
V,0.0,0.0,0.0,-0.2912471629320064,-0.15321532781803363,-0.07285141132178055,-0.6750373645638075,-0.2860402248128578,-0.07683816903692765,-0.9496891464322219,-0.4852161466417691,-0.022623229918910838,-1.314748686914703,-0.6462287018995729,-0.06668511742782475,-0.27692175656097395,-1.0077837508853567,-0.054899787554986854,-0.33743722300227746,-1.4182487242753152,0.00525179501412515,-0.3293394493353608,-1.793940446955764,-0.006755296629640068,-0.6504831313725825,-1.939072731967827,-0.053723032687608974,0.061153696370666796,-0.9975306092908857,-0.03453851398017576,0.016959798972523768,-1.5543090512498425,-0.030442957124049576,0.016930983520575496,-1.9697743756800168,-0.03863689765024513,0.36721860948063256,-1.915643360864423,-0.04575728550929964,0.3573488330263524,-0.906544121358574,-0.03376701277919352,0.3277931904780075,-0.5682999710719914,-0.3697417317943256,0.3774147843821882,-0.37737604612106807,-0.5113579847014934,0.34795759657510517,-0.31060920718018215,-0.15540448646030683,0.6068744777581644,-0.861848646943946,-0.029656130480736724,0.6641046091399159,-0.5241623960629744,-0.3445421969731386,0.7181845463583116,-0.38060838232928507,-0.603260884741502,0.6705448391261323,-0.15959040489630705,-0.1660659889864393
V,0.0,0.0,0.0,-0.3122812802060116,-0.2285740405885658,0.0242169414367963,-0.6637653850388175,-0.3934507279013174,0.039496544647093006,-0.9564600912846564,-0.5506664589445123,-0.06859705532017693,-1.2604691349738557,-0.7115400768290556,0.012591335883825503,-0.32317299340873096,-0.999953943260397,0.016529863987870843,-0.4028531549717,-1.5422475696648357,0.03132315595737789,-0.3793582323637748,-1.8449428438484512,0.018463401917731114,-0.6092545655002166,-1.9448751125115304,0.04133357782228149,-0.003840695699436547,-0.9999238648251526,0.011726619703661638,0.08896749578085902,-1.6497437981194156,-0.00010917000847827911,0.09014771492738412,-2.010542463045679,-0.016628177189231562,0.3114248390315606,-2.0190518699389424,0.0031228171763930143,0.3399498969562689,-0.9565251909521842,0.003977005102417912,0.361779824237016,-0.7275029385139106,-0.27259709823174055,0.371537360480696,-0.48131364254618486,-0.5179927596126181,0.32849651600995383,-0.33937195194001774,-0.16064079191283068,0.672382829894415,-0.8948568576184441,0.04113434032952143,0.6292188661714126,-0.5170718017337159,-0.29145796428082166,0.6315112053692699,-0.34279450006142625,-0.5403423643447653,0.6516136919479345,-0.2237079802646889,-0.0967314363059846
V,0.0,0.0,0.0,-0.3437798203924868,-0.22587529868274867,-0.01053160929082724,-0.6902083480662603,-0.42264708757329916,0.005537341814271485,-1.0028731390993997,-0.5825083641061802,0.026060358276133545,-1.290630614328541,-0.6858482721773859,-0.030481140876589607,-0.38736514373465886,-1.0182346793700623,0.0014357375183510544,-0.4290545320653245,-1.503510302281066,-0.09100433739946867,-0.4833436049822197,-1.7687609317038118,0.039311445211104155,-0.6934018161706617,-1.938695634316691,-0.02282097209439175,-0.12008634868608685,-0.9919913629001993,0.03914594219901648,-0.07083725984521583,-1.5566495612803968,0.008884843614420823,-0.08155893539061765,-1.959423946539821,0.03154281569653056,0.25188428345370756,-1.9754665349108886,-0.0315937072103552,0.24005056104571584,-0.9437404237333048,0.032346593376553684,0.31743734439295035,-0.6685928035788447,-0.32579903003078203,0.2603816185819633,-0.48320247590103904,-0.4417668698799677,0.25411918756855,-0.2969617483628088,-0.16525947202009522,0.5847040047907438,-0.8555199737184762,0.028796820522277135,0.5659643289821636,-0.5617092703616362,-0.3000339138775488,0.5433370581521201,-0.31890945538134446,-0.39550841194734554,0.5558714201526928,-0.23689819891201233,-0.07832896252576062
V,0.0,0.0,0.0,-0.2960674321053622,-0.12714144252732695,0.024144531726420965,-0.6415382097806194,-0.30939969530613753,-0.022271654860774284,-1.0150672472104847,-0.5022576557294431,0.029304094939153768,-1.3195708001174782,-0.634409671095648,-0.02050714562400418,-0.3906219377579924,-0.9680630126949605,-0.01949194593231362,-0.4393468255984656,-1.5615510219435143,-0.03752462170921988,-0.4588597211914815,-1.8724407013563684,-0.0033323061057866105,-0.6306842542381581,-1.9565539142910755,-0.0193402825128866,-0.007334301086784356,-0.9991770055302978,0.03989385475327908,-0.05249272539477941,-1.6621331190779653,0.020536702698616047,0.008791859001640284,-1.99808838983533,0.026255663643681645,0.3929450037411234,-2.0387212938489956,0.006631616568334973,0.347192143003341,-1.0125108310534496,-0.027495863087981635,0.3722911047013559,-0.6094603170801821,-0.3249095185021056,0.3299806590664668,-0.4402821743965106,-0.524852187303047,0.3315471008377144,-0.2719443858629047,-0.1968663243040836,0.721750797203693,-0.7707129961134759,0.0350676070092705,0.6850695484435342,-0.539358577417474,-0.31032087010524895,0.6040418325861107,-0.3498187987374356,-0.504470638863567,0.6513800908402185,-0.19490978468913145,-0.15636412791336385
V,0.0,0.0,0.0,-0.18148220888962818,-0.1646333122159091,-0.06241376175242437,-0.5328448718594166,-0.35240284633481395,-0.025842504095832546,-0.8204080951442536,-0.5197596009931997,-0.0570215985584622,-1.1736802616948665,-0.6370321234745188,0.004129084408139862,-0.2192332919217095,-1.002560935626357,0.001568971457309464,-0.26305513326410346,-1.5276959430137438,0.027559489571087337,-0.32045310300861163,-1.7719986420880869,-0.04562851015161429,-0.548407015921877,-1.947899320471212,-0.050896218033923586,0.11589499736330684,-0.9906294506972351,-0.07226092303211677,0.14803417524582757,-1.5609314285252218,0.004143179318987242,0.12731961190239582,-1.9400193055057997,-0.06581578353335207,0.4228631096581803,-1.9484987014060395,-0.03987784823135857,0.4209669132219283,-0.9257758485595705,-0.029714090675006157,0.41298316764203663,-0.5445085128845182,-0.35651914163523557,0.4558187562316876,-0.43686917619993937,-0.458896691130925,0.4231771130031094,-0.3677105506330946,-0.22843163494215948,0.7542372024651042,-0.8036348696711373,-0.01952197917042603,0.7235338711771311,-0.5137335896187151,-0.3620969604544163,0.7508766104034775,-0.3365725076101273,-0.48796418966971394,0.7740006812042279,-0.24906009962135317,-0.14488197541180353
V,0.0,0.0,0.0,-0.3158510193966356,-0.15483709584742789,-0.034579351150367144,-0.670277745848318,-0.3603201429273133,-0.01078997783813637,-0.9975181343492687,-0.5127009671010095,-0.031102242893496702,-1.3151070339696505,-0.6236300986064911,-0.019373386237105692,-0.33567123718182257,-0.9550901274190298,-0.03109083507072487,-0.3685782578296274,-1.4920787512264764,0.04041744123563605,-0.4444508002334868,-1.7962219076038217,0.009901881676170534,-0.6801758171754768,-1.9791324609112098,0.0283175394626374,-0.00933177948120057,-0.996491261468661,-0.0831750185350812,0.03395947818012713,-1.6136492448879884,-0.043262688810148525,-0.0267778518184779,-2.0026036029020786,0.0011995604944254456,0.2758420694134014,-1.9218661866936362,0.02451789679778417,0.31837757821249246,-0.9215407670088052,0.017506158145025857,0.31294626396507996,-0.6456860462435152,-0.3017585434808684,0.29787239858970976,-0.4235782233249391,-0.4519067917616958,0.3346812850800775,-0.25905079823816773,-0.1680951811012388,0.6170973969396054,-0.8055482039093731,-0.017212031524414254,0.6581523600420609,-0.510911715406231,-0.30922347761524727,0.632728488662024,-0.313592440594014,-0.4290788379526139,0.6511759160912095,-0.17848284116651017,-0.12239483814795796
V,0.0,0.0,0.0,-0.24296160411244494,-0.1725855496207872,0.018004437585319125,-0.601995525462347,-0.33599000031982473,0.027045144125815452,-0.9066939429458944,-0.41399151626496683,0.04190024670035995,-1.2293802897058037,-0.6890619923593271,0.04109630141425841,-0.27964206408074405,-1.0503402258841164,-0.0051193120070702055,-0.38537938090685203,-1.5082664450118282,-0.009604387801102001,-0.3912839779527601,-1.824425649116635,-0.026398712417669674,-0.6489985241830017,-1.9534963360321471,0.002542862810804152,0.05224249401780608,-0.997994741796862,-0.03573817517185599,-0.05221713495282188,-1.6147100002044261,-0.006355048004512533,0.10439969828746812,-2.020985352600166,0.012732094094926715,0.3716067170440656,-2.008428328383287,0.006159956981593007,0.3629880938413393,-0.9519449108049998,0.015789036029622706,0.40896534281789426,-0.5719391713877693,-0.25622649168585976,0.3895236066591667,-0.41466018924872455,-0.5221174368699237,0.3642388450367082,-0.298456534415237,-0.14874355768354483,0.6279265383210247,-0.8196409927370352,-0.05473402194488069,0.7062787966258937,-0.5240827897817263,-0.3006162718798085,0.6435015850216729,-0.3054633240996859,-0.4739941310230484,0.6391656093227488,-0.18613372754387558,-0.19003563291155248
V,0.0,0.0,0.0,-0.39528071191203107,-0.1414547826952202,0.10245285312735843,-0.6678366514562616,-0.3087069849963227,-0.06090857760810635,-1.0805215934071266,-0.457467168817213,0.01507317928649631,-1.354020561583588,-0.6634694144809598,0.0009557924818454736,-0.437049597538819,-0.9746557999236949,0.04335260813706815,-0.4252095456154079,-1.4776623294705955,0.010485707745608258,-0.45865268497403944,-1.8223653391438506,0.01884228670674543,-0.7619076521230339,-2.019038798881115,0.05282687914766149,-0.12918320246149925,-0.9905706159560045,0.04562406170359159,-0.07711998208340418,-1.5803426711511959,0.019493752182567044,-0.03176613151757509,-2.0112171058741475,0.0015959812808047519,0.322679176827423,-2.0514614436962013,-0.05047692605883706,0.3074329555907945,-0.9318367424126829,0.07763889390868513,0.23979198796695422,-0.6241350733555465,-0.3054648251498578,0.29721875192558955,-0.40229532578582333,-0.4931988234667518,0.2866863199906068,-0.3011286854143738,-0.19312212116860655,0.6349882085283872,-0.8102458558466259,0.019935306917692918,0.578053237206921,-0.5310993631546864,-0.335886121421989,0.6217759365003745,-0.3035437691381809,-0.46005077428538893,0.6610626488259653,-0.21698026803911769,-0.1480207348999506
V,0.0,0.0,0.0,-0.36267998515061145,-0.1887650397706122,0.020506008634534095,-0.7348342533379698,-0.342030990753332,0.023826914734571037,-1.060466199173563,-0.49613133578747953,0.07559782144846071,-1.3353576442891852,-0.6783393111534336,0.05162859274361,-0.3498034765392693,-0.9889727379407963,-0.028765275360011038,-0.4301173230309343,-1.5232571679707552,-0.004712143374248848,-0.46127340045753135,-1.905707483105266,0.04882661353722571,-0.6489999309599254,-2.0408511071415,0.04261709298404592,-0.044044958681778996,-0.9978363005046144,0.04881351257577414,-0.00473370011829033,-1.638898263420424,0.012611300059488025,-0.00887289261106953,-1.9852000447495879,-0.03193379062120355,0.32170227224368364,-2.0046127042840016,-0.0062686746085532374,0.41551769945017064,-0.928265163235989,-0.006788112148824639,0.386724225853594,-0.5520602507642975,-0.33511379178992173,0.27891337190568494,-0.41567286982587603,-0.5168143952650903,0.3308233274996029,-0.26277550759821355,-0.17102424954513903,0.6299289392262851,-0.84481085771432,-0.02479852659438763,0.6634605142491108,-0.47811537951601346,-0.36102325208205266,0.6566783967483829,-0.35306563343530317,-0.5121740266273528,0.7027145596047139,-0.1501660413290907,-0.13786493924383794
V,0.0,0.0,0.0,-0.22217588547841777,-0.11448491453937727,0.006968543986468465,-0.6006036569261702,-0.25930919131915964,0.07170118443172607,-0.8836477699573199,-0.5002246626992989,0.01010838076344093,-1.1961463034751176,-0.6320809911506187,-0.052796972100994904,-0.3330918402266386,-0.9701528950709865,-0.002069342203069048,-0.3023044919527842,-1.4111986360055246,-0.03154786734035574,-0.4498090009196309,-1.8431020291971905,0.03906597879539883,-0.5336753123240703,-1.9841562886734099,0.06836355194511676,0.07094433416867428,-0.9974789942021669,-0.0015992419444344566,0.11696124378380339,-1.515881513791411,0.050312440303908974,0.05090584654148164,-1.9349099770688114,-0.052593712120008684,0.36035933274181264,-1.9337457121218464,0.03272931009548268,0.326236323235396,-0.88373881633225,0.029207334317385616,0.34388764904879027,-0.6114193773499356,-0.36812406797616726,0.32184931897067803,-0.3805273704304867,-0.42446843954605373,0.3578846737347072,-0.24288386739407986,-0.13759386354134157,0.7178818975231336,-0.8003341805812069,0.018316625566853817,0.6964659466011204,-0.5079548908128139,-0.29945431423651286,0.62987361386142,-0.37852899146250124,-0.5007020714945303,0.7036650487706284,-0.10669989601192108,-0.2211233673319457
V,0.0,0.0,0.0,-0.31164044169678934,-0.13495502504259138,-0.038270164371840575,-0.5975911589495425,-0.331968796787962,0.0007765225130647716,-0.9688994559392161,-0.46980111321196544,0.05318681272663837,-1.3044627230272354,-0.5959803145801154,0.04399239903912171,-0.3235438127108461,-0.9159773626823644,-0.12151555327325773,-0.39917936867641346,-1.458745183130042,-0.00430637906212618,-0.4365211210649472,-1.8125651410889816,0.028274705890149125,-0.6236931233304921,-1.925444391022648,-0.06932412007073747,0.04277856401040645,-0.9990781423259626,-0.0035860825019977133,0.019341784781451956,-1.4967235159215109,-0.01081984083833407,-0.028609868216687602,-1.9876787852571158,-0.016168257354081075,0.3041101540215974,-2.0049263512866857,-0.024332140294193644,0.3330776758912851,-0.8481028030788741,-0.047025279251100366,0.345061975892013,-0.5653034878532552,-0.34865840293466105,0.38169684556423994,-0.4209749757840304,-0.5538615939118118,0.33298549657957927,-0.26187498292228495,-0.17180084941589893,0.6509508073739104,-0.8258762807242944,-0.04254087666322996,0.7044619844275162,-0.47646839621535525,-0.3467789888403347,0.6230302950356573,-0.24563025710552425,-0.5219290089433094,0.6543265789915341,-0.1253973629129468,-0.15380064053793915
V,0.0,0.0,0.0,-0.29397156556562076,-0.14073298005724513,-0.04300071362056979,-0.6687888603299098,-0.35277608471313615,0.05159800558043341,-1.0064104429455332,-0.5032210743229454,-0.01411585264897357,-1.19600575708209,-0.6540212759115135,0.036139717577381186,-0.2870516039966097,-0.9946130726488533,-0.026612704417909715,-0.3913916925080037,-1.4182713484348854,0.009484661786831586,-0.40754897407752805,-1.7167333617019198,-0.014604616794435015,-0.5893980170244546,-1.9043578708579068,0.0010052349784785567,0.0017930836446612072,-0.9979163797555152,-0.06449561122037478,-0.0015303340507969961,-1.4594408399336647,0.011294286033481794,0.02547565624424459,-1.8837642630390377,-0.03547608384503861,0.3134901472337966,-1.8558273431835708,-0.034271649094072265,0.2638601729288928,-0.8764125544426742,-0.03600834135258902,0.28542158631483744,-0.6028944225409383,-0.32257656107641913,0.30096291268168757,-0.4539567705070859,-0.5313181222510474,0.33380156623511936,-0.2319026125668758,-0.19411332227956204,0.6165438317849405,-0.8417852284991766,0.03803448200131665,0.5988766256138548,-0.49361608614754154,-0.3718065850117384,0.6142227369524698,-0.3387922379240924,-0.5056277401886213,0.5989903435222234,-0.23843339830118018,-0.1683696699639976
V,0.0,0.0,0.0,-0.32361872284205623,-0.17046025532436215,-0.02844709700236722,-0.6250141076317207,-0.4042586887291932,-0.07604514860998865,-0.958335810575421,-0.4576017783152914,-0.045175663807213814,-1.2341849719717668,-0.6189081502639869,-0.005527503949175164,-0.3259613571707688,-0.9293893403686347,-0.013839032339413578,-0.3801985900616706,-1.427879712154988,-0.029325681763198216,-0.4084913986104097,-1.697028489471618,-0.06918790157854315,-0.5981637160446064,-1.895784576606149,-0.029734632960930357,0.03494106902911995,-0.9979550575678372,-0.0535240578607133,0.021513275585734886,-1.537996732979916,-0.07353016734451372,0.021868275031844523,-1.8636537225778265,-0.027646681964471877,0.3107033276653753,-1.9349881336306611,-0.0417416949887369,0.31483824485651546,-0.9283478257855974,-0.12406157663422147,0.28949813049892764,-0.5774880531332438,-0.3564680697966111,0.34052793788123614,-0.42895938874885414,-0.5147598102503128,0.34016103568027906,-0.2723635243189773,-0.17953602028608392,0.6403092302832321,-0.7702929935935284,-0.02265508627996733,0.5949737633225076,-0.4267360755100343,-0.3446966019693219,0.6142846711802813,-0.3069739787353976,-0.4892992047939489,0.6043599601303544,-0.21323392192058677,-0.2384129053703708
V,0.0,0.0,0.0,-0.3235159567508192,-0.13957033492599002,0.09173739996459056,-0.6884296106522791,-0.27654442324839346,0.055036558941082565,-1.0370688888282498,-0.4196744504031701,0.036365285889650364,-1.4191392142717498,-0.6332640196922089,0.0057311833178373215,-0.3913640355141129,-1.0003755403315282,0.11976794900742557,-0.45836088791100177,-1.5549708093351857,0.07182091135337282,-0.45257150766007825,-1.8791683066285425,0.030295286819418024,-0.7111840373348712,-1.9753664475072588,0.008808829822596688,-0.07705687799991486,-0.9938996246468267,0.07890357203449969,0.027658515217260406,-1.652675683389647,0.0159471555306543,-0.013882888945128832,-1.9544281217603512,0.004787480407535001,0.3163659483086978,-1.9850778698402447,0.01731536864342789,0.3219479458714822,-0.9152897811724751,0.036500610808612236,0.2951379214105519,-0.5893065681503734,-0.26477701956356225,0.3369910646728404,-0.4043578254916763,-0.5295828611720779,0.36480090910175034,-0.2633590997502864,-0.1594258844075772,0.6320757201354495,-0.8306963633166149,0.02609315806064663,0.6297469333071672,-0.47647462143575825,-0.3561060438378917,0.6558393388401947,-0.2515042636234956,-0.49397543465944227,0.5654615150350167,-0.06070119820388888,-0.19882886296442226
V,0.0,0.0,0.0,-0.30491778575883577,-0.20312003811279772,-0.04207476829929438,-0.6502136640547809,-0.3459017736042417,0.003516441562982515,-0.9815029919540057,-0.5500039457693942,-0.03868618256549359,-1.2657047236715249,-0.6740884101703432,0.01866813875843588,-0.3078959002850672,-1.0358463091107526,0.034403485231299345,-0.365584840473263,-1.5246664785884547,0.06750201259047685,-0.4670060314981432,-1.805048392227444,-0.038914314479236316,-0.6429495306781985,-2.0382854555319114,-0.037269262972632645,-0.031236460781610454,-0.9992009870434487,-0.02493333129039822,0.1023110716877877,-1.5988668249963007,-0.0015300344175276422,0.026604658068059076,-1.973252437662966,-0.00845105056326594,0.40573348999888076,-2.0286699533381154,-0.038043175878719505,0.33291540086889293,-0.9540106880055375,0.014994745393577145,0.37628932130644627,-0.617554593765503,-0.2836139776792057,0.3582450091950536,-0.4360278153207583,-0.4705662877995759,0.3694152692342886,-0.3139007622850284,-0.10120139366863314,0.6725740251018929,-0.8712106334387645,0.009833077683957216,0.7002309365462115,-0.4842560785299587,-0.32903218830548336,0.6912130819735175,-0.3317477091953152,-0.46707326736974236,0.6941574438406684,-0.15752794418232155,-0.13202712260209215
V,0.0,0.0,0.0,-0.2896517553387948,-0.1786858022441008,0.03417082216771079,-0.6483638268733786,-0.4123927466151626,0.03714120638176402,-1.0111770325075107,-0.5877905455009863,-0.007726261867584425,-1.3517233223087133,-0.7463328719819008,0.053849949637264145,-0.27749161957125384,-1.0043043138900716,-0.01953607043903026,-0.35968095161306546,-1.580031396564272,0.032734729320228535,-0.42754986486715985,-1.8431085530009812,0.003400475309937965,-0.6629902296006139,-2.0396833962017418,0.018718241659888866,-0.0035611099408575527,-0.9998378901572369,0.017649699768384947,-0.02190639255395543,-1.6627236998984318,-0.035286496019125084,0.03288679143042685,-2.0179140847849397,0.03827900228979789,0.3572499870154221,-2.041493259645097,0.06244056766224948,0.3561137541354018,-1.0119782162973419,0.017678180656011996,0.3193201737361026,-0.6909455717490377,-0.2891682617227088,0.3706834363177713,-0.4694866104885443,-0.4926828108140805,0.3212397081205644,-0.34998511372597274,-0.158309140447953,0.7055622142846804,-0.923226583889401,-0.022454471674938695,0.7021964688634447,-0.5206137841828161,-0.26280748285870964,0.666384129125891,-0.36291327028694015,-0.4833488170562641,0.6536725542537307,-0.20146132521125762,-0.16166531635191028
V,0.0,0.0,0.0,-0.36296793338885497,-0.11090345103612076,-0.011193425975522685,-0.6537525147454738,-0.2610986560342416,-0.009869344785800994,-1.0021876891125137,-0.40998345851317325,-0.02279127683631344,-1.3504941154092074,-0.6449309062173124,-0.05586183454897788,-0.36628189150806995,-1.0082189542452493,-0.0564338976571824,-0.4327893457784677,-1.4729283689764998,-0.028875562460898063,-0.47169996722519975,-1.8055649901700697,-0.00038811021098415213,-0.6663284716328562,-1.946068117347943,-0.059833279277397934,-0.023424584340133208,-0.998992439896949,-0.03828046338842957,0.019085248134056765,-1.562146703564085,-0.0330055057880739,-0.0431910556409385,-1.98278580482263,-0.030767261824470527,0.34697997590627155,-1.9527946725550136,-0.059260569122940546,0.34390074710752466,-0.8880863696466726,-0.06844813866934864,0.34819597318544204,-0.5487081751880256,-0.36197306261884116,0.3014162167640286,-0.4200367719017048,-0.5005920405172212,0.31683005208934795,-0.21748605497787654,-0.2196580303173223,0.6230180347360552,-0.7743207075167259,-8.262126407251007e-05,0.6474282060864304,-0.44562514809394566,-0.35457857583992414,0.6520856458169929,-0.2667929331422183,-0.47911128782167367,0.6713817188252355,-0.16711295271789048,-0.21196362950264463
V,0.0,0.0,0.0,-0.3618648019252365,-0.16029928329383308,0.034611317364756984,-0.6617950628497559,-0.3737097329944179,0.03671659985571174,-0.953626139828892,-0.44247810397586745,-0.06380209401678343,-1.2982088412192994,-0.6917845409561143,0.003386618997456781,-0.3640997262002298,-0.9685179892253886,0.010205064006509404,-0.39434609020522665,-1.4860179755283176,0.019117040398521516,-0.4819720077692344,-1.7558348416016096,-0.040797021692157945,-0.6237758158666901,-1.9484882737018212,0.005603110770384398,-0.030980610386317352,-0.9992974857235503,-0.021088783907136924,-0.01644508403174621,-1.5435550183097673,0.009704154989634199,-0.008628013919565587,-1.924918787095171,0.001534295548780691,0.33609604370427276,-2.0040912011199405,0.0020362833584166343,0.24931791919148938,-0.9411514350704835,0.07237269352026555,0.28451278639232896,-0.5772763389844527,-0.32456183259920823,0.2900287565276606,-0.42805009671440747,-0.43456215036269163,0.3056367187498561,-0.2766513228989702,-0.17922113244639432,0.6254237682499796,-0.8405060210132058,0.04874564904095364,0.6741698149768462,-0.503925771449291,-0.3422376407405517,0.6142457915547581,-0.2932043118981634,-0.45908912941742475,0.6038757999990548,-0.1789458272349808,-0.1261415910433036
V,0.0,0.0,0.0,-0.3798759944642311,-0.16127934808471248,0.06299535171024659,-0.6916549600750868,-0.30384711101390877,-0.06213471880813423,-1.0159898087046069,-0.49365092072127975,-0.010836638520491286,-1.3208460036916836,-0.7305213049281418,0.07382674249680496,-0.33618412148658355,-0.9927534352399361,0.048552187030813806,-0.48019536603134616,-1.5146097780473284,0.00957899576022346,-0.5193267525751224,-1.8244410412109469,0.01865880285127396,-0.6792176757388847,-2.05220728214731,-0.012349182113702145,0.002713851135300941,-0.999436779861316,0.033447841073214704,-0.018987354801891763,-1.5695236406347086,-0.032720353140343855,-0.014349641801872533,-2.007380521261882,-0.009216359931576774,0.2660110298247813,-1.9124907923846683,0.0045277067115142506,0.26842482391169387,-0.8775091509002589,0.01653863771253249,0.22182528920141897,-0.6569113477654385,-0.33715119415540407,0.21549294928425775,-0.49309748785203705,-0.5802452132419793,0.2541077050590024,-0.3343505367069647,-0.09883291983949594,0.6304365202896526,-0.8643784411587452,0.042385191610926506,0.572704915864559,-0.4970039370156015,-0.2898043885169468,0.5998514402307854,-0.279433413901505,-0.43800508831015467,0.59181062567676,-0.17618677653389408,-0.11755708914311037
V,0.0,0.0,0.0,-0.3402864894038015,-0.1149665755215437,-0.01604150018413453,-0.7094958937494305,-0.24252400916173705,-0.0326894203800908,-1.0849666794572248,-0.47597707417652463,0.007687550552941024,-1.3965823084759994,-0.6525170327693428,0.06401856968608817,-0.34854016967241247,-0.9835688722564162,0.013438842637972268,-0.4884156720905847,-1.5749605185939088,0.01201925369285169,-0.45881008122245137,-1.9312241271806936,0.007025174248155536,-0.7253576661417208,-2.057425293873465,0.01847259086511807,0.00599304065611532,-0.9994117994042345,-0.03376593957354542,-0.0587454242325153,-1.6102751831334474,-0.04404252986268529,-0.056702658959602574,-2.0081385710514628,0.05728009103546442,0.3577878940173743,-2.0769509319562216,0.04548032793761184,0.3192526077064589,-0.9311899590506184,-0.06772061917143353,0.32073031594035606,-0.5796844975107531,-0.35445653954575473,0.33277451465080904,-0.44552943565426245,-0.5690160815496055,0.3298430594486643,-0.1869251262359944,-0.10360505815713303,0.7662564813317433,-0.8219662324980561,-0.03295366707484739,0.6468405333725316,-0.38076597556947966,-0.35834795282761306,0.6637467978546697,-0.2774566456658103,-0.5053596200911076,0.6467812423780868,-0.1344630101545674,-0.1669973780447341
V,0.0,0.0,0.0,-0.3962792166731082,-0.250720000350697,0.0013223310709680933,-0.6149246875391262,-0.35843466341653446,0.017640093925465,-1.0263653167783184,-0.5596706205600552,0.0012053567989223244,-1.3130360718060288,-0.6558681154634234,-0.02597730226319423,-0.27805019775318807,-0.9807710342414634,-0.07421489761936655,-0.39817366773591295,-1.4737518097251243,0.00984765706483525,-0.35055433001759384,-1.8102815245121706,-0.11174501224037046,-0.5778667245466939,-1.9414172904598763,-0.013524519260805171,0.04309900047272259,-0.9990553468162833,-0.005557891331087886,-0.016312693120044255,-1.6022053814706905,-0.0026874392190165126,0.012920287587013109,-1.968068508691327,-0.008936862528190577,0.3264149505892181,-1.9847691484525198,-0.032590905736137224,0.27683758475740294,-0.8931137919967241,0.04729629679716997,0.34995812202649446,-0.5840549367668135,-0.3681659867527498,0.3392622935526137,-0.4013402660278088,-0.48118666550802075,0.3563374060422605,-0.3004912157306501,-0.1707400690424434,0.6525177503934354,-0.8441911435528848,0.0022386477582055034,0.6367259584160269,-0.5625389921478676,-0.3363918285891064,0.5982911979360652,-0.33128902288341555,-0.506875069661167,0.6419598986957691,-0.14729834820439225,-0.15110489535788074
V,0.0,0.0,0.0,-0.33520380219632395,-0.1418530055800096,0.09639785626132788,-0.6192483795965734,-0.3407730313360487,0.06256869881249587,-0.943211766543437,-0.510059801509374,0.06299029557690414,-1.2898319387420676,-0.5808639373630098,0.0887296643854423,-0.3322141141831543,-0.9855850117556049,0.08932901089035948,-0.35164729783638277,-1.4914701794755676,0.12613474898367058,-0.3847354071802674,-1.790086411462642,0.06527922233677717,-0.656154424720333,-1.9512891456259474,0.10400165434406106,0.0027393763139950704,-0.9996245738134488,0.02726182762932556,-0.035378777450930314,-1.504533636884024,0.09714626156201403,0.05023274425356018,-1.9339687894144082,0.1458036652682256,0.39447615254264584,-1.899205908502076,0.10862287445217446,0.28997993310598885,-0.8790162290756853,0.08698265112606338,0.36039994014851656,-0.5893204726125217,-0.2510482555723219,0.40025498409256205,-0.3931935204418777,-0.36822781720696535,0.3538808980148383,-0.23755839245644264,-0.11440071559037988,0.665216300287591,-0.8089164185761833,0.06157435790518362,0.6866680822459063,-0.45867397786036734,-0.24199701899932466,0.7131915582375751,-0.27726208791752643,-0.35480025935198956,0.665033908775973,-0.10350913204187377,-0.049553285740224426
V,0.0,0.0,0.0,-0.30392024170982884,-0.16164795544102184,-0.018714763466500414,-0.630219142655266,-0.3081549959489429,0.018551944767593816,-1.0065723942432996,-0.5457862589731567,-0.03198420231661824,-1.2848219831858678,-0.6631317603980412,-0.018010876830248806,-0.33436323727488576,-0.9965425371932981,0.035380250916058946,-0.3646630569155879,-1.490296886941974,-0.030195360912304375,-0.44587182521017626,-1.8208225836472585,-0.0026994776076031514,-0.6723968315773982,-2.0119046117576747,0.002618564925587495,0.02973076630495613,-0.9983820923941396,0.04846936271109968,0.031973911801129136,-1.5508875095538381,0.0033523683349299133,0.030019659269348176,-1.9801170940834951,-0.016286792523415625,0.3586871736870101,-1.9091386922971665,-0.03354129146396534,0.31411695263104183,-0.9036720590747274,-0.005082464056687892,0.3502452811896452,-0.55671091545001,-0.2994777816559003,0.30774099177697883,-0.4284170647157168,-0.530074161112893,0.3489942922907055,-0.30037722187706156,-0.22032594824873578,0.7260634527964342,-0.781853428617312,-0.03987517281887955,0.6682915117561288,-0.5090411779501792,-0.36006349527973197,0.6253387376889747,-0.29595319873782,-0.4799955648519762,0.6813297173209935,-0.16512776916223787,-0.23544352712097466
V,0.0,0.0,0.0,-0.2803353734391146,-0.25933732335593984,0.03624663977490257,-0.6662247087673593,-0.3525622547771954,-0.029507997751025535,-0.9757858730359897,-0.5340797785773018,-0.06651959046198952,-1.3561550585730886,-0.7312680236174222,-0.019868267879798382,-0.3244021440276065,-1.0066436865305413,-0.06758416454336326,-0.359178934994152,-1.4849398355901327,-0.03982654508717257,-0.4458026994681331,-1.816151706123036,0.02859601883271383,-0.6684728679516087,-2.0063333208048038,0.006423627734374462,-0.05676211625154931,-0.9977916193855401,-0.034495600337247266,0.02941739765038702,-1.6135791522129055,0.020390844077294915,0.046845053890929154,-1.9788710918562928,-0.03113330479960427,0.32078830749173864,-2.012882795994034,-0.020287664179623067,0.31922700380850527,-0.9976226023177002,-0.016019431293423734,0.2987969509416989,-0.6134826628021448,-0.3411548884081578,0.3171905600508465,-0.5196730221102271,-0.49003596870650673,0.32798284757734536,-0.28872558728580744,-0.24239985773716946,0.6170326954933678,-0.8649226076329946,-0.020151040701463535,0.6596674739365527,-0.5365090815758652,-0.3295260774643125,0.6770029915157209,-0.405764703333638,-0.5210652100900808,0.6067948217564896,-0.2346529972247146,-0.10609357111006999
V,0.0,0.0,0.0,-0.33428410384373813,-0.10412450488565846,-0.07449353936475905,-0.6782207519522653,-0.3101327874392512,-0.0429606796281161,-1.009866059097766,-0.43073454307451364,-0.05427584201174744,-1.3423754801223553,-0.6204792314220439,-0.022377068733661822,-0.34455058583984827,-0.932503769914667,-0.04691116754168686,-0.36392882486657424,-1.4593166735477656,-0.0701632317852348,-0.3881600777907117,-1.7435525945466381,-0.10952925661120266,-0.654576090417381,-1.9821512886404655,-0.0473024709562104,-0.045232806092862135,-0.9925129687019852,-0.1134548377608362,0.00807529300845889,-1.6385771571404402,-0.04071541963327059,0.10750554503664086,-2.0428509022704877,-0.10093463622525592,0.376717103025568,-1.9799641801250545,-0.05353010441167238,0.3706476322635966,-0.9548104111256065,-0.007400989898926072,0.3863773891575065,-0.5619291637962663,-0.37886911866492706,0.4116284180380644,-0.32523644820823877,-0.5538055315865554,0.34911230527375453,-0.22729159867014595,-0.2700994849648073,0.7009545194590798,-0.8116003222202186,-0.0624225670388671,0.7312542094983407,-0.39919883045987276,-0.4063207263442589,0.7914888067242538,-0.26023957267103415,-0.585673703540887,0.6338022825971055,-0.0878916423407966,-0.17547457782406778
V,0.0,0.0,0.0,-0.359333068388267,-0.18947285903570404,-0.007822666324002973,-0.7228112438306491,-0.26873317897642246,0.035521091466657655,-1.0398106098309274,-0.5063419921075689,0.04526154745179338,-1.4159809379722956,-0.6615492896056023,0.01703803473570727,-0.3415942252905903,-1.0622783055347018,0.06802024339996,-0.4308395293928892,-1.5710236998816165,0.03252347206422936,-0.4183374917497601,-1.88917463760326,0.08758874045583162,-0.7435761891905474,-2.0997234987332134,0.08601479681756005,-0.03728318507425092,-0.9954832022649998,0.08731069876561927,-0.020397277486381944,-1.6235770081937106,0.04039063263002744,-0.04037450542186593,-2.109665276973037,0.02416920453176335,0.26877060438547196,-2.0718700376059815,0.015041123573619917,0.33010965392645586,-1.0238641947683105,0.0615827973585531,0.28420717772454174,-0.676245416364694,-0.33417599489113997,0.3020978070757937,-0.5349956027688418,-0.4626399722141546,0.31874536322381736,-0.2690055628555398,-0.11323490875900578,0.7706845563013756,-0.8128765529936813,0.004187668272734289,0.7020054176267742,-0.5232952823765348,-0.3387460092314032,0.774980622347164,-0.38414889100340527,-0.5155304983790832,0.6330964008994371,-0.17988763314539102,-0.17998548397644965
V,0.0,0.0,0.0,-0.31867811251102385,-0.17077013369445482,0.03394424726551305,-0.6811128853681037,-0.2882905094136154,-0.02525636478314435,-1.0163196879409289,-0.4897633609570265,0.020271309014177716,-1.2671668571377521,-0.651539024897875,-0.025429888338785712,-0.4005208634447722,-0.9445252781839143,0.003736697169967253,-0.43640516606913565,-1.3992502178166435,0.05498471319753396,-0.5151738605046418,-1.7555090561100404,0.03358356808839832,-0.7046796224653686,-1.912345920507406,-0.0019819089424550967,-0.041293698224384896,-0.9990407571887963,0.01457381084652028,-0.06915442439528278,-1.54952334243093,0.018792065768865145,-0.1183516226359763,-1.9194217624449073,0.004426001666134177,0.2382440708677575,-1.9291724239477912,0.006969339026626418,0.19333599397295675,-0.8695760044812433,-0.03491622684613461,0.28699632653428947,-0.5904652226826095,-0.3194621104124555,0.27533526306231326,-0.43350024307391266,-0.5039377770163146,0.19188292304086946,-0.35219265398178273,-0.09230281950421867,0.5618916014693282,-0.8394610073972313,0.005547323273498379,0.5494699909440972,-0.461267555550345,-0.2925245904368655,0.5947765764242868,-0.30128054900454115,-0.4903741645246721,0.5690419960665177,-0.17228830533280248,-0.15182490076901536
V,0.0,0.0,0.0,-0.3279933936982904,-0.21886654212703463,0.06518741133586567,-0.6921137360594929,-0.40388551390136124,6.612027925636983e-05,-1.0150883238720452,-0.4933800553566735,-0.08707042555093675,-1.3785509268704645,-0.686074999071662,0.006887487967766725,-0.39038372889959866,-1.0471521290426087,0.023540719707109876,-0.3799718764030785,-1.513011436434312,0.006808565774306421,-0.4699163924146448,-1.8758697915651361,0.00978225677764429,-0.7099077372681432,-2.0223994967208188,0.007809997261526328,0.02521862984985327,-0.9996671129949432,-0.005448293755991774,-0.015032239248932348,-1.6327733487755633,0.01362732344487524,0.05936304710853704,-2.0446409148602136,-0.00589622522981185,0.326978404213616,-2.1241921156912857,-0.0018593890242166733,0.3098864357237686,-0.9530564981488382,-0.04841767846342251,0.3456387471519245,-0.6302877789175755,-0.4634678168982206,0.31098602622596044,-0.4299914150609466,-0.5163046274685664,0.3436826185959173,-0.32706336322762697,-0.22555383712405394,0.6368493904868979,-0.8571892742376382,-0.010996999619062137,0.6424250924257149,-0.5506258881308401,-0.3566118136703663,0.7219467841518896,-0.2849177970327212,-0.5067586161192509,0.647154875523649,-0.20269763119032053,-0.18721472587370788
V,0.0,0.0,0.0,-0.2732435791872835,-0.2017985328784186,-0.01149856221432126,-0.5854940904488284,-0.3317260493357452,-0.009721730671860915,-0.9431592889175214,-0.4945576757620233,-0.020241907475617056,-1.236791255035055,-0.6245898295635963,-0.02189833449797367,-0.34408011650686754,-1.0233046327292175,-0.030471522331713956,-0.3889825426354033,-1.4266272571736598,0.040088469875126584,-0.35705228402037,-1.7681021800832286,0.00546301977826032,-0.661014081801845,-1.9221736829685314,-0.009566048860969662,-0.002693421445783594,-0.9999934995243146,0.0023971629127196976,0.021476419785002823,-1.526722583345497,-0.03421073476641031,-0.014807105094015146,-1.913806505336831,-0.018965328091996355,0.3377759766423332,-1.9483671627770813,-0.016396518926633383,0.3576930181718119,-0.9031294392490108,-0.02885141951030505,0.36177528487392124,-0.5595722777590441,-0.31285528223817494,0.3952718494698908,-0.43641545930190573,-0.42153356781333856,0.35679334488612957,-0.255685689672281,-0.16914128820913746,0.6602793035754781,-0.8048520601559745,0.03398650020100371,0.6701269444213641,-0.42562391485166245,-0.3325178962793489,0.6535830374161473,-0.32348281356409536,-0.5078353487941165,0.6627574642398386,-0.20935254956753233,-0.15235961035990755
